Code,Date,Open,High,Low,Close,Volume,25/07/2025,1/08/2025,8/08/2025,15/08/2025,22/08/2025,29/08/2025,5/09/2025,12/09/2025,19/09/2025,26/09/2025,3/10/2025,10/10/2025,17/10/2025,24/10/2025,31/10/2025,7/11/2025,14/11/2025,21/11/2025,28/11/2025,5/12/2025,12/12/2025,19/12/2025,26/12/2025,2/01/2026,9/01/2026,16/01/2026,23/01/2026,30/01/2026,6/02/2026,13/02/2026,20/02/2026,27/02/2026,6/03/2026,13/03/2026,20/03/2026,27/03/2026,3/04/2026,10/04/2026,17/04/2026,24/04/2026,1/05/2026,8/05/2026,15/05/2026,22/05/2026,29/05/2026,5/06/2026,12/06/2026,19/06/2026,26/06/2026,3/07/2026,10/07/2026,17/07/2026,24/07/2026
10X,24/07/2026,0.165,0.19,0.15,0.155,96858,0,0,0,0,0,0,0,0,0,0,0,0,0,0,0,0,0,0,0,0,0.185,0.175,0.17,0.195,0.185,0.185,0.21,0.19,0.19,0.205,0.2,0.21,0.2,0.215,0.185,0.205,0.2,0.18,0.185,0.185,0.175,0.175,0.19,0.2,0.185,0.18,0.175,0.2,0.185,0.185,0.17,0.18,0.155
14D,24/07/2026,0.066,0.067,0.063,0.063,14083028,0.029,0.03,0.027,0.027,0.027,0.028,0.023,0.022,0.082,0.042,0.032,0.051,0.043,0.038,0.031,0.029,0.026,0.024,0.023,0.023,0.024,0.02,0.021,0.031,0.031,0.03,0.027,0.025,0.024,0.024,0.023,0.022,0.02,0.017,0.019,0.023,0.02,0.021,0.02,0.018,0.038,0.042,0.059,0.094,0.12,0.09,0.07,0.13,0.096,0.081,0.082,0.065,0.063
14DO,24/07/2026,0.019,0.019,0.015,0.017,613414,0,0,0,0,0,0,0,0,0,0,0,0,0,0,0,0,0,0,0,0,0,0,0,0,0,0,0,0,0,0,0,0,0,0,0,0,0,0,0,0,0,0,0,0,0,0,0,0,0,0.023,0,0.02,0.017
14DOA,24/07/2026,0.015,0.015,0.013,0.013,9651202,0,0,0,0,0,0,0,0,0,0,0,0,0,0,0,0,0,0,0,0,0,0,0,0,0,0,0,0,0.004,0.004,0.004,0.004,0.004,0.003,0.003,0.004,0,0,0.004,0.004,0.014,0.016,0.021,0.042,0.084,0.057,0.048,0.09,0.065,0.035,0,0.016,0.013
1AD,24/07/2026,0.0035,0.004,0.0035,0.0035,2599481,0.002,0.0025,0.003,0.0025,0.005,0.004,0.003,0.003,0.003,0.002,0.0025,0.0025,0.003,0.005,0.0035,0.003,0.003,0.004,0.0035,0.0035,0.003,0.003,0.003,0.004,0.006,0.006,0.005,0.005,0.0045,0.004,0.003,0.004,0.0045,0.004,0.004,0.004,0.004,0.004,0.004,0.004,0.005,0.005,0.005,0.004,0.0045,0.004,0.0035,0.003,0.003,0.004,0.004,0.004,0.0035
1ADO,24/07/2026,0.001,0.001,0.001,0.001,20696,0.001,0.001,0.001,0.001,0.002,0.002,0.002,0.003,0.002,0.002,0.002,0.002,0.001,0.002,0.002,0.002,0.002,0.002,0.002,0.002,0.002,0.002,0,0.002,0.002,0.0025,0.002,0.002,0.002,0.002,0.002,0.0025,0.002,0.002,0.002,0.003,0,0,0.002,0.002,0.003,0.003,0.003,0.002,0.002,0.002,0.001,0.001,0.001,0.002,0,0.002,0.001
1AE,24/07/2026,0.048,0.048,0.048,0.048,0,0.046,0.077,0.067,0.064,0.065,0.073,0.073,0.071,0.072,0.092,0.11,0.105,0.105,0.098,0.095,0.095,0.1025,0.095,0.096,0.095,0.087,0.083,0.088,0.089,0.115,0.1175,0.145,0.125,0.094,0.097,0.1,0.078,0.069,0.065,0.053,0.054,0.052,0.067,0.077,0.081,0.067,0.072,0.073,0.066,0.054,0.05,0.05,0.064,0.057,0.055,0.052,0.051,0.048
1AI,24/07/2026,0.013,0.013,0.013,0.013,78722,0.006,0.006,0.006,0.008,0.009,0.008,0.009,0.008,0.0075,0.009,0.0095,0.009,0.011,0.01,0.009,0.009,0.009,0.012,0.015,0.017,0.016,0.015,0.014,0.014,0.0145,0.017,0.021,0.021,0.023,0.02,0.018,0.017,0.014,0.015,0.015,0.017,0.016,0.014,0.012,0.011,0.014,0.013,0.013,0.012,0.0115,0.012,0.011,0.0105,0.011,0.0135,0.013,0.013,0.013
1CG,24/07/2026,0.01,0.011,0.01,0.011,460909,0.01,0.01,0.011,0.012,0.01,0.011,0.01,0.011,0.01,0.01,0.01,0.011,0.011,0.011,0.01,0.01,0.0105,0.01,0.011,0.01,0.012,0.011,0.01,0.011,0.01,0.011,0.01,0.01,0.009,0.009,0.009,0.009,0.009,0.009,0.01,0.009,0.008,0,0.01,0.01,0.009,0.009,0.009,0.009,0.01,0.009,0.01,0.009,0.01,0.014,0.011,0.011,0.011
1CGO,24/07/2026,0.001,0.001,0.001,0.001,0,0.001,0.001,0.001,0.001,0.001,0.001,0.001,0.001,0.001,0.001,0.001,0.001,0.001,0.001,0.001,0.001,0.001,0.001,0.001,0.001,0.001,0.001,0,0.001,0.001,0.001,0.001,0.001,0.001,0.001,0.001,0.005,0.005,0.005,0.001,0.001,0,0,0.001,0.001,0.001,0.001,0.001,0.001,0.001,0.001,0.001,0.001,0.001,0.001,0,0.001,0.001
1GOV,24/07/2026,51.24,51.24,51.24,51.24,0,52.03,52,52.1,52.22,52.14,52.18,52.05,52.08,52.18,52.04,51.99,51.95,52.45,52.32,52.03,51.89,51.79,51.83,51.62,51.39,51.3,51.33,51.32,51.33,51.46,51.49,51.28,51.29,51.21,51.28,51.31,51.44,51.09,50.89,50.71,50.61,50.74,50.82,50.87,50.87,50.79,50.92,50.85,51.14,51.31,51.07,51.33,51.36,51.52,51.29,51.34,51.28,51.24
1MC,24/07/2026,0.026,0.027,0.026,0.027,96254,0.014,0.016,0.015,0.016,0.016,0.015,0.015,0.015,0.015,0.024,0.022,0.0245,0.05,0.049,0.041,0.038,0.04,0.034,0.036,0.033,0.035,0.035,0.034,0.049,0.052,0.05,0.051,0.048,0.045,0.041,0.044,0.036,0.031,0.03,0.029,0.029,0.028,0.028,0.028,0.028,0.032,0.032,0.033,0.028,0.027,0.026,0.025,0.025,0.025,0.025,0.025,0.025,0.027
1TT,24/07/2026,0.002,0.002,0.002,0.002,25783561,0,0.006,0.007,0.008,0.005,0.0045,0.004,0.003,0.0035,0.003,0.003,0.003,0.003,0.003,0.003,0.003,0.003,0.003,0.002,0.002,0.002,0.0015,0.001,0.001,0.0015,0.0015,0.0015,0.001,0.001,0.001,0.001,0.001,0.001,0.001,0.001,0.001,0.001,0,0.001,0.001,0.002,0.001,0.001,0.001,0.004,0.004,0.0025,0.003,0.002,0.003,0.002,0.002,0.002
1TTO,24/07/2026,0.001,0.001,0.001,0.001,0,0,0,0,0,0,0,0,0,0,0,0,0,0,0,0,0,0,0,0,0,0,0,0,0,0,0,0,0,0,0,0,0,0,0,0,0,0,0,0,0,0,0,0,0,0,0.002,0.002,0.001,0.001,0.001,0,0.001,0.001
28BB,24/07/2026,24.83,24.83,24.8,24.8,2,25.18,25.26,25.17,25.24,25.22,25.25,25.15,25.22,25.22,25.15,25.13,25.12,25.28,25.22,25.15,25.1,25.05,25.07,25.01,24.9,24.9,24.88,24.9,24.95,24.92,24.92,24.91,24.97,24.88,24.85,24.92,24.92,24.83,24.74,24.67,24.71,24.76,24.69,24.65,24.72,24.7,24.68,24.66,24.67,24.77,24.71,24.83,24.85,24.9,24.85,24.87,24.85,24.8
29BB,24/07/2026,24.64,24.64,24.6,24.6,2,25.23,25.29,25.2,25.3,25.26,25.27,25.15,25.22,25.25,25.165,25.21,25.21,25.28,25.28,25.28,25.13,25.05,25.03,25,25,25,24.8,24.8,24.8,24.8,24.88,24.88,24.85,24.85,24.85,24.82,24.82,24.77,24.57,24.56,24.5,24.54,0,24.54,24.57,24.53,24.53,24.52,24.58,24.58,24.62,24.73,24.74,24.77,24.71,24.67,24.69,24.6
29M,24/07/2026,0.25,0.25,0.24,0.24,3575318,0.345,0.285,0.28,0.275,0.255,0.34,0.405,0.47,0.47,0.52,0.475,0.515,0.41,0.44,0.475,0.415,0.435,0.37,0.39,0.43,0.45,0.5,0.6,0.555,0.62,0.605,0.435,0.475,0.415,0.41,0.405,0.405,0.385,0.375,0.34,0.345,0.355,0.39,0.23,0.22,0.24,0.26,0.275,0.265,0.275,0.26,0.255,0.275,0.255,0.265,0.245,0.22,0.24
30BB,24/07/2026,24.52,24.52,24.47,24.47,2,25.24,25.21,25.34,25.37,25.36,25.39,25.24,25.31,25.37,25.23,25.19,25.19,25.47,25.41,25.25,25.18,25.03,25.11,25.02,24.78,24.72,24.8,24.83,24.69,24.84,24.85,24.75,24.81,24.74,24.75,24.78,24.81,24.6,24.46,24.3,24.28,24.31,0,24.47,24.4,24.33,24.39,24.4,24.48,24.57,24.46,24.55,24.6,24.65,24.64,24.64,24.62,24.47
31BB,24/07/2026,25.24,25.24,25.24,25.24,20,0,0,0,0,0,0,0,0,0,0,0,0,0,0,0,0,0,0,0,0,0,0,0,0,0,0,0,0,0,0,0,0,0,0,0,0,0,0,0,0,0,25.12,25.08,25.21,25.4,25.27,25.32,25.36,25.36,25.39,25.36,25.37,25.24
360,24/07/2026,23.8,23.8,22.85,23.07,1222771,38.2,38.96,37.91,43.34,45.06,46.5,45.69,49.34,51.96,52.67,55.44,54.38,45.54,47.91,49.76,46.64,37.12,36.51,40.43,39.34,34.83,33,33.22,32.46,32.35,29.23,33.79,27.42,24.98,22.02,23.84,24.57,21.87,19.78,18.08,19.29,18.7,19.48,21.35,20.85,20,19.86,18.44,18.31,19.33,22,21.78,23.84,23.53,27.46,25.68,25.61,23.07
3DA,24/07/2026,0.29,0.29,0.265,0.275,369236,0.52,0.47,0.5,0.49,0.38,0.385,0.375,0.375,0.405,0.365,0.355,0.295,0.285,0.255,0.27,0.255,0.26,0.225,0.245,0.235,0.25,0.255,0.255,0.29,0.33,0.315,0.36,0.32,0.305,0.27,0.275,0.25,0.265,0.275,0.265,0.265,0.31,0.32,0.36,0.35,0.355,0.38,0.345,0.35,0.375,0.35,0,0,0.255,0.305,0.315,0.275,0.275
3DP,24/07/2026,0.028,0.028,0.028,0.028,7500,0.058,0.047,0.05,0.048,0.046,0.05,0.049,0.047,0.05,0.047,0.051,0.053,0.047,0.046,0.045,0.043,0.042,0.04,0.042,0.042,0.041,0.04,0.038,0.039,0.043,0.045,0.06,0.051,0.046,0.047,0.047,0.048,0.035,0.038,0.033,0.032,0.032,0.032,0.032,0.03,0.03,0.031,0.031,0.03,0.03,0.031,0.03,0.031,0.028,0.029,0.029,0.028,0.028
3PL,24/07/2026,0.32,0.32,0.32,0.32,3971,0.65,0.635,0.61,0.61,0.605,0.615,0.64,0.645,0.64,0.635,0.605,0.62,0.62,0.61,0.605,0.625,0.625,0.6,0.62,0.62,0.62,0.62,0.6,0.62,0.635,0.625,0.6075,0.61,0.57,0.585,0.52,0.49,0.49,0.355,0.3,0.27,0.285,0.31,0.275,0.275,0.285,0.265,0.225,0.26,0.26,0.2525,0.265,0.3875,0.3,0.315,0.3,0.31,0.32
49M,24/07/2026,0.092,0.092,0.092,0.092,82705,0,0,0,0,0,0,0,0,0,0,0,0,0,0,0,0,0,0,0,0,0,0,0,0,0,0,0,0,0,0,0,0,0,0,0,0,0.18,0.165,0.165,0.165,0.155,0.125,0.13,0.115,0.125,0.15,0.125,0.115,0.095,0.098,0.093,0.085,0.092
4DS,24/07/2026,0.011,0.011,0.011,0.011,0,0.029,0.027,0.026,0.028,0.028,0.028,0.01,0.009,0.009,0.01,0.009,0.0095,0.009,0.012,0.01,0.01,0.01,0.01,0.012,0.012,0.012,0.012,0.012,0.0115,0.0115,0.011,0.01,0.009,0.009,0.009,0.013,0.013,0.011,0.011,0.011,0.011,0.011,0.011,0.01,0.011,0.011,0.011,0.011,0.011,0.011,0.011,0.011,0.011,0.011,0.011,0.011,0.011,0.011
4DX,24/07/2026,3.2,3.26,3.06,3.11,4898873,0.25,0.305,0.425,0.57,0.535,0.57,1.545,1.76,1.665,1.81,2.36,2.22,1.755,1.9,1.74,1.435,1.44,1.425,1.71,1.9,2.22,3.51,3.83,4.54,4.62,5.08,4.05,3.17,3.1,3.52,3.88,4,4.33,4.07,4.3,6.28,5.64,6.8,5.84,4.76,4.02,3.21,4.17,3.62,3.97,3.97,3.68,4.54,4.16,4.25,3.96,3.2,3.11
4DXOB,24/07/2026,2.6,2.63,2.4,2.4,32723,0,0,0,0,0,0,0,0,0.98,1.11,1.64,1.61,1.41,1.45,1.3,1.01,1,1,1.055,1.3,1.55,2.95,0,3.8,3.83,4.2,3.5,2.89,2.6,2.84,3.15,3.1,3.45,3.4,3.34,5.46,0,0,5.28,4.1,3.45,2.46,3.5,2.94,3.33,3.4,3.05,3.61,3.48,3.52,0,2.55,2.4
5GG,24/07/2026,0.014,0.014,0.014,0.014,14388,0.032,0.028,0.028,0.03,0.027,0.029,0.03,0.028,0.029,0.026,0.026,0.029,0.025,0.027,0.027,0.026,0.026,0.024,0.023,0.022,0.022,0.02,0.019,0.0215,0.026,0.026,0.029,0.031,0.027,0.029,0.028,0.029,0.022,0.022,0.021,0.021,0.023,0.023,0.022,0.022,0.022,0.019,0.017,0.017,0.02,0.016,0.016,0.016,0.016,0.016,0.017,0.015,0.014
5GN,24/07/2026,0.055,0.055,0.054,0.054,1615,0.135,0.13,0.13,0.1325,0.13,0.13,0.135,0.15,0.15,0.14,0.1425,0.14,0.14,0.14,0.14,0.14,0.145,0.14,0.14,0.14,0.13,0.135,0.135,0.135,0.135,0.135,0.13,0.13,0.115,0.115,0.105,0.075,0.066,0.066,0.064,0.057,0.052,0.058,0.055,0.06,0.064,0.069,0.073,0.077,0.087,0.097,0.11,0.077,0.053,0.058,0.062,0.057,0.054
5GOV,24/07/2026,51.35,51.35,51.24,51.26,1210,52.89,52.93,53.21,53.42,53.07,53.22,52.96,53.22,53.34,52.98,53.11,52.99,53.93,53.84,53.3,53.11,52.71,52.75,52.4,51.92,51.75,51.79,51.89,51.69,52.08,52.05,51.74,51.8,51.71,52,52.05,52.3,51.57,51.1,50.97,50.62,50.91,51.25,51.15,51.24,51.05,51.29,51.09,51.64,51.96,51.57,51.95,52,52.3,52.07,51.92,51.8,51.26
6KA,24/07/2026,0.67,0.67,0.67,0.67,0,0,0,0,0,0,0,0,0,0,0,0,0,0,0,0,0,0,0,0,0.79,0.92,0.83,0.805,0.86,0.8,0.8,1.05,1.02,0.825,0.795,0.835,0.93,0.79,0.78,0.735,0.78,0.785,0.88,0.78,0.8,0.895,0.76,0.775,0.76,0.74,0.63,0.7,0.795,0.73,0.77,0.76,0.68,0.67
88E,24/07/2026,0.019,0.02,0.019,0.02,841826,0.023,0.024,0.024,0.022,0.0235,0.0235,0.022,0.022,0.022,0.022,0.02,0.02,0.02,0.021,0.0205,0.021,0.021,0.021,0.0205,0.022,0.024,0.023,0.023,0.021,0.0215,0.021,0.021,0.0205,0.021,0.021,0.021,0.02,0.022,0.034,0.033,0.033,0.026,0.024,0.023,0.023,0.024,0.024,0.023,0.024,0.023,0.023,0.023,0.02,0.018,0.021,0.02,0.02,0.02
88EOA,24/07/2026,0.001,0.001,0.001,0.001,0,0.001,0.001,0.001,0.001,0.001,0.001,0.001,0.001,0.001,0.001,0.001,0.001,0.001,0.002,0.001,0.001,0.001,0.002,0.002,0.002,0.001,0.002,0,0.002,0.002,0.002,0.002,0.002,0.002,0.001,0.001,0.001,0.001,0.008,0.021,0.015,0,0,0.01,0.01,0.01,0.01,0.01,0.002,0.002,0.002,0.002,0.002,0.002,0.001,0,0.001,0.001
8CO,24/07/2026,0.039,0.039,0.039,0.039,15000,0.017,0.024,0.024,0.026,0.025,0.026,0.045,0.046,0.046,0.035,0.038,0.038,0.033,0.03,0.028,0.027,0.025,0.026,0.025,0.029,0.027,0.029,0.033,0.037,0.031,0.035,0.034,0.03,0.027,0.027,0.027,0.02,0.023,0.023,0.021,0.021,0.02,0.02,0.025,0.023,0.025,0.02,0.02,0.019,0.02,0.019,0.02,0.023,0.023,0.024,0.04,0.039,0.039
8IH,24/07/2026,0.013,0.013,0.013,0.013,0,0.009,0.011,0.01,0.01,0.01,0.011,0.011,0.011,0.01,0.011,0.014,0.011,0.011,0.011,0.031,0.018,0.018,0.016,0.015,0.019,0.017,0.017,0.017,0.017,0.017,0.015,0.015,0.015,0.016,0.016,0.016,0.015,0.015,0.014,0.014,0.015,0.015,0,0.015,0.015,0.013,0.013,0.014,0.012,0.012,0.012,0.012,0.012,0.012,0.012,0.012,0.013,0.013
A11,24/07/2026,0.295,0.295,0.295,0.295,0,0.16,0.15,0.17,0.175,0.16,0.16,0.195,0.23,0.21,0.23,0.205,0.205,0.195,0.185,0.2,0.165,0.19,0.22,0.235,0.21,0.155,0.155,0.225,0.225,0.215,0.22,0.215,0.23,0.255,0.295,0.375,0.35,0.305,0.29,0.36,0.31,0.28,0.285,0.335,0.3,0.295,0.32,0.315,0.3175,0.32,0.32,0.31,0.31,0.305,0.3,0.2975,0.295,0.295
A1M,24/07/2026,0.65,0.69,0.645,0.68,1597248,0.325,0.31,0.32,0.315,0.32,0.33,0.335,0.335,0.37,0.385,0.415,0.42,0.47,0.445,0.48,0.475,0.475,0.445,0.47,0.535,0.545,0.535,0.56,0.595,0.58,0.585,0.61,0.635,0.55,0.59,0.585,0.69,0.685,0.57,0.465,0.46,0.54,0.565,0.615,0.615,0.605,0.63,0.655,0.62,0.65,0.64,0.62,0.75,0.705,0.765,0.735,0.605,0.68
A1N,24/07/2026,0.26,0.26,0.25,0.25,57815,0.46,0.46,0.465,0.455,0.455,0.46,0.5,0.47,0.475,0.475,0.575,0.515,0.5,0.54,0.555,0.5325,0.475,0.47,0.465,0.45,0.43,0.415,0.38,0.41,0.4,0.39,0.38,0.37,0.375,0.35,0.37,0.35,0.36,0.34,0.33,0.29,0.235,0.19,0.225,0.27,0.275,0.27,0.255,0.24,0.25,0.22,0.22,0.29,0.245,0.245,0.24,0.25,0.25
A200,24/07/2026,146.73,147.11,145.82,146.24,136704,144.33,144.31,146.7,148.98,149.96,150.24,149.14,149.19,147.61,147.69,149.77,149.17,149.85,150.35,148.12,146.48,144.56,140.93,144.1,144.42,145.67,144.35,146.65,145.21,144.97,148.08,147.28,147.52,144.78,148.6,151.54,153.73,148.56,145.04,141.97,143.45,143.27,149.59,149.38,146.73,145.86,146.44,144.57,145.17,146.1,144.54,147.55,148.13,147.02,147.56,146.88,146.63,146.24
A2M,24/07/2026,6.93,6.995,6.86,6.95,1178377,7.92,7.9,7.84,7.98,8.9,9.6,9.19,9.15,8.51,8.37,8.86,9,9.2,9.1,9.53,9.34,9.22,9.36,9.59,9.23,8.81,9.04,9.25,9.18,9.18,9.4,8.18,8.47,8.25,8.52,9.46,9.73,9.96,9.58,9.47,9.44,9.39,9.24,7.47,7.4,7.27,6.54,6.13,5.66,5.37,5.19,6.06,6.71,7.19,7.62,6.92,6.96,6.95
A300,24/07/2026,51.3,51.3,51,51.1,307,0,0,50.83,51.5,52.1,52.1,51.86,51.86,51.39,51.4,52.2,52.01,52.27,52.43,51.77,51.11,50.36,49.17,50.23,50.36,50.7,50.35,51.07,50.77,50.68,51.68,51.6,51.5,50.47,51.89,52.85,53.56,51.92,50.83,49.86,49.9,50.5,52.36,52.28,51.26,51.38,51.29,50.68,51.01,51.25,50.69,51.7,51.9,51.53,51.4,51.21,51.13,51.1
A3D,24/07/2026,0.044,0.044,0.043,0.043,309194,0.041,0.036,0.035,0.038,0.036,0.038,0.039,0.046,0.044,0.044,0.05,0.071,0.062,0.055,0.051,0.047,0.049,0.046,0.04,0.044,0.049,0.047,0.047,0.057,0.053,0.055,0.058,0.049,0.053,0.061,0.058,0.056,0.058,0.058,0.051,0.047,0.054,0.054,0.06,0.06,0.058,0.053,0.052,0.052,0.055,0.056,0.051,0.05,0.047,0.049,0.048,0.047,0.043
A4N,24/07/2026,0.535,0.5425,0.515,0.525,4863714,0.955,0.855,0.885,0.98,0.96,0.965,0.855,0.84,0.895,0.845,0.825,0.8,0.78,0.8,0.79,0.75,0.74,0.72,0.755,0.735,0.71,0.715,0.74,0.77,0.845,0.855,0.905,0.73,0.72,0.66,0.65,0.65,0.58,0.555,0.55,0.54,0.565,0.595,0.67,0.625,0.65,0.68,0.685,0.66,0.715,0.745,0.78,0.86,0.665,0.645,0.61,0.555,0.525
A8G,24/07/2026,0.11,0.11,0.11,0.11,0,0.062,0.072,0.071,0.088,0.088,0.075,0.072,0.074,0.09,0.086,0.095,0.14,0.13,0.125,0.105,0.089,0.09,0.086,0.088,0.08,0.08,0.079,0.08,0.085,0.09,0.092,0.088,0.09,0.09,0.089,0.086,0.085,0.082,0.079,0.079,0.071,0.068,0,0.068,0.077,0.078,0.085,0.078,0.09,0.094,0.1,0.1,0.13,0.095,0.11,0.12,0.115,0.11
AA2,24/07/2026,0.31,0.31,0.31,0.31,0,0,0,0,0,0,0,0,0.28,0.36,0.315,0.315,0.35,0.35,0.32,0.295,0.275,0.28,0.27,0.27,0.295,0.285,0.26,0.29,0.29,0.3,0.285,0.3,0.335,0.35,0.36,0.355,0.37,0.355,0.355,0.34,0.33,0.335,0.365,0.36,0.35,0.355,0.345,0.355,0.355,0.37,0.35,0.335,0.33,0.3,0.3,0.305,0.295,0.31
AAA,24/07/2026,50.21,50.22,50.21,50.22,263594,50.22,50.11,50.13,50.18,50.2,50.24,50.12,50.16,50.19,50.225,50.11,50.13,50.16,50.21,50.24,50.12,50.16,50.18,50.22,50.11,50.13,50.19,50.22,50.1,50.14,50.18,50.2,50.23,50.11,50.16,50.2,50.22,50.12,50.16,50.2,50.24,50.11,50.14,50.18,50.22,50.09,50.13,50.17,50.22,50.25,50.12,50.16,50.19,50.23,50.09,50.12,50.17,50.22
AAC,24/07/2026,1.37,1.39,1.37,1.37,67597,1.4,1.38,1.44,1.43,1.41,1.41,1.45,1.45,1.495,1.49,1.45,1.42,1.41,1.425,1.43,1.395,1.39,1.44,1.44,1.405,1.45,1.45,1.435,1.45,1.415,1.36,1.365,1.36,1.32,1.32,1.335,1.37,1.325,1.32,1.28,1.315,1.32,1.33,1.335,1.31,1.3,1.305,1.315,1.35,1.3,1.32,1.32,1.32,1.31,1.34,1.36,1.345,1.37
AAI,24/07/2026,65.01,65.47,64.03,64.24,167606,48.11,46.66,46.72,48.91,45.81,48.74,47.94,49,49.51,48.46,52.63,55.89,56.25,59.5,56.67,56.44,58.62,54.83,63.04,66.45,70.53,72.8,79,80.36,91.22,95.28,92.85,84.27,80.07,86.58,84.81,88.93,87.42,93.7,83.03,85.95,101.74,103,96.49,91.56,89.62,87.26,89.41,93.31,106.05,109.31,96.83,83.14,76.29,73.09,71,66.98,64.24
AAJ,24/07/2026,0.008,0.009,0.008,0.008,3761701,0.008,0.007,0.007,0.009,0.009,0.008,0.009,0.008,0.009,0.01,0.012,0.013,0.017,0.029,0.02,0.015,0.017,0.018,0.019,0.018,0.016,0.015,0.015,0.016,0.015,0.018,0.026,0.027,0.02,0.017,0.015,0.016,0.014,0.012,0.01,0.012,0.0115,0.013,0.017,0.015,0.013,0.013,0.014,0.013,0.0115,0.0115,0.014,0.011,0.009,0.009,0.009,0.008,0.008
AAJOA,24/07/2026,0.004,0.004,0.004,0.004,1322511,0,0,0,0,0,0,0,0,0,0,0,0,0,0,0,0,0,0,0,0,0,0,0,0,0,0,0,0,0.014,0.007,0.006,0.006,0.005,0.004,0.004,0.006,0,0,0.007,0.008,0.006,0.007,0.007,0.006,0.005,0.006,0.008,0.006,0.006,0.007,0,0.004,0.004
AAL,24/07/2026,0.235,0.245,0.23,0.24,77937,0.4,0.4,0.4,0.445,0.44,0.46,0.495,0.53,0.49,0.485,0.48,0.475,0.44,0.485,0.49,0.475,0.45,0.44,0.425,0.395,0.41,0.415,0.405,0.42,0.445,0.445,0.46,0.485,0.47,0.47,0.475,0.305,0.34,0.335,0.325,0.3,0.285,0.315,0.31,0.34,0.31,0.31,0.3,0.3,0.2975,0.25,0.255,0.29,0.28,0.265,0.27,0.28,0.24
AAM,24/07/2026,0.033,0.033,0.033,0.033,190000,0.034,0.036,0.039,0.037,0.037,0.035,0.031,0.037,0.031,0.032,0.043,0.05,0.06,0.046,0.045,0.036,0.035,0.036,0.035,0.035,0.042,0.035,0.041,0.039,0.039,0.041,0.04,0.039,0.036,0.039,0.042,0.041,0.04,0.038,0.034,0.035,0.039,0.036,0.043,0.04,0.038,0.041,0.041,0.037,0.035,0.031,0.035,0.034,0.032,0.034,0.038,0.035,0.033
AAP,24/07/2026,0.068,0.068,0.068,0.068,0,0.049,0.047,0.047,0.05,0.047,0.047,0.047,0.047,0.047,0.048,0.048,0.052,0.048,0.048,0.053,0.053,0.053,0.052,0.049,0.05,0.05,0.05,0.05,0.05,0.052,0.05,0.05,0.053,0.047,0.047,0.047,0.047,0.049,0.049,0.05,0.051,0.052,0,0.056,0.06,0.06,0.06,0.06,0.061,0.058,0.055,0.059,0.055,0.056,0.074,0.067,0.067,0.068
AAR,24/07/2026,0.135,0.14,0.13,0.14,11823002,0.165,0.155,0.17,0.17,0.165,0.165,0.165,0.19,0.21,0.24,0.245,0.235,0.26,0.225,0.205,0.18,0.21,0.195,0.215,0.22,0.23,0.235,0.265,0.26,0.265,0.245,0.275,0.245,0.265,0.255,0.255,0.28,0.27,0.22,0.175,0.175,0.18,0.2,0.185,0.17,0.165,0.16,0.16,0.135,0.14,0.13,0.125,0.125,0.12,0.12,0.12,0.115,0.14
AASF,24/07/2026,3.81,3.81,3.76,3.77,51920,3.99,3.99,4.05,4.1,4.05,4.06,4.02,3.97,3.97,3.95,4.01,3.93,3.96,4,3.91,3.84,3.78,3.72,3.81,3.79,3.8,3.82,3.84,3.77,3.8,3.86,3.85,3.84,3.74,3.76,3.85,3.9,3.8,3.65,3.59,3.6,3.65,3.81,3.84,3.81,3.8,3.83,3.85,3.87,3.92,3.9,3.98,3.94,3.94,3.83,3.79,3.81,3.77
AAU,24/07/2026,0.006,0.007,0.006,0.007,1068160,0.005,0.005,0.005,0.005,0.006,0.006,0.0065,0.007,0.009,0.0095,0.01,0.011,0.0105,0.01,0.009,0.008,0.009,0.008,0.008,0.01,0.008,0.01,0.01,0.01,0.0085,0.01,0.017,0.016,0.012,0.011,0.012,0.016,0.016,0.014,0.013,0.011,0.013,0.014,0.014,0.0125,0.013,0.011,0.011,0.01,0.012,0.011,0.011,0.006,0.007,0.008,0.0075,0.007,0.007
AAUO,24/07/2026,0.001,0.001,0.001,0.001,0,0.001,0.001,0.001,0.002,0.001,0.001,0.0015,0.0015,0.002,0.002,0.003,0.002,0.003,0.002,0.002,0.002,0.002,0.002,0.002,0.002,0.002,0.002,0,0.002,0.002,0.003,0.006,0.006,0.004,0.003,0.003,0.005,0.005,0.005,0.004,0.003,0,0,0.004,0.003,0.003,0.003,0.002,0.002,0.002,0.002,0.002,0.001,0.001,0.001,0,0.001,0.001
ABB,24/07/2026,4.77,4.77,4.58,4.59,597032,4.26,4.47,4.6,4.48,4.46,5.17,5.1,5.36,5.61,5.7,5.87,5.87,5.86,5.92,5.95,5.53,5.43,4.95,5.32,5.09,5.02,4.79,5.02,5,4.95,4.75,4.69,4.52,4.36,4.9,5.23,5.08,4.97,4.79,4.73,4.74,4.82,5.06,5.34,5.4,5.31,5.26,5.39,5.31,5.37,5.64,5.57,5.2,4.9,4.73,4.69,4.75,4.59
ABE,24/07/2026,0.0115,0.013,0.0115,0.013,105179,0.033,0.033,0.032,0.03,0.03,0.033,0.028,0.036,0.037,0.037,0.035,0.031,0.03,0.026,0.027,0.028,0.028,0.027,0.027,0.027,0.024,0.024,0.024,0.03,0.03,0.026,0.028,0.028,0.032,0.032,0.032,0.033,0.025,0.021,0.02,0.02,0.017,0.015,0.016,0.016,0.012,0.012,0.014,0.014,0.014,0.015,0.011,0.012,0.011,0.013,0.012,0.012,0.013
ABG,24/07/2026,0.925,0.93,0.92,0.925,738081,1.155,1.18,1.215,1.23,1.25,1.225,1.215,1.23,1.235,1.235,1.22,1.19,1.2,1.225,1.2,1.18,1.175,1.165,1.2,1.205,1.195,1.21,1.24,1.2,1.18,1.175,1.17,1.155,1.11,1.125,1.135,1.08,1.02,1.035,1.035,1,0.99,0.96,1,1.035,1.035,1.01,1.035,1.015,1.035,0.965,0.995,1.03,1.035,0.94,0.915,0.92,0.925
ABR,24/07/2026,0.003,0.003,0.003,0.003,96944,0,0,0,0,0,0,0,0,0,0,0,0,0,0,0,0,0,0,0,0.004,0.004,0.004,0.004,0.004,0.004,0.0045,0.006,0.005,0.003,0.004,0.004,0.004,0.004,0.0035,0.003,0.004,0.0035,0.004,0.003,0.004,0.0035,0.0035,0.0035,0.0035,0.003,0.004,0.004,0.003,0.003,0.003,0.003,0.003,0.003
ABRO,24/07/2026,0.001,0.001,0.001,0.001,0,0,0,0,0,0,0,0,0,0,0,0,0,0,0,0,0,0,0,0,0,0,0,0,0,0,0,0,0,0,0,0,0,0,0,0,0,0,0,0,0.001,0.002,0.001,0.0015,0.001,0.001,0.001,0.001,0.001,0.001,0.001,0,0.001,0.001
ABV,24/07/2026,0.1075,0.11,0.1075,0.11,72665,0.08,0.093,0.094,0.095,0.1,0.1,0.12,0.115,0.12,0.12,0.125,0.11,0.11,0.115,0.1075,0.12,0.1125,0.11,0.115,0.11,0.11,0.11,0.105,0.11,0.115,0.14,0.14,0.135,0.135,0.13,0.135,0.13,0.12,0.135,0.125,0.125,0.12,0.125,0.13,0.125,0.14,0.125,0.12,0.1175,0.11,0.115,0.105,0.11,0.11,0.11,0.115,0.105,0.11
ABX,24/07/2026,0.044,0.044,0.044,0.044,0,0.039,0.038,0.043,0.042,0.041,0.043,0.077,0.075,0.07,0.07,0.068,0.066,0.07,0.099,0.115,0.1,0.11,0.098,0.096,0.072,0.07,0.069,0.069,0.073,0.078,0.077,0.09,0.078,0.07,0.068,0.065,0.067,0.068,0.074,0.068,0.069,0.067,0.067,0.068,0.062,0.062,0.061,0.061,0.057,0.058,0.05,0.05,0.05,0.042,0.046,0.043,0.046,0.044
ABXO,24/07/2026,0.003,0.003,0.003,0.003,0,0.003,0.003,0.003,0.003,0.003,0.003,0,0,0,0,0,0,0,0,0,0,0,0,0,0,0,0,0,0,0,0,0,0,0,0,0,0,0,0,0,0,0,0,0,0,0,0.007,0.006,0.006,0.004,0.003,0.002,0.002,0.002,0.002,0,0.002,0.003
ABY,24/07/2026,0.29,0.3,0.275,0.3,25953,0.78,0.8,0.805,0.8,0.9,1.03,1.1,1.11,1.21,1.075,1.07,1.0675,1.065,1.07,1.11,1.2,1.225,1.13,1.275,1.29,1.215,1.15,1.2,1.29,1.23,1.165,1.18,1.1,0.96,0.935,0.9,0.48,0.395,0.4,0.365,0.37,0.35,0.355,0.335,0.415,0.385,0.39,0.375,0.32,0.325,0.28,0.27,0.32,0.295,0.31,0.295,0.2875,0.3
ACDC,24/07/2026,126.23,126.23,123.71,123.71,17775,100.64,97.51,100.3,103.85,104,106.45,107.47,106.2,111.04,116.75,121.79,125.1,127.99,130.29,132.34,131.52,136.23,129.5,135.89,136.49,142.55,137.15,140.75,140.3,145.53,155.42,152.13,146.97,138.58,144.1,146.75,152.24,141.01,142.5,137.89,145,146.24,153.96,164.37,168.76,175.56,179.22,171.67,170.97,178.56,175,163.9,169,156.25,142.08,134.45,123.99,123.71
ACE,24/07/2026,1.105,1.105,1.04,1.055,52992,0.9,0.92,0.92,0.93,0.92,1.04,0.97,0.91,1.1,1.08,1.35,1.82,1.75,1.69,2,1.93,1.83,1.75,1.785,1.6125,1.65,1.61,1.69,1.68,1.65,1.66,1.65,1.61,1.62,1.8,1.8,1.72,1.61,1.585,1.455,1.475,1.5,1.49,1.625,1.6,1.52,1.45,1.41,1.355,1.33,1.19,1.215,1.195,1.16,1.19,1.145,1.11,1.055
ACF,24/07/2026,0.9,0.915,0.885,0.885,935177,1.045,1.005,1.025,1.04,1.055,1.035,1.025,1.03,1.045,1.085,1.12,1.12,1.13,1.14,1.13,1.08,1.055,1.06,1.075,1.05,1.05,1.02,1.035,1.035,1.04,1.07,1.085,1.035,0.99,1.04,1.06,0.96,0.935,0.875,0.855,0.86,0.87,0.95,0.975,0.97,0.87,0.84,0.82,0.8,0.835,0.965,0.92,0.93,0.88,0.885,0.88,0.905,0.885
ACL,24/07/2026,2.21,2.33,2.2,2.31,683825,2.83,2.71,2.81,2.7,2.51,2.85,2.6,2.54,2.59,2.49,2.52,2.48,2.51,2.74,2.6,2.55,2.7,2.71,2.92,2.82,2.82,2.72,2.69,2.73,2.71,2.64,2.65,2.73,2.58,2.42,2.26,2.26,2.2,2.05,1.94,2.02,2.03,2.07,2.09,1.945,1.92,1.92,1.895,1.97,2.03,2.06,2.16,2.19,2.22,2.24,2.22,2.36,2.31
ACM,24/07/2026,0.039,0.039,0.039,0.039,9717,0.062,0.056,0.053,0.047,0.056,0.055,0.056,0.057,0.056,0.065,0.062,0.061,0.077,0.09,0.073,0.077,0.088,0.075,0.08,0.08,0.083,0.084,0.08,0.08,0.085,0.086,0.081,0.089,0.081,0.081,0.085,0.096,0.091,0.083,0.065,0.056,0.062,0.056,0.053,0.047,0.04,0.041,0.055,0.04,0.04,0.038,0.037,0.038,0.033,0.04,0.038,0.037,0.039
ACP,24/07/2026,0.025,0.025,0.025,0.025,0,0.027,0.025,0.025,0.025,0.022,0.022,0.023,0.023,0.023,0.023,0.025,0.026,0.026,0.027,0.027,0.029,0.026,0.027,0.027,0.027,0.023,0.023,0.022,0.025,0.025,0.025,0.023,0.025,0.024,0.025,0.023,0.02,0.02,0.02,0.021,0.022,0.025,0,0.023,0.025,0.025,0.024,0.024,0.025,0.0245,0.0245,0.0245,0.0245,0.025,0.025,0.025,0.028,0.025
ACQ,24/07/2026,0.875,0.875,0.87,0.87,16788,0.82,0.82,0.835,0.84,0.855,0.86,0.89,0.935,0.925,0.92,0.92,0.92,0.975,0.96,0.93,0.925,0.895,0.89,0.9,0.9,0.915,0.905,0.94,0.94,0.97,0.975,1.005,1.03,0.97,0.99,0.985,1,0.975,0.95,0.9,0.895,0.92,0.93,0.925,0.905,0.9,0.895,0.945,0.925,0.935,0.94,0.93,0.91,0.87,0.93,0.905,0.865,0.87
ACR,24/07/2026,0.011,0.012,0.011,0.012,30408,0.018,0.017,0.016,0.014,0.014,0.015,0.014,0.0145,0.015,0.014,0.014,0.014,0.013,0.014,0.014,0.016,0.015,0.016,0.015,0.016,0.016,0.015,0.015,0.015,0.015,0.0145,0.015,0.015,0.015,0.014,0.014,0.013,0.0135,0.012,0.011,0.012,0.011,0.011,0.011,0.011,0.012,0.011,0.011,0.009,0.012,0.012,0.017,0.015,0.014,0.012,0.0115,0.012,0.012
ACRO,24/07/2026,0.001,0.001,0.001,0.001,0,0.001,0.001,0.001,0.001,0.001,0.001,0.001,0.001,0.001,0.001,0.002,0.002,0.002,0.002,0.002,0.002,0.002,0.001,0.001,0.001,0.001,0.001,0,0.001,0.001,0.001,0.001,0.001,0.001,0.001,0.001,0.001,0.001,0.001,0.001,0.001,0,0,0.001,0.001,0.001,0.001,0.001,0.001,0.001,0.001,0.001,0.001,0.001,0.001,0,0.001,0.001
ACS,24/07/2026,0.025,0.025,0.012,0.012,6000,0.008,0.008,0.006,0.006,0.006,0.006,0.006,0.006,0.006,0.006,0.006,0.006,0.006,0.006,0.006,0.006,0.006,0.006,0.006,0.033,0.033,0.044,0.046,0.045,0.045,0.049,0.049,0.049,0.045,0.045,0.045,0.045,0.045,0.042,0.042,0.042,0.05,0,0.055,0.055,0.047,0.05,0.05,0.046,0.05,0.05,0.05,0.039,0.039,0.025,0.025,0.025,0.012
ACU,24/07/2026,0.084,0.086,0.081,0.085,1180070,0.074,0.074,0.071,0.07,0.0725,0.074,0.074,0.074,0.074,0.074,0.076,0.077,0.078,0.08,0.075,0.075,0.076,0.075,0.077,0.077,0.077,0.075,0.075,0.075,0.074,0.072,0.078,0.082,0.085,0.078,0.083,0.079,0.08,0.08,0.08,0.079,0.08,0,0.08,0.081,0.084,0.085,0.0825,0.08,0.078,0.08,0.079,0.083,0.078,0.078,0.078,0.0765,0.085
ACW,24/07/2026,0.044,0.045,0.043,0.043,3431748,0.0255,0.025,0.023,0.026,0.03,0.029,0.028,0.027,0.034,0.032,0.031,0.031,0.03,0.036,0.035,0.041,0.052,0.054,0.06,0.057,0.056,0.06,0.056,0.066,0.059,0.052,0.05,0.045,0.043,0.041,0.042,0.041,0.042,0.037,0.036,0.035,0.037,0.038,0.04,0.044,0.046,0.047,0.041,0.038,0.038,0.036,0.034,0.035,0.032,0.0365,0.044,0.042,0.043
ACWOC,24/07/2026,0.024,0.024,0.024,0.024,0,0.015,0.012,0.011,0.015,0.016,0.017,0.014,0.014,0.019,0.015,0.015,0.015,0.018,0.019,0.019,0.019,0.026,0.028,0.029,0.029,0.028,0.029,0,0.029,0.027,0.027,0.027,0.027,0.021,0.021,0.019,0.019,0.019,0.016,0.015,0.015,0,0,0.019,0.021,0.022,0.023,0.02,0.018,0.019,0.02,0.018,0.023,0.02,0.024,0,0.024,0.024
ACWOD,24/07/2026,0.027,0.027,0.027,0.027,0,0.015,0.015,0.011,0.016,0.016,0.017,0.016,0.016,0.017,0.017,0.017,0.017,0.019,0.016,0.019,0.022,0.028,0.029,0.031,0.028,0.029,0.029,0,0.032,0.027,0.026,0.027,0.027,0.026,0.02,0.019,0.018,0.017,0.016,0.017,0.017,0,0,0.016,0.02,0.024,0.024,0.025,0.021,0.021,0.021,0.021,0.021,0.021,0.023,0,0.02,0.027
AD1,24/07/2026,0.028,0.028,0.026,0.026,56712,0.05,0.049,0.048,0.048,0.046,0.042,0.041,0.035,0.037,0.037,0.037,0.04,0.039,0.039,0.042,0.042,0.042,0.042,0.042,0.043,0.038,0.036,0.035,0.036,0.034,0.034,0.034,0.032,0.029,0.029,0.029,0.03,0.028,0.029,0.028,0.029,0.03,0.035,0.042,0.04,0.04,0.039,0.034,0.029,0.033,0.028,0.028,0.023,0.016,0.013,0.025,0.025,0.026
AD8,24/07/2026,1.9,1.9,1.825,1.825,356958,6.3,6.25,6.52,6.07,4.92,4.72,4.74,4.59,4.48,4.89,5.24,6.89,6.44,5.29,4.93,4.22,4.02,3.78,4.38,4.51,4.5,4.33,4.15,4.11,4.28,4.37,4.6,4.34,4.04,3.68,3.28,3.04,2.85,2.73,2.41,2.55,2.56,2.43,2.77,2.61,2.47,2.37,2.14,2.21,2.16,2.09,1.935,2.23,2.25,2.34,2.33,1.86,1.825
ADC,24/07/2026,0.044,0.044,0.044,0.044,0,0.052,0.057,0.063,0.062,0.061,0.079,0.065,0.066,0.07,0.065,0.062,0.058,0.094,0.099,0.073,0.066,0.065,0.063,0.068,0.06,0.05,0.052,0.052,0.06,0.06,0.063,0.06,0.049,0.051,0.058,0.057,0.052,0.056,0.052,0.049,0.049,0.052,0.055,0.055,0.059,0.058,0.056,0.059,0.051,0.046,0.047,0.045,0.048,0.04,0.044,0.048,0.048,0.044
ADD,24/07/2026,0.038,0.038,0.038,0.038,572010,0.025,0.023,0.023,0.025,0.024,0.028,0.029,0.025,0.029,0.035,0.042,0.044,0.053,0.048,0.05,0.046,0.05,0.05,0.046,0.052,0.048,0.044,0.048,0.047,0.052,0.053,0.055,0.056,0.047,0.05,0.054,0.049,0.049,0.044,0.0395,0.039,0.043,0.055,0.055,0.053,0.046,0.047,0.05,0.048,0.0445,0.043,0.038,0.038,0.032,0.034,0.037,0.04,0.038
ADDO,24/07/2026,0.006,0.006,0.006,0.006,0,0.002,0.002,0.002,0.002,0.002,0.005,0.007,0.007,0.008,0.015,0.015,0.015,0.015,0.013,0.014,0.014,0.014,0.014,0.014,0.014,0.014,0.014,0,0.013,0.014,0.014,0.014,0.015,0.015,0.015,0.014,0.014,0.017,0.013,0.013,0.013,0,0,0.015,0.015,0.015,0.015,0.015,0.015,0.015,0.015,0.015,0.015,0.009,0.007,0,0.006,0.006
ADDOD,24/07/2026,0.015,0.015,0.015,0.015,0,0,0,0,0,0,0,0,0,0,0,0,0.016,0.022,0.02,0.022,0.02,0.021,0.023,0.025,0.023,0.023,0.028,0,0.028,0.03,0.022,0.032,0.032,0.036,0.036,0.032,0.028,0.027,0.027,0.027,0.027,0,0,0.024,0.025,0.025,0.025,0.025,0.025,0.025,0.022,0.02,0.02,0.015,0.015,0,0.015,0.015
ADEF,24/07/2026,6.03,6.03,6.03,6.03,37088,6.14,6.15,6.08,6.14,6.22,6.11,6.17,6.08,6.16,6.22,6.18,6.27,6.31,6.39,6.41,6.3,6.36,6.21,6.37,6.3,6.27,6.28,6.27,6.29,6.26,6.44,6.25,6.09,5.93,5.78,5.83,5.84,5.75,5.49,5.47,5.52,5.63,5.66,5.67,5.75,5.65,5.73,5.64,5.71,5.76,5.82,5.87,6.02,6.09,6.19,6.16,6.12,6.03
ADH,24/07/2026,1.425,1.43,1.39,1.415,138110,2.05,2.08,2.18,2.24,2.27,2.73,2.6,2.55,2.87,2.56,2.6,2.58,2.26,2.09,2.03,1.98,1.87,1.8,1.87,1.81,1.735,1.69,1.78,1.8,1.855,1.88,1.78,1.75,1.78,1.82,1.81,1.89,1.69,1.51,1.265,1.34,1.29,1.3,1.295,1.28,1.3,1.22,1.27,1.255,1.37,1.27,1.275,1.41,1.38,1.505,1.49,1.425,1.415
ADN,24/07/2026,0.007,0.007,0.006,0.007,4180283,0.011,0.0115,0.01,0.011,0.014,0.012,0.012,0.012,0.019,0.02,0.019,0.021,0.018,0.015,0.014,0.013,0.012,0.012,0.014,0.015,0.013,0.013,0.013,0.014,0.014,0.016,0.015,0.015,0.014,0.012,0.012,0.013,0.013,0.013,0.012,0.01,0.009,0.01,0.0095,0.009,0.008,0.009,0.008,0.0085,0.008,0.008,0.008,0.0075,0.006,0.007,0.007,0.007,0.007
ADNO,24/07/2026,0.001,0.001,0.001,0.001,0,0.004,0.003,0.003,0.003,0.003,0.003,0.003,0.003,0.005,0.004,0.003,0.006,0.004,0.003,0.004,0.004,0.004,0.003,0.003,0.004,0.003,0.003,0,0.004,0.004,0.005,0.005,0.005,0.004,0.004,0.003,0.004,0.004,0.004,0.004,0.004,0,0,0.002,0.002,0.002,0.002,0.001,0.001,0.001,0.001,0.001,0.001,0.001,0.001,0,0.001,0.001
ADNOC,24/07/2026,0.003,0.003,0.003,0.003,0,0.006,0.006,0.005,0.005,0.005,0.005,0.005,0.005,0.01,0.008,0.005,0.009,0.008,0.006,0.006,0.006,0.008,0.008,0.008,0.005,0.007,0.007,0,0.008,0.006,0.009,0.008,0.007,0.006,0.005,0.007,0.007,0.005,0.005,0.004,0.004,0,0,0.003,0.003,0.003,0.003,0.003,0.002,0.002,0.003,0.002,0.002,0.002,0.002,0,0.003,0.003
ADNOD,24/07/2026,0.002,0.002,0.002,0.002,0,0,0,0,0,0,0,0,0,0,0,0,0,0,0,0,0,0,0,0,0,0.003,0.002,0,0.003,0.003,0.004,0.003,0.003,0.003,0.003,0.003,0.003,0.004,0.0035,0.004,0.003,0,0,0.003,0.003,0.003,0.003,0.003,0.002,0.003,0.003,0.003,0.002,0.002,0.002,0,0.002,0.002
ADO,24/07/2026,0.021,0.021,0.02,0.02,1633131,0.018,0.018,0.023,0.024,0.0235,0.023,0.023,0.023,0.022,0.022,0.024,0.023,0.023,0.02,0.016,0.0165,0.017,0.018,0.0185,0.017,0.017,0.016,0.017,0.021,0.019,0.019,0.021,0.015,0.013,0.014,0.012,0.012,0.011,0.012,0.011,0.012,0.012,0.012,0.011,0.012,0.011,0.013,0.012,0.018,0.038,0.028,0.024,0.032,0.026,0.031,0.028,0.024,0.02
ADR,24/07/2026,0.11,0.11,0.105,0.105,21913,0.005,0.005,0.005,0.005,0.005,0.005,0.006,0.005,0.0045,0.004,0.005,0.005,0.0045,0.005,0.0045,0.005,0.004,0.004,0.004,0.004,0.004,0.003,0.005,0.005,0.008,0.006,0.0055,0.006,0.004,0.005,0.003,0.0025,0.002,0.0025,0.002,0.002,0.0025,0,0.002,0.002,0.002,0.002,0.002,0.0025,0.002,0.002,0.002,0.002,0.002,0,0.15,0.11,0.105
ADS,24/07/2026,0.001,0.001,0.001,0.001,0,0.001,0.001,0.001,0.001,0.001,0.001,0.001,0.001,0.001,0.001,0.001,0.001,0.001,0.001,0.001,0.001,0.001,0.001,0.001,0.001,0.001,0.001,0.001,0.001,0.001,0.001,0.001,0.002,0.001,0.001,0.001,0.001,0.001,0.001,0.001,0.001,0.001,0,0.001,0.001,0.001,0.001,0.001,0.001,0.001,0.001,0.001,0.001,0.001,0.001,0.001,0.001,0.001
ADX,24/07/2026,0.021,0.022,0.019,0.02,13655357,0.027,0.026,0.031,0.029,0.03,0.028,0.028,0.027,0.028,0.033,0.035,0.035,0.035,0.031,0.03,0.034,0.03,0.0235,0.0235,0.023,0.024,0.022,0.026,0.0255,0.027,0.0275,0.028,0.032,0.028,0.032,0.029,0.031,0.038,0.029,0.026,0.028,0.028,0.026,0.032,0.031,0.03,0.034,0.028,0.027,0.025,0.026,0.025,0.027,0.024,0.025,0.026,0.024,0.02
ADY,24/07/2026,0.006,0.006,0.006,0.006,0,0.006,0.005,0.005,0.007,0.007,0.006,0.006,0.006,0.006,0.006,0.006,0.006,0.006,0.006,0.006,0.006,0.006,0.006,0.006,0.006,0.006,0.006,0.006,0.006,0.006,0.006,0.006,0.006,0.006,0.006,0.006,0.006,0.006,0.006,0.006,0.006,0.006,0,0.006,0.006,0.006,0.006,0.006,0.006,0.006,0.006,0.006,0.006,0.006,0.006,0.006,0.006,0.006
AEBD,24/07/2026,49.74,49.74,49.7,49.72,528,51.59,51.64,51.89,52.05,51.77,51.93,51.72,51.98,51.96,51.61,51.62,51.8,52.39,52.25,51.81,51.6,51.35,51.33,51.13,50.63,50.48,50.52,50.62,50.3,50.66,50.68,50.49,50.53,50.33,50.62,50.7,50.95,50.22,49.81,49.72,49.42,49.47,49.79,49.67,49.77,49.54,49.7,49.59,50.09,50.34,49.95,50.31,50.35,50.72,50.37,50.34,50.15,49.72
AEE,24/07/2026,0.1,0.105,0.1,0.1,1743954,0.17,0.165,0.165,0.155,0.16,0.19,0.21,0.22,0.255,0.27,0.27,0.23,0.23,0.2,0.215,0.19,0.205,0.175,0.17,0.19,0.16,0.16,0.18,0.175,0.185,0.19,0.22,0.24,0.165,0.145,0.15,0.14,0.135,0.125,0.13,0.115,0.125,0.13,0.145,0.145,0.135,0.135,0.13,0.12,0.125,0.12,0.11,0.105,0.1,0.105,0.1,0.105,0.1
AEF,24/07/2026,4.5,4.5,4.24,4.37,143688,7.63,7.72,8.14,7.82,8.15,7.51,7.09,7.15,7.71,7.25,7.48,7.41,7.15,7.06,6.99,6.55,6.15,6.11,5.71,5.17,5.08,5.11,5.12,4.96,5.09,4.9,5.06,4.59,4.6,4.29,4.43,5.2,4.8,4.6,4.14,4.53,4.62,5.18,4.88,4.36,3.91,4.22,4.1,3.9,4.01,4.11,4.14,4.38,4.14,4.39,4.5,4.74,4.37
AEG,24/07/2026,0.082,0.082,0.082,0.082,10955,0,0,0,0,0,0,0,0,0,0,0,0,0,0,0,0,0,0,0,0,0,0,0,0.014,0.02,0.036,0.035,0.035,0.032,0.031,0.032,0.033,0.032,0.033,0.034,0.032,0.034,0.034,0.048,0.047,0.076,0.105,0.11,0.099,0.085,0.084,0.07,0.079,0.07,0.099,0.091,0.083,0.082
AEI,24/07/2026,0.03,0.03,0.03,0.03,0,0.04,0.04,0.039,0.039,0.042,0.045,0.044,0.046,0.046,0.047,0.049,0.055,0.056,0.057,0.058,0.054,0.06,0.06,0.053,0.049,0.055,0.055,0.055,0.056,0.051,0.056,0.053,0.053,0.05,0.05,0.05,0.043,0.036,0.039,0.043,0.045,0.045,0,0.038,0.041,0.04,0.042,0.038,0.039,0.04,0.037,0.037,0.038,0.037,0.032,0.03,0.031,0.03
AEL,24/07/2026,1.625,1.69,1.59,1.68,1386248,0.245,0.25,0.26,0.255,0.25,0.25,0.255,0.265,0.275,0.235,0.235,0.235,0.225,0.235,0.24,0.25,0,2.63,2.8,2.93,2.84,2.8,2.92,2.93,2.94,2.85,3.07,3.13,3.03,2.36,2.29,2.55,2.62,2.57,2.73,1.59,1.795,1.755,1.745,1.71,1.715,1.63,1.68,1.675,1.71,1.545,1.5,1.485,1.32,1.305,1.355,1.51,1.68
AEM,24/07/2026,0.375,0.385,0.36,0.36,74985,0,0,0,0,0,0,0,0,0,0,0,0,0,0,0,0,0,0,0,0,0,0,0.61,0.555,0.525,0.505,0.65,0.59,0.56,0.495,0.47,0.485,0.45,0.42,0.425,0.44,0.52,0.47,0.52,0.475,0.43,0.435,0.41,0.41,0.4,0.39,0.4,0.46,0.43,0.405,0.435,0.395,0.36
AER,24/07/2026,0.055,0.055,0.055,0.055,0,0.086,0.085,0.077,0.078,0.073,0.069,0.063,0.063,0.061,0.061,0.061,0.062,0.062,0.071,0.071,0.071,0.071,0.071,0.071,0.071,0.071,0.071,0.071,0.075,0.074,0.08,0.088,0.096,0.09,0.096,0.1,0.091,0.08,0.078,0.077,0.075,0.075,0,0.075,0.082,0.09,0.09,0.09,0.075,0.075,0.075,0.075,0.067,0.075,0.07,0.051,0.051,0.055
AESG,24/07/2026,96.13,96.17,96.07,96.07,7216,97.56,97.645,98.27,98.15,97.78,98.1,98.54,98.98,98.71,98.53,97.39,97.33,98.29,98.06,97.84,97.79,97.68,97.66,97.78,97.68,97.48,97.59,97.71,97.68,97.78,97.98,97.71,97.94,98.18,98.5,98.98,99.18,98.38,97.6,97.74,96.87,95.82,96.44,96.46,96.5,96.35,96.51,96.03,96.17,96.86,96.73,96.81,97.01,97.52,97.02,96.83,96.7,96.07
AEU,24/07/2026,0.38,0.395,0.375,0.395,173357,0,0,0,0,0,0,0,0,0,0,0,0,0,0,0,0,0,0.014,0.335,0.36,0.315,0.275,0.285,0.385,0.33,0.415,0.63,0.715,0.44,0.475,0.46,0.46,0.49,0.445,0.4,0.375,0.485,0.475,0.465,0.415,0.4,0.395,0.4,0.36,0.41,0.4,0.34,0.49,0.42,0.41,0.4,0.365,0.395
AEV,24/07/2026,0.006,0.006,0.006,0.006,968861,0.008,0.008,0.007,0.008,0.008,0.007,0.0075,0.008,0.0075,0.0065,0.007,0.007,0.008,0.0075,0.008,0.008,0.008,0.007,0.0075,0.007,0.007,0.008,0.008,0.0075,0.007,0.007,0.007,0.008,0.008,0.006,0.007,0.008,0.007,0.008,0.008,0.008,0.0075,0.007,0.009,0.008,0.008,0.008,0.008,0.007,0.007,0.007,0.007,0.007,0.0065,0.006,0.0065,0.007,0.006
AFA,24/07/2026,0.07,0.07,0.07,0.07,0,0.003,0.003,0.004,0.004,0.004,0.004,0.006,0.006,0.007,0.007,0.007,0.007,0.007,0.35,0.35,0.072,0.06,0.049,0.04,0.054,0.048,0.048,0.048,0.06,0.075,0.066,0.065,0.061,0.068,0.068,0.055,0.063,0.058,0.063,0.052,0.051,0.054,0,0.07,0.064,0.056,0.052,0.062,0.063,0.064,0.064,0.06,0.063,0.062,0.065,0.065,0.069,0.07
AFG,24/07/2026,1.545,1.545,1.49,1.52,853394,2.17,2.21,2.29,2.38,2.47,2.8,2.64,2.53,2.78,2.6,2.76,2.53,2.39,2.53,2.38,2.27,2.33,2.25,2.4,2.25,2.25,2.16,2.14,2.14,2.16,2.2,2.07,2.06,1.945,1.985,2.03,1.81,1.86,1.83,1.84,1.83,1.82,1.88,1.875,2.04,2.01,2.03,1.595,1.6,1.55,1.61,1.64,1.73,1.64,1.635,1.66,1.61,1.52
AFI,24/07/2026,6.93,6.94,6.86,6.94,643165,7.49,7.63,7.31,7.44,7.35,7.33,7.25,7.19,7.15,7.18,7.17,7.4,7.43,7.38,7.45,7.39,7.2,7.01,7.11,7.11,7.12,7.06,7.15,7.16,7.15,7.18,7.16,7.13,6.81,6.86,6.92,6.95,6.89,6.79,6.52,6.64,6.56,6.63,6.64,6.62,6.64,6.52,6.57,6.55,6.55,6.41,6.49,6.42,6.89,6.88,6.95,6.93,6.94
AFL,24/07/2026,0.13,0.13,0.125,0.125,205076,0.125,0.115,0.12,0.12,0.11,0.135,0.125,0.125,0.13,0.125,0.13,0.125,0.125,0.12,0.13,0.12,0.15,0.155,0.16,0.175,0.175,0.175,0.18,0.18,0.18,0.18,0.17,0.17,0.155,0.16,0.155,0.18,0.165,0.17,0.175,0.165,0.165,0.165,0.16,0.16,0.16,0.155,0.155,0.145,0.145,0.145,0.14,0.135,0.13,0.13,0.14,0.13,0.125
AFP,24/07/2026,3.42,3.75,3.42,3.75,13245,2.48,2.4,2.4,2.39,2.39,2.2,2.3,2.3,2.32,2.55,2.4,2.48,2.84,2.61,2.61,2.85,2.71,3,3.17,3.19,3.12,3.02,3.06,3,2.98,3,3.2,3.1,3.1,3.19,3.19,3.18,3.1,3,2.8,2.73,2.73,0,3.15,3.15,3.19,3.19,2.73,3.05,3.22,3.25,3.07,3.01,3.01,3.01,3.13,3.29,3.75
AGC,24/07/2026,0.125,0.135,0.12,0.135,138538,0.17,0.155,0.185,0.18,0.195,0.21,0.22,0.19,0.17,0.185,0.19,0.2,0.21,0.2,0.185,0.19,0.195,0.175,0.185,0.215,0.235,0.235,0.23,0.225,0.23,0.235,0.235,0.265,0.23,0.24,0.225,0.245,0.205,0.2,0.175,0.185,0.18,0.185,0.165,0.16,0.17,0.17,0.17,0.165,0.155,0.145,0.115,0.13,0.115,0.12,0.125,0.12,0.135
AGD,24/07/2026,0.115,0.115,0.105,0.105,32007,0.057,0.057,0.045,0.047,0.046,0.04,0.047,0.047,0.041,0.042,0.044,0.048,0.115,0.09,0.087,0.09,0.094,0.1,0.11,0.092,0.11,0.13,0.165,0.17,0.16,0.165,0.195,0.23,0.175,0.21,0.2,0.21,0.19,0.18,0.145,0.115,0.135,0.14,0.155,0.16,0.14,0.15,0.145,0.135,0.12,0.11,0.1125,0.125,0.105,0.12,0.125,0.11,0.105
AGE,24/07/2026,0.053,0.054,0.052,0.052,4203028,0.025,0.022,0.021,0.02,0.022,0.024,0.022,0.023,0.026,0.028,0.031,0.029,0.027,0.024,0.028,0.025,0.024,0.022,0.025,0.028,0.024,0.023,0.024,0.025,0.031,0.037,0.042,0.049,0.037,0.045,0.051,0.046,0.046,0.046,0.038,0.037,0.039,0.042,0.047,0.044,0.043,0.044,0.04,0.038,0.037,0.036,0.037,0.037,0.052,0.052,0.055,0.054,0.052
AGEOD,24/07/2026,0.023,0.023,0.023,0.023,10000,0,0,0,0,0,0,0,0,0.005,0.005,0.006,0.007,0.009,0.006,0.007,0.006,0.006,0.006,0.006,0.006,0.006,0.006,0,0.006,0.009,0.011,0.012,0.02,0.011,0.013,0.016,0.014,0.016,0.016,0.015,0.013,0,0,0.015,0.015,0.015,0.015,0.012,0.011,0.015,0.012,0.012,0.015,0.017,0.023,0,0.023,0.023
AGGG,24/07/2026,99.13,99.13,99.13,99.13,404,0,0,0,0,0,0,0,0,0,0,0,0,0,0,0,99.82,100.24,99.58,100.16,100.16,100.16,99.72,99.72,99.87,99.87,99.98,99.9,100.01,100.01,100.89,101.08,101.05,100.58,99.8,99.81,99.05,98.85,99.3,99.3,99.3,99.3,99.3,99.3,98.82,98.82,98.82,99.47,99.47,99.47,100.52,100.52,99.72,99.13
AGI,24/07/2026,1.39,1.39,1.39,1.39,0,0.985,1,1.015,1.01,1.02,1.015,1.06,1.03,1.015,1.02,1.04,1.07,1.02,1.025,1.02,1.01,1.005,1.005,1.03,1.005,1.005,1.015,1.01,1.01,1.005,1.025,1.02,1.035,1.05,1.05,1.07,1.05,1.05,1.075,1.075,1.19,1.01,1.1,1.01,1.055,1.1,1.1,1.4,1.4,1.4,1.6,1.53,1.515,1.29,1.21,1.5,1.355,1.39
AGL,24/07/2026,8.35,8.39,8.28,8.32,1724512,9.78,9.76,10.11,8.71,8.57,8.23,8.23,8.47,8.73,8.95,9.09,8.9,8.88,9.15,9.26,8.92,9.21,9,9.4,9.39,9.39,9.35,9.31,9.33,9.16,8.66,8.82,9.05,8.95,10.42,10.6,9.89,9.65,8.93,9.23,9.8,9.92,9.67,9.5,9.53,9.69,9.06,9.09,8.97,8.56,8.53,8.69,8.58,8.42,8.32,8.44,8.39,8.32
AGN,24/07/2026,0.155,0.165,0.155,0.155,100832,0.66,0.67,0.695,0.73,0.685,0.645,0.245,0.32,0.31,0.27,0.255,0.25,0.285,0.285,0.275,0.27,0.25,0.225,0.215,0.25,0.28,0.255,0.27,0.305,0.32,0.3,0.265,0.28,0.265,0.26,0.255,0.22,0.22,0.22,0.2,0.17,0.155,0.155,0.185,0.17,0.17,0.175,0.145,0.125,0.12,0.13,0.13,0.11,0.093,0.12,0.125,0.16,0.155
AGR,24/07/2026,0.018,0.018,0.0175,0.018,1398507,0.03,0.026,0.028,0.029,0.028,0.022,0.022,0.027,0.028,0.032,0.027,0.022,0.027,0.025,0.022,0.022,0.02,0.018,0.018,0.022,0.022,0.02,0.023,0.02,0.021,0.02,0.019,0.024,0.017,0.015,0.0145,0.016,0.014,0.022,0.02,0.022,0.025,0.026,0.02,0.02,0.021,0.02,0.025,0.021,0.018,0.0195,0.017,0.022,0.021,0.019,0.019,0.019,0.018
AGRO,24/07/2026,0.007,0.007,0.007,0.007,0,0,0,0,0,0,0,0,0,0,0,0,0,0,0,0,0,0,0.004,0.007,0.008,0.01,0.01,0,0.01,0.01,0.01,0.01,0.011,0.011,0.005,0.005,0.004,0.004,0.008,0.008,0.008,0,0,0.009,0.008,0.008,0.006,0.008,0.006,0.007,0.006,0.006,0.008,0.007,0.007,0,0.007,0.007
AGVT,24/07/2026,40.58,40.61,40.48,40.49,20724,42.17,42.23,42.48,42.61,42.32,42.47,42.23,42.53,42.61,42.19,42.3,42.26,43.04,42.96,42.47,42.3,42.02,42,41.75,41.22,41.15,41.16,41.13,40.95,41.38,41.35,41.11,41.18,41.04,41.32,41.35,41.63,40.93,40.52,40.37,40.13,40.32,40.54,40.52,40.6,40.39,40.54,40.37,40.83,41.1,40.87,41.13,41.19,41.51,41.17,41.17,40.98,40.49
AGX1,24/07/2026,6.085,6.1,6.03,6.03,122972,6.16,6.13,6.16,6.33,6.38,6.29,6.32,6.37,6.48,6.54,6.66,6.67,6.71,6.72,6.8,6.77,6.89,6.71,6.94,6.94,6.96,6.95,6.92,6.92,7.11,7.22,7.17,7.06,6.89,6.94,6.99,7.08,6.87,6.66,6.59,6.71,6.75,6.86,6.93,6.93,6.86,6.95,6.86,6.9,6.93,6.85,6.86,6.86,6.83,6.26,6.17,6.06,6.03
AGY,24/07/2026,0.0425,0.0425,0.04,0.041,1363125,0.033,0.03,0.029,0.041,0.037,0.037,0.035,0.03,0.032,0.034,0.039,0.048,0.055,0.051,0.054,0.044,0.056,0.07,0.082,0.068,0.095,0.11,0.125,0.12,0.125,0.098,0.11,0.078,0.074,0.075,0.073,0.085,0.065,0.065,0.056,0.062,0.062,0.07,0.081,0.079,0.072,0.078,0.072,0.067,0.071,0.06,0.059,0.057,0.046,0.052,0.046,0.042,0.041
AGYO,24/07/2026,0.015,0.015,0.015,0.015,0,0,0,0.007,0.015,0.014,0.015,0.012,0.01,0.009,0.01,0.01,0.018,0.02,0.019,0.019,0.019,0.019,0.033,0.048,0.031,0.055,0.069,0,0.08,0.088,0.055,0.066,0.051,0.051,0.051,0.033,0.039,0.028,0.022,0.019,0.018,0,0,0.03,0.046,0.044,0.037,0.034,0.031,0.045,0.035,0.025,0.024,0.017,0.019,0,0.015,0.015
AHC,24/07/2026,0.235,0.235,0.22,0.225,317185,0.38,0.385,0.375,0.37,0.37,0.345,0.345,0.365,0.365,0.365,0.38,0.41,0.405,0.425,0.435,0.435,0.435,0.395,0.42,0.395,0.39,0.39,0.385,0.405,0.4,0.38,0.365,0.375,0.35,0.315,0.39,0.365,0.34,0.385,0.35,0.3425,0.335,0.345,0.345,0.33,0.335,0.325,0.335,0.335,0.305,0.225,0.225,0.23,0.23,0.25,0.245,0.24,0.225
AHE,24/07/2026,0.018,0.018,0.018,0.018,525000,0,0,0,0,0,0,0,0,0,0,0,0,0,0,0,0,0,0,0,0.022,0.024,0.019,0.019,0.02,0.018,0.023,0.021,0.022,0.02,0.02,0.02,0.02,0.022,0.021,0.02,0.02,0.019,0.018,0.019,0.02,0.02,0.02,0.02,0.02,0.02,0.0195,0.019,0.017,0.014,0.014,0.017,0.017,0.018
AHF,24/07/2026,0.018,0.018,0.017,0.017,1147265,0.042,0.045,0.04,0.044,0.044,0.042,0.042,0.043,0.042,0.041,0.043,0.0405,0.041,0.038,0.039,0.038,0.04,0.036,0.036,0.035,0.036,0.036,0.0355,0.035,0.029,0.025,0.027,0.029,0.026,0.026,0.029,0.027,0.027,0.026,0.028,0.03,0.027,0,0.026,0.025,0.022,0.022,0.021,0.021,0.02,0.019,0.018,0.017,0.019,0.021,0.019,0.0195,0.017
AHK,24/07/2026,0.25,0.255,0.24,0.24,49605,0.185,0.19,0.185,0.18,0.185,0.345,0.345,0.34,0.355,0.33,0.3575,0.375,0.5,0.655,0.65,0.465,0.525,0.595,0.57,0.59,0.565,0.55,0.515,0.53,0.515,0.555,0.505,0.47,0.455,0.47,0.455,0.435,0.41,0.42,0.395,0.41,0.41,0.355,0.355,0.335,0.335,0.34,0.33,0.31,0.315,0.33,0.315,0.305,0.26,0.265,0.275,0.25,0.24
AHL,24/07/2026,1.33,1.33,1.3,1.3,44,0.68,0.685,0.685,0.655,0.795,0.695,0.73,0.79,0.76,0.72,0.77,0.74,0.77,0.78,0.9,0.92,0.885,0.9,1.05,1.04,1,0.99,1.01,1.015,1.04,1.03,1,0.99,0.925,0.925,1.05,1.06,1.07,1.1,1.1,1.1,1.1,1.15,1.255,1.3,1.315,1.23,1.3,1.315,1.325,1.34,1.42,1.42,1.44,1.425,1.305,1.39,1.3
AHN,24/07/2026,0.09,0.09,0.08,0.08,48775,0.008,0.007,0.006,0.006,0.006,0.005,0.006,0.005,0.005,0.007,0.007,0.007,0.008,0.008,0.008,0.008,0.007,0.006,0.007,0.006,0.005,0.006,0.007,0.007,0.006,0.006,0.006,0.006,0.005,0.005,0.0055,0.005,0.005,0.004,0.003,0.005,0.004,0,0.005,0.005,0.005,0.006,0.006,0.005,0.004,0.004,0.004,0.004,0.004,0.004,0.004,0,0.08
AI1,24/07/2026,0.155,0.16,0.14,0.145,3741168,0.075,0.07,0.074,0.078,0.071,0.071,0.071,0.072,0.068,0.063,0.06,0.059,0.064,0.074,0.07,0.069,0.076,0.057,0.062,0.058,0.054,0.058,0.061,0.064,0.065,0.067,0.064,0.053,0.05,0.046,0.05,0.051,0.046,0.038,0.048,0.063,0.057,0.063,0.068,0.2,0.21,0.3,0.22,0.205,0.2,0.175,0.155,0.215,0.17,0.17,0.185,0.16,0.145
AIA,24/07/2026,7.02,7.14,7.02,7.08,360609,7.01,6.89,6.95,7.03,6.9,6.83,6.82,6.91,7.09,6.79,7.02,7.09,7.13,7.22,7.12,7.02,6.78,6.82,7.01,6.97,7.06,7.11,7.18,7.22,7.31,7.17,7.15,7.12,7.14,7.18,7.54,7.68,7.28,6.91,6.71,6.67,6.69,6.85,6.73,6.73,6.83,6.86,6.86,6.67,6.85,6.83,6.81,6.95,6.86,7.09,7.31,7.07,7.08
AIH,24/07/2026,0.68,0.68,0.595,0.63,143432,0,0,0,0,0,0,0,0,0,0,0,0,0,0,0.96,0.9225,0.84,0.95,1.025,0.955,1.02,0.965,1,0.97,0.96,0.99,0.965,0.975,0.985,0.965,0.9375,0.98,0.905,0.85,0.785,0.85,0.84,0.9,0.9,0.875,0.865,0.82,0.78,0.8,0.88,0.785,0.8,0.735,0.65,0.675,0.71,0.625,0.63
AII,24/07/2026,20.7,20.75,19.13,19.5,18059,6.72,5.8,6.02,7.02,6.5,6.71,6.3,6.82,7.53,8.4,9.14,12.13,12.75,11.84,10.36,9.48,10.5,8.73,9.81,10.85,10.05,12.73,13.16,13.24,13.68,13.39,15.28,16.01,17.68,17.6,20.59,25.16,27.43,29.68,24.13,21.15,20.91,24.67,31.3,30.85,29.56,27.27,25.2,26.51,28.75,27.82,23.98,26.1,23.55,22.8,21.21,18.58,19.5
AIM,24/07/2026,0.205,0.205,0.2,0.2,60268,0.64,0.6,0.575,0.56,0.54,0.53,0.575,0.68,0.75,0.845,0.86,0.88,0.87,0.89,0.89,0.87,0.85,0.745,0.85,0.79,0.755,0.73,0.76,0.8,0.78,0.71,0.645,0.61,0.53,0.51,0.57,0.345,0.28,0.24,0.23,0.22,0.21,0.23,0.225,0.245,0.25,0.235,0.215,0.21,0.21,0.215,0.2125,0.23,0.215,0.225,0.215,0.2,0.2
AINF,24/07/2026,17.49,17.49,17.15,17.25,106057,12.96,13.07,13.01,13.07,12.825,13.13,13.07,13.57,13.76,13.93,14.59,15.01,15.18,14.92,15.43,14.62,14.22,13.88,14.45,14.86,15.02,14.49,14.8,14.92,15.12,16.09,15.88,16.51,15.54,16.65,16.89,17.19,16.46,16.11,15.67,15.91,16,17.38,17.7,18.55,18.36,18.32,18.37,17.98,18.68,18.81,18.08,19.38,18.58,18.15,17.7,16.4,17.25
AIQ,24/07/2026,1.405,1.405,1.35,1.35,1009,1.85,1.85,1.62,1.7,1.7,1.6,1.52,1.465,1.49,1.47,1.48,1.515,1.475,1.47,1.48,1.49,1.51,1.475,1.48,1.48,1.47,1.48,1.47,1.485,1.485,1.4825,1.475,1.475,1.4175,1.42,1.47,1.49,1.495,1.4475,1.42,1.4,1.4,0,1.4,1.4,1.385,1.42,1.4,1.4,1.38,1.395,1.385,1.4,1.405,1.41,1.4,1.43,1.35
AIS,24/07/2026,0.385,0.385,0.365,0.38,7423289,0.21,0.19,0.205,0.21,0.195,0.225,0.29,0.34,0.365,0.475,0.48,0.53,0.52,0.58,0.46,0.39,0.45,0.405,0.5,0.515,0.54,0.535,0.545,0.58,0.61,0.63,0.62,0.615,0.495,0.51,0.505,0.525,0.495,0.445,0.43,0.395,0.38,0.39,0.37,0.36,0.395,0.415,0.445,0.415,0.4,0.415,0.375,0.39,0.35,0.38,0.37,0.355,0.38
AIV,24/07/2026,0.025,0.025,0.025,0.025,0,0.0175,0.01,0.014,0.014,0.013,0.02,0.018,0.014,0.017,0.022,0.02,0.02,0.023,0.022,0.021,0.019,0.018,0.02,0.019,0.016,0.018,0.015,0.015,0.024,0.022,0.022,0.022,0.022,0.022,0.022,0.022,0.022,0.02,0.019,0.019,0.018,0.018,0,0.02,0.017,0.02,0.02,0.022,0.02,0.022,0.025,0.023,0.013,0.024,0.024,0.017,0.022,0.025
AIX,24/07/2026,9.6,9.7,9.37,9.37,14874,0,0,0,0,0,0,0,0,0,0,0,0,0,0,0,0,0,0,0,0,0,0,0,0,0,0,0,0,0,0,0,0,0,0,0,0,0,0,0,0,0,0,0,0,0,0,0,0,0,9.73,9.7,9.85,9.37
AIZ,24/07/2026,0.35,0.36,0.35,0.35,49923,0.53,0.525,0.53,0.53,0.535,0.525,0.535,0.525,0.535,0.52,0.52,0.52,0.53,0.53,0.515,0.525,0.54,0.54,0.525,0.51,0.51,0.5,0.505,0.505,0.505,0.5,0.5,0.495,0.4925,0.49,0.485,0.47,0.435,0.37,0.345,0.355,0.36,0.37,0.365,0.365,0.345,0.355,0.33,0.35,0.365,0.35,0.35,0.38,0.355,0.3675,0.355,0.345,0.35
AJL,24/07/2026,0.008,0.0085,0.008,0.0085,69399,0.006,0.006,0.006,0.012,0.011,0.01,0.01,0.01,0.01,0.01,0.011,0.012,0.01,0.008,0.009,0.01,0.009,0.0105,0.01,0.01,0.01,0.009,0.01,0.01,0.01,0.0105,0.011,0.01,0.01,0.01,0.01,0.009,0.01,0.011,0.012,0.011,0.0115,0.011,0.012,0.011,0.01,0.009,0.0085,0.009,0.008,0.008,0.009,0.009,0.008,0.008,0.008,0.008,0.0085
AJX,24/07/2026,0.007,0.007,0.007,0.007,71429,0.006,0.006,0.006,0.006,0.006,0.006,0.006,0.006,0.007,0.007,0.007,0.007,0.007,0.007,0.007,0.007,0.0065,0.0065,0.006,0.006,0.007,0.007,0.006,0.007,0.006,0.007,0.007,0.006,0.007,0.007,0.007,0.008,0.007,0.007,0.007,0.007,0.007,0.007,0.007,0.007,0.0075,0.007,0.007,0.007,0.007,0.007,0.007,0.007,0.006,0.007,0.006,0.006,0.007
AKA,24/07/2026,0.096,0.096,0.092,0.092,18775,0.105,0.095,0.1,0.094,0.085,0.09,0.092,0.092,0.099,0.115,0.105,0.115,0.15,0.13,0.13,0.135,0.175,0.155,0.145,0.17,0.17,0.155,0.16,0.145,0.15,0.135,0.14,0.135,0.115,0.1,0.125,0.135,0.135,0.125,0.11,0.11,0.12,0.12,0.11,0.097,0.1,0.091,0.091,0.077,0.079,0.094,0.086,0.093,0.0775,0.086,0.083,0.091,0.092
AKG,24/07/2026,0.074,0.074,0.074,0.074,0,0.115,0.11,0.11,0.11,0.115,0.11,0.11,0.12,0.12,0.115,0.115,0.12,0.11,0.135,0.125,0.125,0.125,0.12,0.1325,0.135,0.12,0.115,0.11,0.11,0.11,0.11,0.11,0.12,0.14,0.18,0.15,0.12,0.11,0.11,0.105,0.105,0.105,0,0.105,0.105,0.105,0.11,0.11,0.11,0.105,0.105,0.105,0.09,0.074,0.07,0.06,0.074,0.074
AKM,24/07/2026,0.195,0.195,0.195,0.195,3700,0.27,0.22,0.22,0.25,0.24,0.25,0.23,0.275,0.265,0.265,0.25,0.25,0.245,0.26,0.25,0.245,0.24,0.25,0.25,0.25,0.245,0.26,0.255,0.27,0.24,0.26,0.31,0.295,0.27,0.27,0.28,0.265,0.275,0.2525,0.24,0.23,0.235,0.22,0.22,0.235,0.255,0.24,0.245,0.24,0.23,0.225,0.25,0.24,0.215,0.22,0.2175,0.2,0.195
AKN,24/07/2026,0.025,0.025,0.023,0.025,9849450,0.006,0.006,0.006,0.006,0.006,0.005,0.006,0.006,0.006,0.0065,0.007,0.007,0.008,0.008,0.008,0.0055,0.005,0.005,0.005,0.004,0.0045,0.004,0.004,0.0045,0.004,0.005,0.007,0.013,0.012,0.012,0.012,0.012,0.012,0.012,0.014,0.015,0.016,0.018,0.024,0.027,0.024,0.025,0.024,0.019,0.02,0.024,0.022,0.021,0.02,0.023,0.028,0.026,0.025
AKNO,24/07/2026,0.015,0.015,0.0145,0.0145,1699983,0,0,0,0,0,0,0,0,0,0,0,0,0,0,0,0,0,0,0,0,0,0,0,0,0,0,0,0,0,0,0.005,0.006,0.005,0.005,0.007,0.008,0,0,0.014,0.019,0.015,0.016,0.015,0.013,0.013,0.013,0.013,0.015,0.013,0.015,0,0.016,0.0145
AKO,24/07/2026,0.084,0.084,0.084,0.084,3000,0.11,0.11,0.092,0.099,0.087,0.093,0.099,0.095,0.093,0.09,0.082,0.086,0.083,0.083,0.084,0.084,0.08,0.08,0.088,0.081,0.082,0.084,0.084,0.084,0.082,0.088,0.085,0.085,0.089,0.099,0.098,0.09,0.1,0.099,0.096,0.083,0.08,0,0.08,0.081,0.084,0.081,0.075,0.076,0.075,0.075,0.075,0.075,0.078,0.08,0.081,0.084,0.084
AL3,24/07/2026,0.105,0.11,0.1,0.1,1843093,0.275,0.265,0.275,0.315,0.26,0.27,0.235,0.255,0.28,0.275,0.245,0.24,0.245,0.215,0.195,0.175,0.17,0.18,0.17,0.165,0.165,0.165,0.17,0.185,0.195,0.18,0.195,0.19,0.155,0.155,0.16,0.15,0.155,0.15,0.165,0.195,0.215,0.205,0.205,0.205,0.17,0.18,0.175,0.1625,0.155,0.145,0.145,0.15,0.13,0.135,0.14,0.115,0.1
ALA,24/07/2026,0.064,0.064,0.064,0.064,208094,0.11,0.105,0.105,0.091,0.089,0.087,0.079,0.084,0.092,0.092,0.1,0.095,0.092,0.09,0.092,0.088,0.09,0.085,0.085,0.08,0.081,0.076,0.077,0.093,0.09,0.089,0.089,0.086,0.09,0.093,0.09,0.082,0.077,0.074,0.071,0.07,0.069,0.093,0.081,0.077,0.078,0.076,0.075,0.07,0.071,0.069,0.067,0.071,0.066,0.069,0.066,0.065,0.064
ALAO,24/07/2026,0.01,0.01,0.01,0.01,0,0.038,0.038,0.03,0.028,0.027,0.033,0.028,0.028,0.022,0.027,0.032,0.024,0.024,0.022,0.022,0.022,0.02,0.02,0.02,0.02,0.02,0.024,0,0.024,0.024,0.027,0.027,0.028,0.029,0.029,0.025,0.025,0.025,0.023,0.023,0.013,0,0,0.024,0.018,0.016,0.017,0.012,0.013,0.013,0.013,0.013,0.014,0.012,0.01,0,0.01,0.01
ALB,24/07/2026,0.042,0.042,0.041,0.042,189692,0.115,0.099,0.11,0.11,0.1,0.095,0.098,0.076,0.07,0.073,0.072,0.075,0.073,0.08,0.069,0.065,0.062,0.054,0.06,0.056,0.059,0.057,0.059,0.065,0.061,0.062,0.063,0.065,0.061,0.062,0.056,0.05,0.055,0.054,0.05,0.046,0.043,0,0.045,0.054,0.054,0.045,0.045,0.042,0.04,0.047,0.053,0.05,0.04,0.049,0.057,0.051,0.042
ALC,24/07/2026,0.092,0.092,0.085,0.089,1725849,0.12,0.12,0.11,0.11,0.105,0.095,0.091,0.091,0.095,0.097,0.096,0.096,0.095,0.1,0.093,0.089,0.098,0.098,0.105,0.1,0.105,0.1,0.105,0.1,0.115,0.125,0.125,0.115,0.105,0.1,0.105,0.105,0.1,0.105,0.105,0.1,0.1,0.1,0.1,0.11,0.1,0.1,0.099,0.11,0.1075,0.11,0.1,0.098,0.096,0.1,0.098,0.098,0.089
ALD,24/07/2026,39.28,39.43,38.52,38.67,974600,27.52,27.42,27.37,29.15,29.61,29.4,30.62,29.8,29.73,30.52,29.98,30,29.7,31.31,30.7,30.37,30.87,30.66,30.77,32.02,32.65,31.84,32.23,32.12,30.52,29.3,30.3,28.84,28.72,28.91,28.98,28.17,30.96,30.85,33.11,33.79,33.27,33,32.93,34.2,35.82,34.2,35.05,35.44,33.56,36.02,36.45,33.16,32.56,33.88,35.28,37.55,38.67
ALFA,24/07/2026,22.34,22.34,22.25,22.25,3343,20,20.94,21.66,21.51,21.42,23.07,22.57,23.02,22.68,23.12,24.35,24.34,23.84,23.46,22.95,22,21.47,20.75,21.25,20.72,20.98,21.2,21.59,21.43,21.93,22.6,23.04,22.64,21.28,22.48,22.8,24.02,23.14,22.81,22.11,22.78,23.09,23.8,23.73,23.54,23.73,23.68,23.69,23.89,24.35,23.65,23.95,23.6,23.19,22.8,22.44,22.28,22.25
ALI,24/07/2026,2.62,2.63,2.58,2.6,49145,2.32,2.35,2.37,2.4,2.39,2.46,2.43,2.42,2.43,2.43,2.48,2.5,2.5,2.51,2.49,2.48,2.53,2.4,2.42,2.41,2.4,2.42,2.52,2.54,2.49,2.49,2.46,2.42,2.36,2.37,2.48,2.45,2.45,2.42,2.43,2.38,2.4,2.43,2.41,2.36,2.37,2.38,2.51,2.45,2.49,2.41,2.46,2.46,2.57,2.58,2.58,2.58,2.6
ALK,24/07/2026,1.365,1.375,1.33,1.33,4101069,0.71,0.7,0.845,0.88,0.915,1.05,1.12,1.035,1.06,1.12,1.155,1.075,1.12,1.045,1.005,1.01,1.02,0.9,1.015,1.055,1.12,1.215,1.3,1.38,1.525,1.54,1.61,1.635,1.41,1.575,1.685,1.75,1.6,1.55,1.54,1.39,1.49,1.8,1.81,1.6,1.475,1.52,1.515,1.46,1.48,1.445,1.415,1.6,1.45,1.44,1.415,1.305,1.33
ALL,24/07/2026,61.59,61.7,60.36,60.79,1365042,67.19,69.21,70.11,70.68,70.85,72.71,69.69,67.47,68.62,68.7,70.76,68.12,64.72,64.68,63.35,62.62,57.4,58.21,58.34,57.4,56.71,57.54,57.55,57.22,57.22,57.75,57.46,53.56,50.79,48.44,48,48.08,47.12,46.19,45.27,46.01,46.15,47.47,49.08,47.9,47.75,46.83,51.53,50.42,50.1,51.31,53.91,54.95,58.69,61.4,61.74,61.57,60.79
ALM,24/07/2026,0.011,0.012,0.011,0.011,3138166,0.0055,0.005,0.006,0.006,0.006,0.007,0.005,0.006,0.0045,0.005,0.006,0.006,0.01,0.009,0.008,0.006,0.007,0.006,0.006,0.008,0.007,0.007,0.006,0.007,0.009,0.012,0.013,0.011,0.016,0.016,0.018,0.016,0.016,0.014,0.012,0.012,0.014,0.014,0.014,0.012,0.012,0.014,0.016,0.015,0.015,0.015,0.015,0.014,0.012,0.013,0.012,0.011,0.011
ALPH,24/07/2026,11.18,11.18,11.18,11.18,687,10.81,10.96,10.72,11.09,11.06,10.99,11.13,11.06,11.21,11.17,11.25,11.29,11.34,11.44,11.5,11.37,11.39,11.2,11.53,11.48,11.4,11.23,11.36,11.35,11.34,11.42,11.22,11.04,10.92,10.81,11.02,10.86,10.72,10.4,10.38,10.28,10.27,10.65,10.81,10.84,10.9,10.83,10.8,10.97,11.03,11,11.04,11.25,11.31,11.35,11.41,11.35,11.18
ALQ,24/07/2026,21.98,22.03,20.46,20.46,2632177,18.07,18.06,18.49,18.68,18.96,18.59,18.81,19.17,19.94,19.78,21.21,21.8,22.18,21.96,21.72,21.77,21.02,21.35,22.33,22.15,21.79,22.12,22.21,22.06,22.73,23.86,24.08,24.64,22.95,24.02,24.57,25.62,24,21.63,19.86,20,20.95,22.63,22.14,21.36,21.36,22.33,22.2,24.05,23.59,23.69,22.54,22.6,22.67,23.42,22.54,21.96,20.46
ALR,24/07/2026,0.032,0.033,0.03,0.032,8026049,0.004,0.005,0.009,0.012,0.009,0.013,0.017,0.015,0.015,0.016,0.015,0.017,0.02,0.019,0.017,0.019,0.023,0.02,0.02,0.026,0.025,0.025,0.026,0.024,0.025,0.023,0.025,0.024,0.025,0.025,0.023,0.025,0.024,0.024,0.02,0.022,0.025,0.03,0.041,0.041,0.045,0.043,0.039,0.04,0.04,0.034,0.033,0.029,0.028,0.033,0.03,0.03,0.032
ALTB,24/07/2026,92.73,92.78,92.48,92.53,6916,97.73,98.62,99.4,99.48,98.11,98.58,98.18,99.83,99.96,98.56,99.55,98.48,101.45,101.38,99.67,99.28,98.7,98.17,97.6,95.82,95.85,95.35,95.94,95.44,96.33,96.1,94.9,95.22,94.85,96.33,96.58,97.72,95.59,94.69,94.08,93.05,93.93,94.51,94,94.26,94.06,94.03,93.19,94.53,95.97,94.76,95.97,96.33,97.15,95.17,94.67,94.17,92.53
ALV,24/07/2026,0.019,0.019,0.017,0.017,1583564,0.027,0.023,0.027,0.026,0.028,0.03,0.026,0.026,0.027,0.025,0.029,0.029,0.029,0.028,0.028,0.026,0.023,0.047,0.049,0.052,0.085,0.09,0.07,0.076,0.078,0.062,0.064,0.052,0.042,0.042,0.038,0.036,0.032,0.035,0.028,0.025,0.024,0.026,0.024,0.025,0.044,0.042,0.04,0.039,0.038,0.039,0.028,0.03,0.025,0.026,0.027,0.023,0.017
ALX,24/07/2026,5.05,5.08,5.03,5.04,1846100,5.17,5.2,5.32,5.27,5.46,5.33,5.22,5.27,5.24,4.92,4.87,4.8,4.88,5.02,4.86,4.88,5,4.98,4.98,4.87,4.82,4.82,4.96,4.87,4.86,4.89,4.83,4.97,4.58,4.6,4.78,4.8,4.72,4.51,4.54,4.39,4.24,4.33,4.27,4.33,4.8,4.78,4.8,4.86,4.93,5.07,5.08,5.1,5.08,5.1,5.03,5.09,5.04
ALY,24/07/2026,0.007,0.007,0.007,0.007,0,0.005,0.006,0.005,0.0055,0.006,0.006,0.008,0.007,0.008,0.007,0.011,0.01,0.011,0.01,0.009,0.008,0.008,0.008,0.009,0.009,0.012,0.011,0.011,0.011,0.0095,0.01,0.0105,0.0105,0.012,0.011,0.011,0.0105,0.01,0.01,0.009,0.009,0.008,0.008,0.008,0.008,0.009,0.008,0.008,0.0085,0.008,0.008,0.007,0.007,0.006,0.007,0.008,0.008,0.007
AM3,24/07/2026,0.004,0.004,0.004,0.004,0,0,0,0,0,0,0,0,0,0,0,0,0,0,0,0,0,0,0,0,0,0,0,0,0,0,0,0,0,0,0,0,0,0,0,0,0,0,0,0,0,0,0,0.005,0.005,0.005,0.0045,0.004,0.005,0.005,0.004,0.004,0.004,0.004
AM3OA,24/07/2026,0.002,0.002,0.002,0.002,0,0,0,0,0,0,0,0,0,0,0,0,0,0,0,0,0,0,0,0,0,0,0,0,0,0,0,0,0,0,0,0,0,0,0,0,0,0,0,0,0,0,0,0.002,0.002,0.002,0.002,0.001,0.001,0.002,0.002,0,0.002,0.002
AM5,24/07/2026,0.007,0.007,0.007,0.007,0,0.006,0.006,0.006,0.006,0.007,0.008,0.008,0.007,0.0075,0.008,0.0085,0.011,0.012,0.012,0.01,0.01,0.009,0.009,0.009,0.009,0.007,0.007,0.0075,0.008,0.01,0.01,0.011,0.01,0.01,0.01,0.01,0.009,0.009,0.009,0.007,0.007,0.007,0,0.007,0.007,0.007,0.008,0.007,0.007,0.008,0.007,0.007,0.007,0.007,0.007,0.006,0.006,0.007
AM7,24/07/2026,0.036,0.036,0.036,0.036,0,0.025,0.028,0.028,0.03,0.031,0.03,0.03,0.03,0.03,0.03,0.029,0.045,0.045,0.048,0.048,0.042,0.042,0.042,0.04,0.036,0.036,0.034,0.036,0.036,0.034,0.036,0.036,0.036,0.036,0.0355,0.03,0.03,0.027,0.028,0.03,0.03,0.04,0.04,0.04,0.037,0.051,0.043,0.05,0.057,0.05,0.05,0.05,0.041,0.04,0.038,0.035,0.04,0.036
AMA,24/07/2026,0.445,0.445,0.43,0.43,151642,0.089,0.091,0.092,0.089,0.094,0.1,0.105,0.091,0.092,0.093,0.095,0.098,0.096,0.092,0.092,0,0.845,0.825,0.88,0.86,0.8,0.79,0.79,0.8,0.8,0.74,0.78,0.75,0.725,0.735,0.725,0.675,0.615,0.665,0.59,0.535,0.48,0.495,0.505,0.58,0.56,0.6,0.535,0.495,0.52,0.46,0.46,0.475,0.475,0.47,0.455,0.445,0.43
AMC,24/07/2026,60.58,61.32,60.52,61.15,292252,14.86,14.64,14.74,13.6,13.33,13.14,12.55,12.53,12.62,12.14,12.43,12.48,12.57,12.62,12.09,12.78,13.18,13.01,13.09,12.6,12.5,12.73,12.42,12.53,12.86,0,62.74,62.49,68.82,70.06,70.8,67.84,61.83,56.96,54.13,58.06,58.53,58.28,56.04,54.91,53.47,54.86,53.55,53.68,54.94,52.87,56.87,58.69,61.67,64.55,61.83,63.77,61.15
AMD,24/07/2026,0.006,0.008,0.0055,0.007,20918851,0.02,0.02,0.02,0.02,0.02,0.02,0.02,0.02,0.02,0.02,0.02,0.02,0.02,0.02,0.02,0.02,0.02,0.02,0.02,0.02,0.02,0.02,0.02,0.02,0.02,0.02,0.02,0.02,0.02,0.02,0.02,0.02,0.02,0.02,0.02,0.02,0.02,0,0.02,0.02,0.02,0.008,0.007,0.007,0.006,0.005,0.004,0.004,0.003,0.003,0.0035,0.005,0.007
AMH,24/07/2026,0.94,0.945,0.935,0.94,227832,1.12,1.13,1.11,1.12,1.05,1.065,1.06,1.075,1.09,1.08,1.07,1.075,1.085,1.085,1.075,1.055,1.055,1.035,1.045,1.04,1.035,0.99,1.01,1.01,1.01,1.01,1,1.01,0.985,0.965,0.95,0.925,0.96,0.93,0.91,0.92,0.92,0.97,0.925,0.93,0.925,0.9,0.885,0.89,0.9,0.89,0.9,0.88,0.87,0.9,0.92,0.93,0.94
AMI,24/07/2026,0.325,0.325,0.31,0.315,4871992,0.19,0.18,0.195,0.19,0.17,0.215,0.22,0.225,0.22,0.24,0.26,0.26,0.27,0.24,0.245,0.225,0.23,0.21,0.235,0.235,0.26,0.245,0.255,0.255,0.275,0.285,0.34,0.31,0.295,0.3,0.29,0.305,0.3,0.275,0.235,0.235,0.26,0.27,0.265,0.255,0.29,0.315,0.325,0.295,0.3,0.305,0.29,0.305,0.275,0.295,0.28,0.265,0.315
AMN,24/07/2026,0.0535,0.055,0.0535,0.055,57396,0.095,0.095,0.105,0.098,0.093,0.094,0.095,0.087,0.088,0.087,0.091,0.096,0.1,0.081,0.074,0.07,0.071,0.074,0.069,0.064,0.062,0.064,0.065,0.066,0.064,0.07,0.07,0.07,0.07,0.071,0.076,0.073,0.073,0.073,0.07,0.08,0.075,0.076,0.074,0.085,0.082,0.077,0.083,0.07,0.065,0.0575,0.059,0.058,0.05,0.056,0.056,0.05,0.055
AMO,24/07/2026,0.087,0.087,0.087,0.087,11191,0.19,0.18,0.18,0.185,0.19,0.2,0.2,0.18,0.19,0.185,0.18,0.175,0.18,0.18,0.175,0.17,0.165,0.165,0.15,0.15,0.15,0.155,0.15,0.15,0.15,0.16,0.14,0.14,0.15,0.15,0.14,0.115,0.14,0.14,0.13,0.135,0.125,0,0.12,0.115,0.12,0.11,0.105,0.105,0.1,0.105,0.1,0.09,0.094,0.09,0.089,0.085,0.087
AMP,24/07/2026,2.1,2.16,2.09,2.11,13700071,1.59,1.63,1.875,1.825,1.735,1.71,1.685,1.69,1.705,1.655,1.69,1.675,1.79,1.79,1.785,1.705,1.65,1.635,1.735,1.78,1.845,1.84,1.82,1.83,1.78,1.82,1.73,1.695,1.65,1.395,1.36,1.3,1.235,1.17,1.23,1.25,1.285,1.365,1.425,1.44,1.465,1.52,1.565,1.6,1.595,1.52,1.515,1.56,1.55,1.715,1.665,2.02,2.11
AMS,24/07/2026,0.009,0.009,0.009,0.009,111499,0.006,0.005,0.005,0.005,0.005,0.005,0.012,0.011,0.013,0.013,0.014,0.015,0.015,0.015,0.022,0.03,0.036,0.029,0.031,0.03,0.03,0.027,0.026,0.028,0.028,0.027,0.028,0.029,0.025,0.026,0.028,0.028,0.026,0.02,0.015,0.015,0.015,0.024,0.027,0.024,0.022,0.021,0.021,0.017,0.017,0.013,0.013,0.012,0.01,0.013,0.01,0.008,0.009
AMU,24/07/2026,0.071,0.074,0.07,0.072,98800,0,0,0,0,0,0.13,0.125,0.135,0.19,0.255,0.225,0.2,0.21,0.18,0.19,0.165,0.17,0.155,0.15,0.155,0.125,0.14,0.165,0.14,0.15,0.17,0.19,0.2,0.165,0.175,0.17,0.16,0.14,0.12,0.115,0.105,0.145,0.13,0.13,0.13,0.1,0.095,0.094,0.093,0.094,0.09,0.084,0.085,0.07,0.077,0.075,0.073,0.072
AMUOC,24/07/2026,0.005,0.005,0.005,0.005,0,0,0,0,0,0,0,0.03,0.03,0.045,0.044,0.042,0.048,0.043,0.043,0.031,0.031,0.031,0.029,0.029,0.026,0.026,0.022,0,0.022,0.026,0.025,0.029,0.041,0.028,0.039,0.034,0.034,0.025,0.02,0.02,0.025,0,0,0.025,0.025,0.025,0.025,0.025,0.025,0.015,0.01,0.007,0.007,0.005,0.005,0,0.005,0.005
AMX,24/07/2026,0.27,0.27,0.27,0.27,0,0.23,0.21,0.22,0.205,0.205,0.195,0.1775,0.205,0.2,0.2,0.205,0.2,0.3,0.265,0.27,0.28,0.3,0.275,0.27,0.26,0.25,0.255,0.25,0.285,0.275,0.26,0.26,0.275,0.28,0.26,0.26,0.33,0.32,0.26,0.23,0.22,0.245,0.25,0.235,0.24,0.235,0.245,0.275,0.265,0.27,0.2675,0.255,0.26,0.26,0.28,0.285,0.25,0.27
AN1,24/07/2026,0.006,0.006,0.006,0.006,366666,0.005,0.005,0.007,0.006,0.006,0.005,0.005,0.004,0.005,0.004,0.005,0.005,0.005,0.005,0.005,0.006,0.006,0.005,0.005,0.005,0.005,0.005,0.005,0.005,0.006,0.006,0.006,0.006,0.006,0.006,0.006,0.007,0.007,0.007,0.006,0.005,0.005,0,0.006,0.006,0.006,0.006,0.008,0.007,0.007,0.006,0.006,0.007,0.007,0.007,0.007,0.006,0.006
AN3PI,24/07/2026,102.78,103.04,102.74,102.75,13464,103.15,103.4,103.55,103.53,104.25,104.1,104.15,102.9,102.503,103.46,103.459,102.75,103,103.12,103.5,103.401,103.9,103.71,103.469,104.06,102.97,102.86,103.04,103.49,103.1,102.9,102.97,102.95,103.82,103.9,103.35,103.5,102.4,102.47,102.55,102.15,102.5,102.3,102.29,103,102.59,102.75,102.86,103.45,103.53,103.88,101.9,102.78,102.75,102.85,102.7,103,102.75
AN3PJ,24/07/2026,103,103.25,102.94,102.97,13317,102.2,102.64,103.785,103.17,103.68,103.72,103.65,103,103.28,103.2,102.85,102.65,102.55,103.13,103.87,103.3,103.06,103.38,103.01,103.2,102.57,102.85,103.07,103.45,103.17,102.95,103.27,102.85,103.6,103.9,103.34,103.627,103.17,102.23,102.4,102.01,101.73,102.25,102.15,102.14,102.37,102.44,102.92,103.25,103.19,103.69,101.95,102.8,103.2,103.13,102.835,103.65,102.97
AN3PK,24/07/2026,104,104.05,103.92,104.05,9907,102.95,103.18,104.34,103.94,103.701,103.82,104.25,103.45,103.35,103.62,104,103.75,103.6,104,103.8,103.9,103.88,103.6,103.84,103.62,103.18,103.69,103.81,104.05,103.65,103.93,103.42,103.57,104.5,104.5,104.2,104.6,103.21,103.01,103.15,102.71,102.56,102.58,102.7,102.68,102.89,102.8,103.63,103.98,104.38,103.95,102.48,103.88,104.13,104.15,104.29,103.97,104.05
AN3PL,24/07/2026,105.5,105.566,105.18,105.566,13371,103.86,104.82,104.9,105.02,105.4,105.34,105.71,104.75,104.3,104.12,104.82,104.8,104.77,105.39,105.2,105.1,105.1,105.1,104.52,105.09,103.67,104.83,104.74,104.9,105.05,105,104.98,104.92,105.85,105.89,105.71,105.67,104.15,104.44,104.34,103.94,104.4,103.75,104.37,104.3,104.6,104.73,104.59,105.3,105.41,105.41,104.38,105.39,105.6,105.6,105.25,105.6,105.566
ANG,24/07/2026,0.15,0.15,0.14,0.14,656236,0.37,0.355,0.305,0.325,0.315,0.31,0.295,0.29,0.29,0.325,0.33,0.325,0.295,0.295,0.265,0.195,0.215,0.2,0.205,0.205,0.195,0.2,0.215,0.27,0.255,0.25,0.26,0.255,0.255,0.26,0.26,0.2,0.2,0.195,0.19,0.18,0.165,0.165,0.195,0.195,0.185,0.1875,0.185,0.1775,0.17,0.175,0.165,0.14,0.145,0.14,0.15,0.1475,0.14
ANN,24/07/2026,32,32.07,31.76,31.82,263881,30.93,30.01,31.24,31.83,31.3,33.94,34.57,33.83,33.94,31.73,32.53,32.93,33.66,33.79,36.51,36.15,36.56,35.84,37.49,36.01,35.88,35.48,35.39,35.2,33.49,34.03,33.82,32.64,31.57,31.28,33.29,32.46,30.49,29.75,28.08,28.67,28.51,29.81,27.13,26.76,26.31,26.42,25.75,26.25,27.85,27.71,29.27,29.99,31.47,32.46,31.27,31.67,31.82
ANO,24/07/2026,0.82,0.82,0.82,0.82,0,0.92,0.94,1.095,1.12,1.25,1.11,1.1,1.1,1.02,1,0.895,0.95,0.95,1.2,1.235,1.25,1.195,1.195,1.195,1.195,0.995,1,0.92,0.95,0.915,0.915,0.915,0.915,0.975,0.975,0.975,0.975,0.975,0.94,0.94,0.95,0.95,0,0.92,0.92,0.83,0.75,0.75,0.8,0.8,0.8,0.8,0.8,0.8,0.825,0.825,0.825,0.82
ANR,24/07/2026,0.011,0.011,0.011,0.011,0,0.008,0.007,0.007,0.0075,0.008,0.009,0.011,0.014,0.016,0.016,0.015,0.015,0.016,0.014,0.013,0.013,0.013,0.012,0.012,0.013,0.012,0.014,0.012,0.014,0.013,0.014,0.014,0.012,0.01,0.011,0.01,0.011,0.011,0.01,0.009,0.009,0.009,0.01,0.01,0.01,0.009,0.009,0.009,0.009,0.01,0.009,0.009,0.011,0.01,0.01,0.01,0.01,0.011
ANX,24/07/2026,0.032,0.032,0.031,0.031,1377373,0.007,0.007,0.007,0.006,0.0065,0.007,0.007,0.008,0.0065,0.008,0.009,0.011,0.011,0.012,0.01,0.009,0.009,0.01,0.0085,0.008,0.01,0.013,0.018,0.019,0.018,0.017,0.022,0.023,0.023,0.023,0.026,0.03,0.023,0.023,0.025,0.025,0.027,0.035,0.037,0.035,0.035,0.03,0.033,0.033,0.037,0.037,0.033,0.031,0.028,0.028,0.031,0.027,0.031
ANXO,24/07/2026,0.01,0.01,0.01,0.01,770000,0.001,0.001,0.001,0.001,0.001,0.001,0.001,0.001,0.001,0.002,0.002,0.003,0.003,0.004,0.002,0.002,0.002,0.002,0.001,0.001,0.002,0.003,0,0.004,0.005,0.003,0.005,0.006,0.006,0.006,0.007,0.008,0.007,0.006,0.007,0.009,0,0,0.01,0.01,0.01,0.008,0.014,0.01,0.013,0.014,0.01,0.009,0.009,0.009,0,0.011,0.01
ANZ,24/07/2026,35.9,36.47,35.81,36.47,4049105,30.22,30.87,30.88,33.08,33.87,33.67,33.29,33.19,33.05,32.83,34.2,34.86,36.61,36.64,36.65,36.8,35.99,34.9,34.64,35.33,35.81,36.03,36.3,36.42,35.45,37.52,36.21,36.7,37.01,40.89,40.7,40.04,37.64,37.2,36.6,36.49,36.63,38.84,37.92,36.23,35.61,36.79,35.21,35.5,35.2,34.12,34.17,35.03,35.04,35.26,36.05,36.06,36.47
AOA,24/07/2026,0.0015,0.0015,0.0015,0.0015,0,0.002,0.002,0.002,0.002,0.003,0.003,0.003,0.003,0.003,0.003,0.003,0.003,0.003,0.003,0.003,0.003,0.003,0.003,0.003,0.0025,0.003,0.003,0.003,0.0025,0.002,0.002,0.002,0.002,0.002,0.002,0.002,0.002,0.0025,0.002,0.002,0.002,0.002,0.0015,0.002,0.0015,0.0015,0.0015,0.0015,0.0015,0.0015,0.0015,0.002,0.0015,0.001,0.001,0.001,0.001,0.0015
AOK,24/07/2026,0.0025,0.0025,0.0025,0.0025,600000,0.003,0.003,0.003,0.002,0.0025,0.0025,0.002,0.002,0.002,0.0025,0.003,0.003,0.0025,0.0025,0.002,0.002,0.002,0.0025,0.002,0.002,0.002,0.002,0.002,0.002,0.0025,0.002,0.002,0.002,0.002,0.002,0.002,0.002,0.003,0.004,0.003,0.004,0.0035,0.004,0.0035,0.003,0.003,0.0025,0.003,0.003,0.003,0.003,0.003,0.003,0.002,0.002,0.002,0.002,0.0025
AON,24/07/2026,0.054,0.054,0.054,0.054,0,0.008,0.009,0.008,0.006,0.006,0.006,0.007,0.006,0.006,0.007,0.008,0.009,0.013,0.012,0.01,0.008,0.009,0.008,0.009,0.009,0.008,0.007,0.008,0.007,0.009,0.009,0.01,0.041,0.042,0.056,0.054,0.078,0.075,0.074,0.065,0.071,0.067,0.07,0.073,0.066,0.074,0.069,0.0685,0.066,0.065,0.063,0.06,0.058,0.052,0.058,0.053,0.047,0.054
AOV,24/07/2026,6.7,6.74,6.63,6.71,195821,8.7,8.74,9.04,9.33,9.59,9.78,9.8,8.89,8.86,8.65,8.88,8.77,8.79,8.93,8.93,8.82,8.64,8.49,8.98,8.78,8.88,8.84,8.76,8.95,8.95,9,8.76,8.39,8.37,8.07,8.33,7.9,7.15,6.64,6.24,6.62,6.77,6.87,6.83,6.57,6.29,6.48,6.23,6.15,6.36,6.21,6.36,6.51,6.37,6.5,6.45,6.53,6.71
APA,24/07/2026,10.25,10.36,10.22,10.28,2461978,8.35,8.45,8.6,8.57,8.77,8.81,8.88,8.96,8.84,8.83,8.97,9.05,9.09,9.12,9.18,9.35,9.37,9.24,9.26,9.32,9.12,9.31,9.34,9.04,8.78,8.71,8.99,8.86,8.73,9.07,9.14,9.2,9.23,9.18,9.47,9.61,9.86,9.99,9.94,10.12,10.5,10.32,10.56,10.3,10.08,10.39,10.87,10.29,10.77,9.93,9.95,10.29,10.28
APC,24/07/2026,0.008,0.008,0.008,0.008,0,0.009,0.009,0.009,0.008,0.007,0.008,0.009,0.009,0.009,0.01,0.011,0.013,0.013,0.013,0.01,0.01,0.01,0.009,0.01,0.015,0.009,0.008,0.008,0.009,0.0085,0.01,0.011,0.011,0.011,0.011,0.011,0.013,0.013,0.012,0.011,0.01,0.01,0,0.0105,0.011,0.01,0.01,0.012,0.012,0.011,0.012,0.01,0.01,0.009,0.009,0.009,0.009,0.008
APCO,24/07/2026,0.001,0.001,0.001,0.001,0,0.001,0.001,0.001,0.001,0.001,0.001,0.001,0.002,0.002,0.001,0.002,0.002,0.002,0.002,0.002,0.002,0.002,0.002,0.002,0.002,0.002,0.001,0,0.001,0.001,0.001,0.001,0.001,0.001,0.001,0.002,0.002,0.002,0.002,0.002,0.002,0,0,0.002,0.001,0.001,0.001,0.001,0.001,0.001,0.001,0.001,0.001,0.001,0.001,0,0.001,0.001
APE,24/07/2026,21.23,21.65,20.74,21.19,359171,18.81,19.97,20.65,21.22,21.99,27.65,27.02,26.33,28.29,28.94,33.8,34.15,31.58,30.57,34.06,31.43,30.32,28.5,28.48,26.84,24.52,23.99,24.6,24.65,26.64,27.45,27.97,26.83,25.17,24.67,25.57,24,21.75,21,20.19,22.18,23.69,23.44,23.65,23.26,24.89,23.78,23.81,21.45,20.89,20.82,22.29,22.44,21.43,21.87,21.09,22.2,21.19
APL,24/07/2026,0.265,0.265,0.265,0.265,0,0.11,0.125,0.12,0.12,0.12,0.12,0.145,0.15,0.15,0.135,0.115,0.115,0.15,0.15,0.14,0.15,0.15,0.155,0.155,0.17,0.17,0.175,0.175,0.175,0.17,0.2,0.2,0.2,0.24,0.23,0.18,0.18,0.2,0.25,0.25,0.28,0.3,0,0.3,0.3,0.3,0.31,0.3,0.3,0.305,0.3,0.3,0.25,0.23,0.25,0.25,0.265,0.265
APW,24/07/2026,3.96,3.96,3.96,3.96,0,3,3.18,3.25,3.27,3.27,3.29,3.25,3.25,3.2,3.2,3.22,3.17,3.17,3.17,3.24,3.36,3.17,3.17,3.18,3.15,3.17,3.12,3.1,3.12,3.1,3.2,3.2,3.2,3.12,3.2,3.2,3.4,3.4,3.4,3.42,3.45,3.21,3.2,3.16,3.2,3.2,3.2,3.2,3.2,3.41,3.43,3.56,3.6,3.7,4.09,4.2,3.92,3.96
APX,24/07/2026,0.9,0.9,0.82,0.82,3672673,1.22,0.915,0.89,0.9,0.85,0.865,0.875,0.835,0.9,0.86,0.89,0.855,0.795,0.755,0.775,0.685,0.655,0.65,0.715,0.71,0.7,0.75,0.8,0.86,0.96,1.14,1.19,1.85,1.56,1.4,1.46,1.865,1.7,1.69,1.48,1.445,1.39,1.41,1.59,1.55,1.195,1.23,1.225,1.225,1.155,1.125,1.09,1.075,0.93,0.925,0.905,0.88,0.82
APZ,24/07/2026,5.03,5.065,4.71,4.89,375703,3.85,4.01,4.02,3.9,4.17,4.34,4.28,4.35,4.34,4.7,4.78,4.6,5.05,5.4,5.28,5.05,5.15,5.22,5.38,5.42,5.45,5.5,5.57,5.48,5.74,5.73,5.52,5.24,5.07,4.95,5.77,6.24,5.89,5.13,5.06,4.58,4.6,5,4.83,4.85,4.84,4.85,4.87,4.72,4.72,4.72,5.05,5.25,5.28,5.28,5.16,4.94,4.89
AQC,24/07/2026,0.0065,0.0065,0.0065,0.0065,0,0.016,0.009,0.009,0.009,0.007,0.0065,0.006,0.006,0.007,0.0065,0.0065,0.0065,0.0065,0.0065,0.0065,0.0065,0.0065,0.0065,0.0065,0.0065,0.0065,0.0065,0.0065,0.0065,0.0065,0.0065,0.0065,0.0065,0.0065,0.0065,0.0065,0.0065,0.0065,0.0065,0.0065,0.0065,0.0065,0,0.0065,0.0065,0.0065,0.0065,0.0065,0.0065,0.0065,0.0065,0.0065,0.0065,0.0065,0.0065,0.0065,0.0065,0.0065
AQD,24/07/2026,0.043,0.044,0.042,0.042,743097,0.045,0.041,0.042,0.044,0.038,0.035,0.036,0.035,0.042,0.038,0.04,0.041,0.043,0.042,0.04,0.038,0.044,0.037,0.052,0.055,0.049,0.05,0.047,0.053,0.056,0.068,0.072,0.063,0.057,0.047,0.043,0.045,0.043,0.044,0.044,0.04,0.041,0.041,0.048,0.047,0.042,0.043,0.044,0.043,0.044,0.05,0.05,0.05,0.045,0.044,0.042,0.04,0.042
AQLT,24/07/2026,33.99,33.99,33.57,33.61,58006,33.51,33.64,34.25,34.7,35.29,35.33,35.13,35.08,34.83,34.65,35.42,35.17,35.1,35.4,34.81,34.29,34.03,33.21,34.23,33.91,33.81,33.64,34.16,33.66,33.71,34.4,34.01,34.11,32.99,33.47,34.5,34.92,34.19,32.99,32.21,32.55,32.77,34.18,34.28,33.81,33.76,33.86,33.54,33.82,33.55,33.8,34.46,34.53,34.47,34.44,34.35,34.43,33.61
AQN,24/07/2026,0.37,0.38,0.37,0.38,13486,0.35,0.325,0.345,0.35,0.345,0.31,0.32,0.315,0.31,0.33,0.37,0.41,0.45,0.4,0.415,0.435,0.42,0.43,0.43,0.4025,0.3975,0.4,0.45,0.425,0.46,0.47,0.44,0.395,0.4,0.435,0.42,0.42,0.395,0.41,0.43,0.41,0.415,0.4,0.43,0.45,0.475,0.42,0.41,0.4,0.41,0.42,0.43,0.43,0.4,0.395,0.4,0.39,0.38
AQTY,24/07/2026,20.29,20.29,20.2,20.2,2063,0,0,0,0,0,0,0,0,0,0,0,0,0,0,0,0,0,0,0,0,0,0,0,0,0,0,0,0,0,0,0,0,0,0,0,0,0,0,0,0,0,0,0,0,0,19.74,20.2,20,20.06,20.03,19.91,20.06,20.2
AQX,24/07/2026,0.006,0.006,0.006,0.006,94,0.004,0.0035,0.004,0.004,0.004,0.005,0.0045,0.004,0.004,0.004,0.004,0.004,0.0045,0.005,0.005,0.005,0.005,0.005,0.0045,0.004,0.004,0.005,0.004,0.005,0.005,0.01,0.012,0.012,0.015,0.011,0.01,0.009,0.011,0.01,0.0105,0.01,0.009,0,0.01,0.009,0.0095,0.01,0.008,0.0075,0.008,0.0075,0.007,0.007,0.007,0.008,0.007,0.006,0.006
AQXO,24/07/2026,0.002,0.002,0.002,0.002,0,0,0,0,0,0,0,0,0,0,0,0,0,0,0,0,0,0,0.001,0.002,0.002,0.002,0.002,0,0.002,0.002,0.003,0.005,0.007,0.006,0.005,0.004,0.004,0.005,0.004,0.004,0.005,0,0,0.005,0.004,0.005,0.003,0.003,0.003,0.003,0.002,0.003,0.002,0.002,0.002,0,0.002,0.002
AQXOC,24/07/2026,0.001,0.001,0.001,0.001,0,0.001,0.001,0.001,0.001,0.001,0.001,0.001,0.001,0.001,0.001,0.001,0.001,0.001,0.001,0.001,0.001,0.001,0.001,0.001,0.001,0.001,0.001,0,0.001,0.001,0.001,0.001,0.001,0.001,0.001,0.001,0.001,0.001,0.001,0.001,0.001,0,0,0.001,0.001,0.001,0.001,0.001,0.001,0.001,0.001,0.001,0.001,0.001,0.001,0,0.001,0.001
AQZ,24/07/2026,0.53,0.53,0.515,0.52,131302,2.66,2.59,2.65,2.64,2.6,2.31,2.34,2.35,2.25,2.28,2.09,2.04,2.43,2.49,2.53,1.45,1.29,1.255,1.39,1.29,1.21,1.26,1.245,1.24,1.21,1.2,1.16,1.135,1.03,0.92,0.755,0.675,0.665,0.59,0.56,0.635,0.55,0.65,0.63,0.615,0.605,0.62,0.59,0.57,0.565,0.525,0.5,0.5,0.57,0.585,0.535,0.54,0.52
AR1,24/07/2026,0.065,0.066,0.061,0.063,3782021,0.16,0.16,0.16,0.16,0.16,0.16,0.16,0.16,0.16,0.16,0.16,0.16,0.16,0.16,0.16,0.048,0.048,0.044,0.045,0.047,0.045,0.045,0.047,0.079,0.1,0.125,0.125,0.12,0.105,0.1,0.092,0.091,0.091,0.088,0.075,0.08,0.083,0.083,0.082,0.08,0.078,0.105,0.094,0.083,0.084,0.087,0.08,0.08,0.072,0.071,0.065,0.061,0.063
AR3,24/07/2026,0.098,0.099,0.093,0.095,1044199,0.13,0.092,0.105,0.14,0.12,0.11,0.115,0.11,0.115,0.105,0.12,0.2,0.22,0.265,0.21,0.265,0.235,0.22,0.215,0.19,0.18,0.185,0.2,0.195,0.23,0.215,0.23,0.19,0.16,0.13,0.145,0.175,0.17,0.16,0.14,0.14,0.14,0.145,0.1475,0.145,0.14,0.135,0.125,0.12,0.12,0.105,0.1025,0.11,0.105,0.11,0.11,0.1075,0.095
AR9,24/07/2026,0.06,0.06,0.057,0.058,248535,0.17,0.165,0.19,0.205,0.19,0.16,0.155,0.16,0.145,0.15,0.155,0.145,0.12,0.105,0.11,0.094,0.1,0.095,0.105,0.105,0.13,0.125,0.115,0.125,0.115,0.12,0.12,0.098,0.089,0.078,0.075,0.088,0.078,0.073,0.066,0.068,0.073,0.07,0.075,0.06,0.062,0.064,0.06,0.054,0.068,0.09,0.086,0.087,0.078,0.076,0.07,0.059,0.058
ARA,24/07/2026,0.5,0.5,0.5,0.5,0,0.44,0.47,0.45,0.45,0.435,0.53,0.51,0.52,0.51,0.5,0.51,0.5,0.5,0.5,0.5,0.505,0.515,0.5,0.495,0.5,0.5,0.5,0.51,0.52,0.55,0.515,0.51,0.54,0.505,0.525,0.53,0.53,0.515,0.52,0.495,0.48,0.48,0,0.48,0.48,0.48,0.48,0.48,0.48,0.48,0.48,0.48,0.48,0.47,0.46,0.48,0.48,0.5
ARB,24/07/2026,17.9,18.12,17.76,17.98,222113,34.79,33.23,34.5,35.7,40.24,40,39.54,39.58,40.01,37.99,38.97,39.67,37.45,36.85,36.1,35.09,32.73,32.56,34.3,32.16,31.64,31.6,31.84,31.94,31.72,32.55,26.51,25.81,24,24.35,25.03,25.7,23.91,21.81,20.92,21.26,20.08,20.43,20.69,19.54,18.7,18.66,17.88,18.05,19.26,18.4,18.25,19.61,18.9,18.17,17.53,17.79,17.98
ARC,24/07/2026,0.07,0.07,0.07,0.07,0,0.105,0.105,0.099,0.099,0.099,0.095,0.1,0.099,0.105,0.098,0.099,0.095,0.12,0.12,0.115,0.105,0.115,0.11,0.105,0.093,0.115,0.099,0.099,0.12,0.12,0.1,0.12,0.115,0.115,0.115,0.105,0.11,0.099,0.081,0.076,0.076,0.074,0.071,0.071,0.071,0.07,0.073,0.071,0.07,0.075,0.072,0.07,0.075,0.066,0.075,0.075,0.075,0.07
ARD,24/07/2026,0.022,0.022,0.021,0.021,1759284,0.023,0.022,0.023,0.022,0.02,0.0225,0.023,0.023,0.023,0.033,0.034,0.031,0.035,0.027,0.026,0.025,0.033,0.027,0.033,0.033,0.034,0.032,0.039,0.044,0.04,0.042,0.046,0.044,0.033,0.034,0.032,0.038,0.033,0.029,0.025,0.026,0.025,0.028,0.026,0.025,0.022,0.0255,0.042,0.026,0.028,0.025,0.022,0.027,0.022,0.025,0.022,0.021,0.021
ARDOC,24/07/2026,0.015,0.015,0.015,0.015,40000,0.01,0.009,0.01,0.009,0.009,0.009,0.012,0.012,0.011,0.019,0.017,0.02,0.025,0.017,0.019,0.019,0.02,0.019,0.02,0.022,0.024,0.024,0,0.026,0.024,0.025,0.029,0.029,0.02,0.023,0.018,0.023,0.019,0.019,0.017,0.015,0,0,0.018,0.018,0.013,0.014,0.015,0.012,0.013,0.013,0.012,0.014,0.012,0.013,0,0.013,0.015
ARF,24/07/2026,3.17,3.19,3.16,3.18,363466,3.59,3.68,3.79,3.89,4.07,4.05,4.08,4.01,3.95,3.91,3.92,3.85,3.85,3.91,3.65,3.62,3.69,3.66,3.58,3.51,3.5,3.62,3.61,3.56,3.55,3.57,3.53,3.55,3.46,3.58,3.46,3.42,3.32,3.23,3.27,3.27,3.35,3.4,3.49,3.48,3.38,3.28,3.25,3.25,3.2,3.11,3.24,3.25,3.26,3.17,3.24,3.3,3.18
ARG,24/07/2026,8.97,9.01,8.94,8.97,317621,9.17,9.3,9.15,9.44,9.36,9.59,9.5,9.27,9.21,9.21,9.33,9.29,9.24,9.2,9.18,9.2,9.05,8.98,9.03,9.09,9.11,9.09,9.12,9.12,9.14,9.28,9.17,9.09,9.02,9.04,9.06,9.16,8.92,8.99,8.68,8.56,8.51,8.79,8.75,8.64,8.75,8.8,8.77,8.73,8.94,8.7,8.68,8.89,9.08,9.08,9,8.97,8.97
ARI,24/07/2026,0.024,0.024,0.024,0.024,0,0.042,0.038,0.04,0.042,0.042,0.044,0.039,0.038,0.038,0.038,0.036,0.0365,0.035,0.033,0.034,0.0285,0.029,0.029,0.029,0.032,0.029,0.029,0.031,0.031,0.031,0.032,0.035,0.032,0.028,0.037,0.034,0.034,0.031,0.027,0.026,0.026,0.024,0.027,0.027,0.027,0.026,0.0315,0.03,0.027,0.026,0.025,0.021,0.022,0.017,0.02,0.025,0.021,0.024
ARL,24/07/2026,0.445,0.445,0.42,0.42,4895,0.41,0.405,0.4,0.4,0.47,0.515,0.49,0.5,0.55,0.54,0.62,0.6175,0.605,0.625,0.62,0.52,0.525,0.46,0.49,0.56,0.555,0.61,0.605,0.605,0.65,0.69,0.705,0.7,0.715,0.675,0.685,0.68,0.595,0.595,0.54,0.53,0.53,0.6,0.66,0.675,0.66,0.71,0.635,0.6,0.58,0.51,0.47,0.445,0.415,0.425,0.43,0.415,0.42
ARMR,24/07/2026,22.8,23.05,22.74,22.74,66243,23.68,24,24.22,24.42,24.04,24.06,23.85,24.5,24.91,25.48,26.53,26.33,25.3,26.2,25.84,24.93,24.64,24.1,23.47,24,24.62,24.45,24.97,24.45,27.5,28.82,27.02,26.91,25.32,25.05,27.4,26.3,26.8,26.69,26.1,25.75,25.95,25.63,25.51,24.24,23.53,23.5,22.88,23.64,24.89,23.8,24.4,23.17,22.25,23.9,22.81,22.16,22.74
ARN,24/07/2026,0.27,0.275,0.265,0.265,107791,0.33,0.3,0.335,0.325,0.33,0.355,0.4,0.475,0.49,0.51,0.485,0.46,0.55,0.455,0.455,0.43,0.5,0.465,0.43,0.44,0.42,0.39,0.39,0.4,0.46,0.495,0.48,0.475,0.46,0.445,0.415,0.39,0.355,0.35,0.355,0.42,0.455,0.48,0.445,0.44,0.47,0.44,0.425,0.405,0.425,0.395,0.37,0.38,0.36,0.365,0.33,0.26,0.265
ARNO,24/07/2026,0.32,0.32,0.32,0.32,0,0.23,0.21,0.21,0.21,0.21,0.21,0.25,0.28,0.345,0.38,0.32,0.32,0.4,0.4,0.4,0.4,0.4,0.38,0.38,0.38,0.38,0.38,0,0.38,0.17,0.17,0.34,0.31,0.3,0.28,0.28,0.28,0.28,0.28,0.28,0.24,0,0,0.32,0.32,0.32,0.31,0.32,0.32,0.32,0.355,0.32,0.32,0.32,0.32,0,0.32,0.32
ARO,24/07/2026,0.004,0.004,0.0035,0.0035,2471807,0,0,0,0,0,0,0,0,0,0,0,0,0,0,0,0,0,0,0,0,0,0,0,0,0,0,0,0,0,0,0,0,0,0,0,0,0,0,0,0,0,0,0,0,0,0,0,0,0,0,0,0,0.0035
ARR,24/07/2026,0.36,0.36,0.305,0.325,1677422,0.34,0.315,0.37,0.37,0.345,0.38,0.345,0.335,0.325,0.385,0.42,0.5,0.565,0.49,0.455,0.405,0.4,0.4,0.385,0.39,0.36,0.405,0.365,0.36,0.38,0.42,0.43,0.405,0.38,0.395,0.38,0.385,0.36,0.345,0.315,0.32,0.325,0.36,0.325,0.36,0.365,0.365,0.41,0.39,0.4,0.365,0.38,0.33,0.33,0.355,0.39,0.34,0.325
ART,24/07/2026,0.22,0.23,0.215,0.22,40354,0.3,0.36,0.35,0.39,0.365,0.42,0.415,0.42,0.455,0.42,0.41,0.385,0.3625,0.37,0.375,0.3475,0.335,0.31,0.34,0.34,0.325,0.305,0.33,0.355,0.335,0.315,0.3,0.3,0.275,0.275,0.255,0.245,0.24,0.23,0.225,0.23,0.225,0.22,0.235,0.245,0.25,0.2275,0.215,0.2,0.205,0.185,0.21,0.22,0.21,0.22,0.215,0.22,0.22
ARU,24/07/2026,0.2,0.2025,0.195,0.195,23522495,0.195,0.175,0.195,0.22,0.19,0.195,0.19,0.175,0.175,0.19,0.215,0.3,0.405,0.415,0.285,0.255,0.26,0.255,0.27,0.265,0.22,0.25,0.26,0.265,0.295,0.285,0.29,0.23,0.22,0.235,0.23,0.26,0.265,0.285,0.28,0.27,0.3,0.285,0.32,0.335,0.36,0.34,0.315,0.31,0.265,0.265,0.27,0.255,0.235,0.25,0.235,0.2,0.195
ARV,24/07/2026,0.004,0.004,0.003,0.0035,2161346,0.005,0.0045,0.005,0.005,0.005,0.0055,0.007,0.006,0.008,0.008,0.007,0.009,0.01,0.008,0.01,0.008,0.01,0.009,0.009,0.009,0.008,0.008,0.009,0.008,0.008,0.008,0.008,0.007,0.007,0.006,0.006,0.007,0.006,0.006,0.005,0.005,0.005,0.005,0.005,0.0055,0.0045,0.004,0.005,0.005,0.004,0.005,0.004,0.0045,0.0035,0.0035,0.0035,0.003,0.0035
ARX,24/07/2026,0.58,0.58,0.555,0.56,50420,0.57,0.64,0.615,0.625,0.65,0.65,0.65,0.7,0.67,0.695,0.67,0.705,0.715,0.77,0.775,0.77,0.72,0.67,0.66,0.66,0.67,0.7,0.71,0.73,0.765,0.745,0.72,0.625,0.65,0.705,0.7,0.67,0.62,0.6,0.56,0.57,0.58,0.53,0.525,0.53,0.62,0.64,0.62,0.625,0.695,0.645,0.65,0.63,0.59,0.57,0.59,0.585,0.56
AS1,24/07/2026,0.11,0.1125,0.11,0.11,610969,0.054,0.049,0.058,0.061,0.063,0.06,0.076,0.075,0.073,0.072,0.083,0.085,0.076,0.07,0.074,0.075,0.08,0.073,0.079,0.084,0.098,0.1,0.1,0.099,0.098,0.1,0.105,0.105,0.105,0.125,0.145,0.14,0.145,0.14,0.125,0.11,0.11,0.135,0.15,0.14,0.135,0.15,0.15,0.145,0.145,0.145,0.135,0.14,0.13,0.13,0.12,0.11,0.11
AS2,24/07/2026,0.008,0.008,0.008,0.008,0,0.012,0.01,0.011,0.011,0.01,0.01,0.009,0.009,0.009,0.012,0.012,0.014,0.018,0.015,0.016,0.013,0.013,0.014,0.015,0.01,0.011,0.015,0.012,0.012,0.013,0.014,0.014,0.014,0.012,0.012,0.012,0.012,0.011,0.012,0.01,0.009,0.009,0.01,0.009,0.009,0.01,0.01,0.01,0.009,0.008,0.008,0.008,0.008,0.007,0.008,0.009,0.008,0.008
AS2OB,24/07/2026,0.002,0.002,0.002,0.002,0,0.005,0.004,0.004,0.003,0.003,0.003,0.003,0.003,0.003,0.003,0.004,0.003,0.004,0.003,0.003,0.005,0.003,0.003,0.004,0.002,0.002,0.003,0,0.003,0.003,0.004,0.004,0.004,0.004,0.004,0.003,0.004,0.004,0.003,0.003,0.003,0,0,0.003,0.003,0.003,0.003,0.003,0.003,0.003,0.003,0.002,0.002,0.001,0.002,0,0.002,0.002
ASAO,24/07/2026,1.375,1.375,1.365,1.365,11,1.235,1.225,1.235,1.24,1.265,1.245,1.25,1.26,1.325,1.31,1.35,1.35,1.36,1.395,1.42,1.405,1.385,1.355,1.38,1.345,1.37,1.34,1.355,1.395,1.42,1.445,1.41,1.43,1.385,1.425,1.44,1.45,1.375,1.36,1.365,1.32,1.335,1.405,1.435,1.48,1.49,1.49,1.555,1.53,1.64,1.655,1.65,1.705,1.66,1.48,1.445,1.395,1.365
ASB,24/07/2026,3.79,4,3.73,3.87,2330669,6.04,6.43,6.94,6.76,6.81,7.77,8.18,8.11,7.31,7.25,8.24,7.4,6.66,7.01,6.79,6.39,6.56,6.31,6.56,6.52,6.23,6.6,6.83,6.78,8.06,8.7,7.64,6.98,5.73,4.87,6.3,5.17,5.27,4.86,4.67,4.81,4.52,4.7,4.63,4.62,4.21,4.15,4.04,3.84,4.02,3.98,4.1,4.38,4.11,4.19,3.72,3.41,3.87
ASG,24/07/2026,1.51,1.525,1.49,1.505,134898,2.44,2.57,2.59,2.69,3.1,3.33,3.36,3.51,3.44,3.33,3.34,3.46,3.57,3.78,4.12,4.08,4.47,4.33,4.45,4.29,3.9,3.82,3.9,3.78,3.9,3.89,3.89,3.83,3.44,3.4,3.57,3.15,2.75,2.38,2.4,2.42,2.5,2.42,2.4,2.4,2.46,2.32,2.21,2.11,1.96,1.7,1.75,1.82,1.78,1.71,1.64,1.595,1.505
ASH,24/07/2026,0.27,0.27,0.27,0.27,24099,0.17,0.185,0.18,0.165,0.175,0.17,0.165,0.16,0.18,0.18,0.175,0.165,0.17,0.16,0.22,0.21,0.22,0.21,0.205,0.215,0.205,0.2,0.2,0.21,0.235,0.235,0.24,0.25,0.235,0.235,0.26,0.2675,0.23,0.235,0.22,0.23,0.2,0.19,0.19,0.19,0.19,0.21,0.225,0.22,0.22,0.23,0.255,0.245,0.265,0.27,0.27,0.26,0.27
ASIA,24/07/2026,20.3,20.31,19.53,19.6,195757,12.05,12.09,12.1,12.51,12.42,12.48,12.67,13.52,13.94,13.97,14.67,14.63,14.39,14.8,15.16,14.62,14.3,13.65,14.23,14.25,14.22,14.03,14.08,14.91,15.28,15.78,15.51,15.77,14.85,15.72,15.9,16.69,15.24,14.95,15,14.91,14.4,15.99,16.6,17.41,17.8,20.2,19.74,20.75,22.31,21.87,21.67,23.53,22.1,22.03,21.8,19.1,19.6
ASL,24/07/2026,1.94,1.94,1.855,1.865,434603,1.43,1.23,1.53,1.39,1.315,1.475,1.59,1.63,1.595,1.95,2.1,1.94,2.08,1.695,1.67,1.705,1.82,1.635,1.91,2.09,2.43,2.21,2.45,2.38,2.32,2.31,2.61,2.15,1.74,1.87,1.865,2.44,2.12,1.97,1.745,1.84,1.965,1.97,2.19,2.12,1.96,2.13,2.29,1.98,2.08,1.94,1.96,2.35,1.86,2.15,2.02,1.84,1.865
ASM,24/07/2026,1.045,1.045,1.025,1.04,144393,0.72,0.545,0.585,0.575,0.57,0.59,0.55,0.53,0.55,0.55,0.65,0.915,1.61,1.05,1.01,0.665,0.65,0.61,0.665,0.645,0.58,0.63,0.665,0.705,0.75,0.715,1.82,1.715,1.45,1.575,1.585,1.67,1.555,1.49,1.405,1.4,1.46,1.44,1.595,1.7,1.67,1.795,1.525,1.46,1.45,1.405,1.27,1.3,1.175,1.16,1.135,1.025,1.04
ASMO,24/07/2026,0.49,0.49,0.49,0.49,0,0.1,0.065,0.081,0.085,0.08,0.09,0.08,0.06,0.075,0.059,0.065,0.15,0.35,0.23,0.175,0.125,0.13,0.1,0.1,0.1,0.1,0.1,0,0.11,0.125,0.125,0.46,0.46,0.455,0.46,0.465,0.465,0.465,0.465,0.47,0.465,0,0,0.47,0.485,0.485,0.49,0.49,0.49,0.49,0.49,0.495,0.49,0.49,0.485,0,0.485,0.49
ASN,24/07/2026,0.045,0.045,0.042,0.044,617780,0.105,0.12,0.105,0.105,0.089,0.094,0.09,0.083,0.08,0.085,0.096,0.09,0.096,0.092,0.083,0.084,0.092,0.079,0.073,0.07,0.068,0.065,0.067,0.066,0.075,0.076,0.071,0.062,0.057,0.055,0.055,0.059,0.054,0.051,0.049,0.049,0.045,0.046,0.061,0.06,0.051,0.051,0.07,0.06,0.054,0.051,0.051,0.049,0.043,0.044,0.045,0.042,0.044
ASNO,24/07/2026,0.008,0.008,0.008,0.008,0,0,0,0,0,0,0,0,0,0,0,0,0,0,0,0,0,0,0,0,0,0,0,0,0,0.021,0.021,0.021,0.019,0.018,0.02,0.02,0.021,0.018,0.016,0.011,0.013,0,0,0.018,0.018,0.018,0.016,0.016,0.015,0.012,0.012,0.012,0.011,0.01,0.008,0,0.008,0.008
ASP,24/07/2026,1.475,1.485,1.475,1.485,7,0.005,0.005,0.005,0.005,0.008,0.01,0.008,0.008,0.008,0.008,0.006,0.008,0.007,0.008,0.008,0.008,0.008,0.008,0.008,0.007,0.007,0.007,0.008,0.008,0.007,0.008,0.007,0.008,0.009,0.007,0.008,0.008,0,0,2,1.99,1.96,1.87,1.975,2.1,1.9,1.9,1.9,1.9,1.9,1.85,1.73,1.61,1.62,1.57,1.57,1.55,1.485
ASQ,24/07/2026,0.017,0.017,0.017,0.017,194705,0.018,0.02,0.017,0.018,0.018,0.018,0.017,0.018,0.018,0.023,0.032,0.028,0.029,0.022,0.019,0.019,0.019,0.02,0.018,0.018,0.019,0.02,0.018,0.02,0.02,0.022,0.024,0.023,0.02,0.022,0.021,0.02,0.019,0.021,0.018,0.025,0.029,0.03,0.022,0.022,0.022,0.019,0.019,0.019,0.019,0.018,0.02,0.018,0.017,0.017,0.016,0.016,0.017
ASUS,24/07/2026,19.36,19.36,19.36,19.36,0,0,0,0,0,0,0,0,0,0,0,0,0,0,0,0,0,0,0,0,0,0,0,0,0,0,0,0,0,0,0,0,0,0,0,0,0,0,0,0,0,0,18.76,18.76,17.89,18.33,18.64,18.64,19.36,19.36,19.36,19.36,19.36,19.36
ASV,24/07/2026,0.048,0.048,0.048,0.048,36325,0.037,0.037,0.04,0.042,0.045,0.046,0.047,0.045,0.045,0.044,0.043,0.043,0.041,0.044,0.045,0.045,0.047,0.043,0.048,0.045,0.044,0.046,0.045,0.045,0.0465,0.045,0.047,0.044,0.041,0.041,0.042,0.038,0.036,0.037,0.036,0.0345,0.027,0.029,0.029,0.028,0.029,0.024,0.026,0.032,0.034,0.035,0.035,0.04,0.044,0.042,0.045,0.047,0.048
ASX,24/07/2026,55.8,55.84,54.23,54.33,676888,69.78,69.84,64.55,62.64,63.56,62.54,61.47,60.67,61.5,58.76,59.08,59.06,58.4,56.73,56.45,59.68,58.65,57.48,58.2,57.17,56.89,52.07,52.27,51.41,52.39,52.49,53.82,57.28,56.29,54.76,53.27,52.96,52.8,49.28,48.94,50.6,52.77,58.71,59.04,59.62,61.58,58.23,58.72,59.5,46.23,47.68,49.2,52.01,51.79,51.52,54.2,57.5,54.33
AT1,24/07/2026,0.018,0.018,0.017,0.017,2172835,0.017,0.019,0.019,0.019,0.0185,0.019,0.019,0.022,0.023,0.026,0.028,0.025,0.028,0.027,0.027,0.024,0.029,0.028,0.029,0.034,0.04,0.037,0.037,0.04,0.037,0.036,0.041,0.038,0.04,0.04,0.037,0.041,0.039,0.036,0.036,0.04,0.032,0.028,0.028,0.027,0.024,0.022,0.022,0.022,0.021,0.018,0.016,0.02,0.017,0.018,0.017,0.016,0.017
AT4,24/07/2026,0.035,0.0415,0.035,0.041,19326720,0,0,0,0,0,0,0,0,0,0,0,0,0,0,0,0,0,0,0,0,0,0.115,0.11,0.105,0.125,0.17,0.185,0.15,0.125,0.16,0.155,0.145,0.155,0.11,0.1,0.078,0.078,0.084,0.08,0.085,0.079,0.085,0.08,0.062,0.059,0.056,0.046,0.04,0.038,0.034,0.036,0.032,0.041
AT4OE,24/07/2026,0.015,0.015,0.015,0.015,250000,0,0,0,0,0,0,0,0,0,0,0,0,0,0,0,0,0,0,0,0,0,0.062,0,0.064,0.08,0.125,0.145,0.11,0.09,0.125,0.11,0.1,0.105,0.078,0.07,0.051,0,0,0.051,0.051,0.045,0.049,0.053,0.045,0.027,0.024,0.017,0.014,0.02,0.015,0,0.015,0.015
ATA,24/07/2026,0.45,0.45,0.41,0.415,24512,0.81,0.825,0.8,0.845,0.805,0.795,0.78,0.79,0.775,0.765,0.76,0.76,0.755,0.76,0.72,0.76,0.73,0.75,0.795,0.85,0.75,0.655,0.69,0.695,0.66,0.66,0.715,0.695,0.575,0.59,0.55,0.58,0.575,0.56,0.56,0.545,0.455,0.475,0.435,0.48,0.45,0.42,0.455,0.46,0.45,0.425,0.46,0.455,0.46,0.445,0.5,0.43,0.415
ATC,24/07/2026,0.008,0.008,0.007,0.008,6321428,0.035,0.035,0.037,0.036,0.037,0.033,0.033,0.034,0.033,0.035,0.058,0.054,0.04,0.038,0.037,0.035,0.033,0.025,0.029,0.028,0.025,0.024,0.026,0.026,0.03,0.032,0.03,0.028,0.025,0.024,0.025,0.025,0.026,0.025,0.023,0.019,0.018,0.0195,0.017,0.018,0.017,0.017,0.011,0.011,0.012,0.011,0.009,0.01,0.006,0.009,0.01,0.009,0.008
ATCO,24/07/2026,0.001,0.001,0.001,0.001,0,0,0,0,0,0,0,0,0,0,0,0,0,0,0,0,0,0,0.004,0.006,0.007,0.005,0.004,0,0.004,0.009,0.008,0.008,0.008,0.004,0.004,0.005,0.005,0.005,0.005,0.003,0.003,0,0,0.003,0.003,0.002,0.002,0.002,0.001,0.001,0.001,0.001,0.002,0.001,0.001,0,0.001,0.001
ATEC,24/07/2026,21.03,21.19,20.76,20.84,1286851,31.98,31.99,32.23,32.39,32.9,32.95,32.44,32.3,32.8,32.34,33.07,32.6,31.01,31.61,30.4,29.03,27.51,26.83,28.1,27.05,26,25.84,26.25,26.02,25.86,25.72,25.24,23.92,21.3,20.4,21.27,21.96,22.2,20.96,19.92,19.5,19.47,20.23,22.25,21.88,21.56,21.78,21.28,21.22,21.45,23.13,22.5,22.97,22.09,22.73,22.77,22.24,20.84
ATG,24/07/2026,0.28,0.29,0.28,0.28,162308,0.21,0.22,0.23,0.26,0.28,0.34,0.28,0.28,0.295,0.29,0.275,0.225,0.305,0.285,0.32,0.325,0.28,0.275,0.28,0.265,0.27,0.265,0.265,0.25,0.25,0.28,0.33,0.35,0.355,0.34,0.385,0.355,0.355,0.32,0.32,0.32,0.32,0.29,0.265,0.265,0.2625,0.3,0.27,0.245,0.265,0.25,0.24,0.275,0.255,0.28,0.27,0.3,0.28
ATH,24/07/2026,0.56,0.57,0.54,0.56,258611,0.016,0.014,0.015,0.014,0.012,0.014,0.013,0.0125,0.011,0.0095,0.01,0.012,0.012,0.012,0.01,0.009,0.01,0.009,0.01,0.008,0.009,0.008,0.0085,0.009,0.008,0.008,0.008,0.007,0.009,0.008,0.008,0.008,0.007,0.008,0.007,0.008,0.009,0.009,0.01,0.01,0.0105,0.011,0.01,0.01,0.009,0,0.495,0.6,0.56,0.67,0.635,0.59,0.56
ATHO,24/07/2026,0.06,0.06,0.06,0.06,0,0.009,0.008,0.008,0.009,0.007,0.007,0.007,0.006,0.005,0.004,0.005,0.006,0.005,0.005,0.005,0.005,0.004,0.004,0.004,0.004,0.004,0.003,0,0.004,0.004,0.004,0.002,0.003,0.002,0.002,0.002,0.002,0.002,0.001,0.002,0.002,0,0,0.002,0.003,0.003,0.002,0.002,0.002,0.002,0,0.002,0.12,0.091,0.155,0,0.085,0.06
ATHOA,24/07/2026,0.105,0.105,0.105,0.105,0,0.006,0.005,0.005,0.005,0.005,0.005,0.004,0.004,0.004,0.004,0.003,0.003,0.003,0.003,0.003,0.002,0.002,0.002,0.002,0.002,0.002,0.002,0,0.002,0.002,0.002,0.002,0.002,0.002,0.002,0.003,0.002,0.002,0.002,0.002,0.002,0,0,0.001,0.002,0.002,0.002,0.002,0.002,0.002,0,0.002,0.002,0.002,0.002,0,0.105,0.105
ATM,24/07/2026,0.9,0.9,0.9,0.9,0,1.105,1.13,1.155,1.1,1.065,1,0.99,1.04,1.04,1.005,1.025,1.035,1.06,1.105,1,0.94,0.975,1,0.93,0.945,0.99,0.95,0.85,0.85,0.905,0.955,1.055,1.1,1.035,1.005,1.01,0.995,0.995,0.995,0.995,0.995,0.995,0.985,0.985,0.98,0.96,0.975,0.98,1.035,1.045,1.04,0.99,0.97,0.955,0.9,0.9,0.9,0.9
ATOM,24/07/2026,19.5,19.5,19.04,19.04,28626,22.12,20.78,21.45,20.75,19.96,21.37,21.43,21.89,23.88,25.51,26.24,26.85,28.77,26.39,29.58,24.5,23.51,22.3,23.56,25.56,25.29,22.96,23.7,23.38,26.42,28.35,29.48,29.82,24.9,26.08,27.46,27.59,25.83,26.06,24.65,24.49,24.6,25.57,27.39,28.47,27.82,27.62,25.76,24.69,25.25,24.88,22.54,23.75,22.07,20.75,20.15,18.1,19.04
ATP,24/07/2026,0.093,0.094,0.093,0.093,38168,0.165,0.16,0.16,0.165,0.17,0.2,0.17,0.18,0.175,0.19,0.2,0.185,0.19,0.19,0.185,0.185,0.2,0.18,0.18,0.185,0.195,0.2,0.195,0.2,0.185,0.19,0.185,0.18,0.1875,0.19,0.185,0.115,0.125,0.125,0.11,0.1,0.105,0.11,0.099,0.105,0.1,0.1025,0.105,0.1,0.098,0.094,0.094,0.09,0.082,0.082,0.085,0.097,0.093
ATR,24/07/2026,0.57,0.57,0.56,0.565,32589,0.71,0.54,0.645,0.68,0,0,0.49,0.4125,0.425,0.415,0.44,0.6,0.645,0.915,0.805,0.8,0.7,0.78,0.815,0.745,0.745,0.655,0.665,0.69,0.72,0.795,0.79,0.7,0.66,0.675,0.64,0.62,0.6875,0.71,0.695,0.625,0.62,0.62,0.62,0.61,0.58,0.555,0.54,0.605,0.5575,0.55,0.555,0.555,0.59,0.585,0.6,0.625,0.565
ATS,24/07/2026,0.021,0.021,0.019,0.019,634750,0.011,0.011,0.012,0.011,0.013,0.01,0.01,0.009,0.009,0.0085,0.009,0.011,0.011,0.011,0.01,0.012,0.012,0.014,0.017,0.017,0.015,0.016,0.014,0.015,0.015,0.018,0.017,0.021,0.019,0.022,0.022,0.022,0.023,0.026,0.022,0.023,0.023,0.023,0.023,0.021,0.02,0.02,0.019,0.016,0.016,0.017,0.017,0.015,0.015,0.021,0.02,0.02,0.019
ATT,24/07/2026,0.009,0.009,0.009,0.009,75025,0.017,0.018,0.02,0.023,0.025,0.026,0.028,0.028,0.027,0.031,0.037,0.039,0.038,0.034,0.031,0.027,0.026,0.022,0.025,0.024,0.023,0.02,0.019,0.024,0.024,0.025,0.024,0.025,0.02,0.021,0.02,0.02,0.018,0.019,0.016,0.015,0.014,0.014,0.015,0.017,0.016,0.015,0.011,0.013,0.012,0.013,0.01,0.011,0.01,0.01,0.011,0.009,0.009
ATTO,24/07/2026,0.001,0.001,0.001,0.001,0,0,0,0,0,0,0,0,0,0,0,0,0,0,0,0,0,0,0,0,0,0,0,0,0,0,0,0,0,0,0,0,0,0,0,0,0,0,0,0,0,0,0,0,0,0,0,0,0,0,0.001,0,0.001,0.001
ATV,24/07/2026,0.016,0.017,0.016,0.016,15386903,0.0125,0.014,0.011,0.026,0.021,0.023,0.023,0.03,0.035,0.035,0.044,0.037,0.032,0.026,0.025,0.023,0.03,0.027,0.024,0.022,0.021,0.018,0.018,0.026,0.019,0.021,0.024,0.019,0.014,0.014,0.013,0.011,0.012,0.009,0.008,0.008,0.008,0.008,0.012,0.0115,0.011,0.012,0.02,0.016,0.016,0.024,0.028,0.028,0.022,0.022,0.025,0.016,0.016
ATVO,24/07/2026,0.005,0.008,0.005,0.008,682857,0.002,0.002,0.002,0.003,0.003,0.005,0.005,0.007,0.008,0.009,0.009,0.013,0.013,0.016,0.014,0.014,0.011,0.014,0.014,0.012,0.012,0.007,0,0.007,0.007,0.007,0.007,0.007,0.004,0.004,0.004,0.002,0.002,0.002,0.001,0.005,0,0,0.005,0.005,0.005,0.005,0.004,0.004,0.004,0.005,0.006,0.01,0.01,0.01,0,0.01,0.008
ATX,24/07/2026,0.135,0.1425,0.135,0.14,258077,0.245,0.23,0.205,0.2,0.185,0.165,0.155,0.165,0.18,0.15,0.165,0.16,0.15,0.13,0.14,0.13,0.13,0.115,0.135,0.125,0.13,0.125,0.125,0.17,0.175,0.16,0.13,0.13,0.12,0.125,0.125,0.12,0.11,0.115,0.1125,0.245,0.24,0.155,0.165,0.165,0.15,0.13,0.15,0.13,0.135,0.12,0.11,0.115,0.135,0.15,0.145,0.135,0.14
ATXOA,24/07/2026,0.048,0.048,0.048,0.048,0,0.12,0.12,0.1,0.085,0.075,0.074,0.07,0.067,0.077,0.079,0.072,0.065,0.05,0.045,0.05,0.042,0.05,0.036,0.038,0.04,0.04,0.039,0,0.066,0.06,0.064,0.06,0.04,0.037,0.04,0.04,0.038,0.035,0.03,0.035,0.115,0,0,0.082,0.08,0.073,0.065,0.07,0.048,0.056,0.04,0.04,0.036,0.044,0.047,0,0.048,0.048
AU1,24/07/2026,0.027,0.027,0.027,0.027,0,0.022,0.02,0.019,0.019,0.019,0.023,0.025,0.025,0.025,0.024,0.021,0.0235,0.023,0.022,0.021,0.026,0.029,0.029,0.024,0.024,0.025,0.025,0.026,0.026,0.034,0.027,0.026,0.026,0.026,0.028,0.025,0.026,0.028,0.028,0.027,0.027,0.029,0,0.025,0.029,0.032,0.031,0.032,0.034,0.034,0.031,0.026,0.029,0.026,0.026,0.026,0.027,0.027
AUA,24/07/2026,0.032,0.032,0.032,0.032,16602,0.024,0.022,0.019,0.03,0.03,0.025,0.027,0.024,0.023,0.023,0.026,0.025,0.034,0.03,0.032,0.032,0.028,0.027,0.034,0.034,0.04,0.061,0.058,0.066,0.056,0.063,0.06,0.074,0.1,0.079,0.076,0.072,0.074,0.071,0.07,0.061,0.061,0,0.056,0.05,0.03,0.03,0.031,0.041,0.035,0.04,0.03,0.031,0.027,0.031,0.032,0.03,0.032
AUB,24/07/2026,28.1,28.49,27.45,27.65,249886,33.48,33.99,33.5,33.29,33.22,33.53,35.43,33.98,32.85,32.48,32.7,32.59,31.84,32.1,36.94,38.89,37.59,37.78,37.25,31.73,30.8,30.77,30.55,30.57,31.09,31.76,31.91,30.21,27.89,24.47,25.56,25.34,24.12,23.27,22.58,24.2,23.92,24.49,25.07,25.66,25.5,24.03,24.34,24.71,26.13,25.45,28.42,28.47,28.24,28.07,28.46,29.13,27.65
AUC,24/07/2026,0.885,0.92,0.865,0.87,386338,0.575,0.535,0.605,0.615,0.7,0.85,0.865,0.94,0.93,1.025,0.96,0.895,0.925,0.84,0.78,0.78,0.88,0.78,0.87,0.945,1,1.17,1.16,1.125,1.01,1.09,1.26,1.14,1.015,1.01,1.06,1.12,1.175,1.14,0.85,0.82,0.905,0.97,0.98,0.95,0.91,0.985,0.845,0.815,0.855,0.84,0.82,0.84,0.805,0.85,0.845,0.825,0.87
AUDS,24/07/2026,6.34,6.36,6.34,6.36,11168,5.97,5.69,5.85,5.82,5.65,5.83,5.88,6.12,6.01,5.89,6,5.95,5.77,5.83,5.92,5.77,5.9,5.72,5.89,6.07,6.16,6.05,6.25,6.22,6.22,6.23,6.52,6.84,6.71,7.02,6.91,7.1,6.94,7,7.05,6.64,6.6,7,7.26,7.15,7.3,7.37,7.25,7.21,7.28,7.18,6.99,6.95,6.67,6.27,6.29,6.34,6.36
AUE,24/07/2026,0.48,0.48,0.47,0.48,328695,0.505,0.475,0.52,0.565,0.54,0.645,0.6,0.615,0.62,0.66,0.75,0.675,0.68,0.585,0.555,0.52,0.54,0.52,0.605,0.59,0.62,0.61,0.73,0.715,0.69,0.725,0.72,0.645,0.585,0.72,0.71,0.76,0.7,0.625,0.595,0.55,0.6,0.67,0.635,0.635,0.595,0.65,0.64,0.57,0.575,0.58,0.555,0.55,0.525,0.54,0.52,0.485,0.48
AUEO,24/07/2026,0.33,0.33,0.33,0.33,0,0.28,0.28,0.28,0.33,0.335,0.42,0.375,0.38,0.38,0.425,0.51,0.525,0.485,0.45,0.335,0.32,0.32,0.32,0.34,0.38,0.39,0.4,0,0.49,0.43,0.51,0.5,0.48,0.48,0.485,0.495,0.51,0.48,0.425,0.425,0.35,0,0,0.42,0.42,0.42,0.38,0.42,0.31,0.32,0.31,0.3,0.33,0.33,0.33,0,0.33,0.33
AUG,24/07/2026,0.035,0.035,0.035,0.035,0,0.045,0.043,0.036,0.037,0.042,0.048,0.05,0.044,0.039,0.04,0.045,0.05,0.05,0.049,0.053,0.052,0.044,0.044,0.035,0.038,0.039,0.033,0.032,0.04,0.042,0.043,0.043,0.037,0.038,0.036,0.034,0.043,0.036,0.038,0.035,0.036,0.037,0.034,0.036,0.035,0.043,0.04,0.041,0.043,0.039,0.04,0.037,0.032,0.035,0.036,0.036,0.035,0.035
AUI,24/07/2026,11.34,11.39,11.26,11.29,102845,11.19,11.29,11.48,11.53,11.71,11.39,11.26,11.28,11.22,11.32,11.36,11.38,11.54,11.37,11.55,11.32,11.09,10.83,11.06,11.09,11.21,11.21,11.35,11.32,11.34,11.45,11.25,11.5,11.34,11.37,11.47,11.17,10.79,10.83,10.43,10.6,10.57,10.85,10.92,10.76,10.9,10.8,10.84,10.83,10.97,10.735,10.92,11.08,10.98,11.04,10.99,11.09,11.29
AUMF,24/07/2026,38.37,38.37,37.93,38.03,2670,37.55,37.57,38.43,38.74,39.52,39.59,39.59,39.68,39.42,39.55,40.46,40.25,40.4,40.48,40.25,39.64,39.37,38.15,39.3,39.03,39.36,39.3,39.81,39.78,39.13,39.62,39.51,39.4,38.43,39.31,40.24,40.77,39.08,37.89,36.92,37.28,37.81,39.19,39.08,38.35,38.06,38.35,38.12,38.23,38.59,37.97,38.83,39.1,38.54,38.32,38.03,37.91,38.03
AUQ,24/07/2026,0.04,0.043,0.039,0.039,163917,0.033,0.035,0.039,0.04,0.039,0.041,0.048,0.048,0.042,0.04,0.041,0.042,0.037,0.041,0.039,0.037,0.036,0.033,0.034,0.036,0.035,0.033,0.032,0.035,0.035,0.034,0.04,0.04,0.033,0.037,0.036,0.0345,0.034,0.03,0.033,0.034,0.035,0.035,0.034,0.035,0.031,0.0325,0.0315,0.032,0.033,0.035,0.0345,0.037,0.047,0.045,0.034,0.037,0.039
AUR,24/07/2026,0.012,0.012,0.012,0.012,0,0.006,0.006,0.007,0.007,0.008,0.006,0.007,0.007,0.007,0.008,0.008,0.01,0.01,0.02,0.02,0.024,0.022,0.021,0.023,0.018,0.023,0.024,0.024,0.026,0.035,0.041,0.041,0.038,0.035,0.031,0.031,0.033,0.037,0.033,0.035,0.032,0.026,0.029,0.031,0.029,0.03,0.028,0.025,0.02,0.02,0.02,0.019,0.018,0.017,0.02,0.016,0.015,0.012
AUST,24/07/2026,17.66,17.66,17.58,17.59,2414,17.72,17.65,17.93,18.16,18.35,18.37,18.18,18.25,18.15,18.08,18.44,18.36,18.51,18.52,18.31,18.08,17.79,17.49,17.83,17.82,17.9,17.71,18.07,17.6,17.71,17.93,17.95,18,17.64,18.03,18.33,18.56,18.01,17.71,17.46,17.52,17.55,18.085,18.03,17.85,17.78,17.73,17.66,17.73,17.67,17.68,17.91,17.87,17.78,17.69,17.56,17.64,17.59
AUV,24/07/2026,0.007,0.0075,0.007,0.007,10975765,0,0,0,0,0,0,0,0.017,0.017,0.019,0.023,0.026,0.027,0.025,0.023,0.019,0.017,0.015,0.016,0.015,0.015,0.013,0.012,0.012,0.018,0.017,0.018,0.016,0.017,0.018,0.017,0.017,0.016,0.016,0.016,0.014,0.015,0.016,0.016,0.015,0.014,0.013,0.014,0.014,0.013,0.01,0.008,0.011,0.011,0.01,0.0095,0.009,0.007
AUZ,24/07/2026,0.026,0.027,0.024,0.024,18965931,0.008,0.007,0.007,0.008,0.008,0.008,0.009,0.009,0.015,0.022,0.022,0.023,0.021,0.02,0.017,0.013,0.014,0.014,0.017,0.016,0.016,0.015,0.015,0.019,0.021,0.021,0.02,0.018,0.0165,0.017,0.018,0.018,0.015,0.016,0.014,0.014,0.016,0.017,0.0175,0.018,0.029,0.028,0.026,0.023,0.027,0.024,0.021,0.02,0.02,0.02,0.02,0.022,0.024
AUZOA,24/07/2026,0.006,0.006,0.005,0.005,9755461,0.002,0.002,0.002,0.002,0.003,0.003,0.002,0.003,0.004,0.006,0.007,0.007,0.007,0.005,0.004,0.004,0.004,0.005,0.004,0.005,0.004,0.004,0,0.005,0.006,0.005,0.006,0.004,0.004,0.004,0.004,0.004,0.004,0.003,0.003,0.003,0,0,0.003,0.004,0.008,0.007,0.006,0.006,0.007,0.005,0.004,0.004,0.004,0.004,0,0.004,0.005
AUZOB,24/07/2026,0.003,0.003,0.003,0.003,108334,0.001,0.001,0.002,0.001,0.001,0.001,0.001,0.002,0.003,0.004,0.005,0.006,0.006,0.005,0.005,0.005,0.005,0.004,0.003,0.003,0.002,0.002,0,0.003,0.003,0.004,0.004,0.003,0.003,0.003,0.002,0.0025,0.002,0.002,0.002,0.003,0,0,0.003,0.003,0.005,0.005,0.006,0.004,0.005,0.004,0.003,0.003,0.003,0.002,0,0.003,0.003
AV1,24/07/2026,0.078,0.079,0.074,0.074,501407,0.13,0.14,0.16,0.15,0.165,0.145,0.145,0.165,0.16,0.1625,0.165,0.18,0.165,0.165,0.15,0.14,0.135,0.15,0.145,0.135,0.135,0.13,0.13,0.14,0.14,0.13,0.125,0.115,0.097,0.1,0.11,0.095,0.094,0.094,0.089,0.086,0.096,0.095,0.093,0.095,0.09,0.088,0.086,0.083,0.078,0.08,0.075,0.073,0.0805,0.081,0.078,0.079,0.074
AVA,24/07/2026,0.044,0.044,0.044,0.044,0,0.087,0.085,0.081,0.082,0.081,0.083,0.081,0.08,0.082,0.08,0.078,0.081,0.078,0.078,0.07,0.063,0.059,0.054,0.066,0.071,0.069,0.066,0.068,0.078,0.084,0.08,0.072,0.064,0.06,0.058,0.057,0.053,0.055,0.054,0.048,0.051,0.055,0,0.056,0.058,0.06,0.059,0.054,0.06,0.052,0.051,0.04,0.037,0.035,0.036,0.038,0.038,0.044
AVD,24/07/2026,0.097,0.098,0.097,0.098,30380,0.16,0.155,0.185,0.19,0.205,0.19,0.19,0.2,0.19,0.18,0.17,0.17,0.17,0.17,0.2,0.21,0.17,0.16,0.16,0.16,0.15,0.14,0.14,0.13,0.135,0.165,0.165,0.12,0.12,0.115,0.125,0.115,0.1,0.1,0.095,0.095,0.105,0.105,0.105,0.105,0.089,0.09,0.094,0.091,0.1,0.155,0.13,0.12,0.1,0.1,0.095,0.097,0.098
AVE,24/07/2026,0.022,0.022,0.021,0.021,2113768,0.0045,0.005,0.005,0.007,0.0065,0.007,0.008,0.006,0.0065,0.0065,0.007,0.006,0.007,0.007,0.006,0.0055,0.006,0.007,0.009,0.008,0.01,0.0095,0.01,0.0095,0.009,0.01,0.01,0.01,0.01,0.009,0.0095,0.009,0.012,0.01,0.009,0.009,0.009,0.0095,0.0095,0.011,0.012,0.013,0.013,0.013,0.012,0.013,0.011,0.015,0.018,0.023,0.022,0.022,0.021
AVG,24/07/2026,0.065,0.066,0.065,0.066,73263,0.11,0.105,0.098,0.092,0.105,0.1175,0.125,0.135,0.14,0.14,0.135,0.13,0.13,0.115,0.125,0.12,0.115,0.1125,0.11,0.1,0.11,0.105,0.11,0.105,0.1,0.1025,0.098,0.096,0.093,0.092,0.082,0.094,0.092,0.091,0.088,0.084,0.08,0.078,0.0775,0.073,0.064,0.068,0.058,0.059,0.078,0.0705,0.067,0.062,0.062,0.061,0.064,0.064,0.066
AVH,24/07/2026,1.335,1.335,1.27,1.315,957961,1.79,1.7,1.49,1.75,1.45,1.345,1.34,1.34,1.68,1.62,1.655,1.64,1.37,1.27,1.15,1.06,1.105,1.15,1.185,1.065,1.035,1.045,1.06,1.1,1.005,1.08,1.3,1.23,1.09,1.08,1.195,1.425,1.37,1.265,1.13,1.105,1.085,1.3,1.385,1.25,1.21,1.175,1.18,1.25,1.175,1.16,1.08,1.1,1.085,1.395,1.235,1.365,1.315
AVL,24/07/2026,0.145,0.145,0.14,0.14,700405,0.01,0.01,0.011,0.011,0.011,0.011,0.01,0.0095,0.009,0.01,0.01,0.01,0.015,0.013,0.011,0.011,0.01,0.01,0,0.25,0.23,0.215,0.225,0.23,0.265,0.27,0.26,0.25,0.24,0.3,0.275,0.305,0.305,0.24,0.19,0.21,0.22,0.235,0.24,0.23,0.195,0.19,0.205,0.2,0.185,0.1825,0.16,0.165,0.15,0.15,0.15,0.14,0.14
AVM,24/07/2026,0.066,0.066,0.063,0.064,374473,0.047,0.043,0.045,0.038,0.039,0.044,0.047,0.05,0.081,0.1,0.135,0.13,0.12,0.095,0.098,0.078,0.091,0.077,0.094,0.105,0.12,0.115,0.13,0.14,0.135,0.175,0.185,0.14,0.115,0.14,0.135,0.145,0.115,0.099,0.083,0.09,0.084,0.098,0.1,0.089,0.085,0.099,0.093,0.082,0.076,0.072,0.068,0.07,0.061,0.075,0.065,0.066,0.064
AVMO,24/07/2026,0.03,0.03,0.03,0.03,100000,0.021,0.017,0.019,0.018,0.018,0.02,0.019,0.023,0.042,0.057,0.09,0.09,0.082,0.058,0.055,0.04,0.054,0.041,0.052,0.06,0.071,0.072,0,0.095,0.091,0.125,0.14,0.1,0.072,0.093,0.095,0.093,0.089,0.063,0.054,0.052,0,0,0.065,0.052,0.048,0.054,0.055,0.05,0.045,0.038,0.031,0.036,0.03,0.039,0,0.031,0.03
AVNG,24/07/2026,11.41,11.41,11.41,11.41,87,0,0,0,0,0,0,0,0,0,0,0,0,0,0,0,0,0,0,0,0,0,0,0,0,0,0,0,0,0,0,0,0,0,0,0,0,10.3,0,10.54,10.54,10.71,10.88,10.92,11.05,11.14,11.17,11.25,11.39,11.45,11.65,11.51,11.41,11.41
AVR,24/07/2026,11.51,11.57,11.01,11.37,130263,4.85,5.2,5.55,5.66,5.6,5.6,6,7.35,7.9,6.35,6.49,7.29,7.46,8.8,7.07,6.2,6.01,5.25,6.02,6.54,7.53,7.6,7.7,7.45,7.34,6.92,9.75,8.84,7.4,7.77,8.02,8.8,9,9.1,8.4,7.9,7.55,7.59,8.5,7.6,8.15,8.7,9.95,12.91,12.27,13.8,13.12,13.32,14.27,14.77,13.34,11.56,11.37
AVSV,24/07/2026,12.09,12.09,12.07,12.07,11944,0,0,0,0,0,0,0,0,0,0,0,0,0,0,0,0,0,0,0,0,0,0,0,0,0,0,0,0,0,0,0,0,0,0,0,0,10.89,11.2,11.13,11.3,11.36,11.33,11.31,11.49,11.57,11.56,11.88,11.79,12.03,12.05,11.95,12.1,12.07
AVTE,24/07/2026,11.47,11.53,11.38,11.38,2349,0,0,0,0,0,0,0,0,0,0,0,0,0,0,0,0,0,0,0,0,0,0,0,0,0,0,0,0,0,0,0,0,0,0,0,0,10.41,10.76,10.83,10.94,11.1,11.42,11.28,11.49,11.95,11.67,11.99,12.33,11.83,12.01,12.07,11.25,11.38
AVW,24/07/2026,0.008,0.009,0.008,0.009,77001,0.007,0.007,0.007,0.007,0.007,0.008,0.01,0.011,0.011,0.012,0.013,0.013,0.018,0.014,0.014,0.013,0.012,0.011,0.012,0.011,0.01,0.01,0.011,0.011,0.01,0.011,0.013,0.012,0.01,0.011,0.013,0.015,0.015,0.012,0.012,0.011,0.009,0,0.009,0.009,0.01,0.009,0.009,0.011,0.009,0.009,0.0085,0.01,0.009,0.008,0.008,0.008,0.009
AVWOB,24/07/2026,0.002,0.002,0.002,0.002,0,0,0,0,0,0,0,0,0.003,0.003,0.003,0.004,0.004,0.006,0.005,0.004,0.004,0.004,0.004,0.004,0.004,0.004,0.004,0,0.004,0.004,0.004,0.004,0.004,0.004,0.004,0.004,0.004,0.006,0.005,0.004,0.004,0,0,0.003,0.003,0.003,0.003,0.004,0.004,0.004,0.004,0.004,0.004,0.004,0.002,0,0.002,0.002
AW1,24/07/2026,0.034,0.034,0.032,0.032,1529636,0.047,0.038,0.034,0.033,0.031,0.031,0.034,0.031,0.031,0.034,0.038,0.043,0.073,0.066,0.055,0.05,0.061,0.052,0.053,0.053,0.052,0.048,0.048,0.05,0.063,0.066,0.068,0.054,0.048,0.048,0.049,0.055,0.05,0.048,0.045,0.046,0.046,0.047,0.054,0.051,0.055,0.042,0.04,0.044,0.043,0.041,0.042,0.041,0.04,0.037,0.036,0.032,0.032
AW1O,24/07/2026,0.005,0.005,0.005,0.005,0,0,0,0,0,0,0.006,0.007,0.007,0.006,0.006,0.008,0.01,0.03,0.032,0.02,0.017,0.023,0.02,0.019,0.016,0.015,0.016,0,0.017,0.02,0.021,0.019,0.013,0.013,0.014,0.016,0.018,0.013,0.013,0.012,0.014,0,0,0.014,0.015,0.016,0.009,0.009,0.011,0.011,0.01,0.007,0.01,0.01,0.006,0,0.004,0.005
AWJ,24/07/2026,0.225,0.225,0.21,0.215,342905,0.175,0.165,0.175,0.165,0.165,0.185,0.18,0.19,0.18,0.235,0.24,0.24,0.29,0.295,0.28,0.275,0.27,0.26,0.275,0.275,0.265,0.26,0.28,0.28,0.2725,0.28,0.31,0.32,0.265,0.3,0.28,0.315,0.325,0.36,0.335,0.31,0.325,0.34,0.32,0.32,0.34,0.345,0.32,0.295,0.305,0.275,0.25,0.24,0.225,0.25,0.24,0.22,0.215
AX1,24/07/2026,0.725,0.725,0.7125,0.715,1210038,1.495,1.495,1.515,1.565,1.365,1.42,1.365,1.315,1.375,1.33,1.365,1.335,1.3,1.32,1.28,1.195,1.21,1.015,1.005,0.96,0.915,0.93,0.955,0.945,0.95,0.935,0.945,0.925,0.915,0.885,0.88,1.16,1.025,0.855,0.775,0.77,0.715,0.675,0.665,0.625,0.62,0.57,0.565,0.55,0.58,0.59,0.65,0.74,0.71,0.725,0.715,0.715,0.715
AX8,24/07/2026,0.005,0.005,0.005,0.005,4414670,0.008,0.008,0.008,0.009,0.009,0.007,0.0075,0.007,0.007,0.008,0.008,0.008,0.007,0.007,0.008,0.006,0.007,0.006,0.007,0.007,0.006,0.006,0.006,0.007,0.007,0.008,0.008,0.008,0.0065,0.006,0.007,0.008,0.007,0.007,0.006,0.007,0.006,0.007,0.007,0.006,0.008,0.0065,0.007,0.007,0.007,0.005,0.005,0.005,0.005,0.006,0.005,0.005,0.005
AXE,24/07/2026,0.23,0.23,0.215,0.215,1109812,0.3,0.29,0.28,0.33,0.29,0.275,0.27,0.26,0.295,0.275,0.26,0.335,0.375,0.41,0.465,0.38,0.345,0.35,0.38,0.385,0.365,0.355,0.34,0.35,0.435,0.425,0.41,0.385,0.345,0.375,0.365,0.355,0.33,0.35,0.325,0.32,0.29,0.305,0.33,0.3,0.3,0.3,0.32,0.31,0.395,0.375,0.365,0.34,0.315,0.28,0.255,0.225,0.215
AXI,24/07/2026,0.014,0.014,0.014,0.014,19231,0.023,0.021,0.02,0.02,0.016,0.021,0.016,0.016,0.016,0.016,0.016,0.016,0.017,0.015,0.013,0.015,0.013,0.013,0.013,0.013,0.013,0.013,0.013,0.013,0.013,0.014,0.014,0.012,0.016,0.016,0.019,0.015,0.022,0.02,0.017,0.023,0.022,0,0.021,0.02,0.022,0.018,0.018,0.015,0.015,0.015,0.013,0.013,0.013,0.013,0.013,0.013,0.014
AXL,24/07/2026,0.06,0.06,0.06,0.06,0,0.092,0.084,0.084,0.084,0.085,0.084,0.075,0.074,0.073,0.073,0.076,0.084,0.125,0.099,0.088,0.088,0.09,0.08,0.08,0.081,0.081,0.08,0.089,0.098,0.09,0.089,0.09,0.094,0.089,0.091,0.09,0.1,0.088,0.075,0.074,0.075,0.066,0.067,0.084,0.072,0.072,0.07,0.072,0.068,0.07,0.06,0.059,0.06,0.053,0.054,0.084,0.08,0.06
AXLO,24/07/2026,0.01,0.01,0.01,0.01,0,0.016,0.013,0.015,0.016,0.018,0.015,0.014,0.011,0.01,0.01,0.013,0.015,0.026,0.023,0.016,0.017,0.018,0.016,0.016,0.013,0.013,0.013,0,0.017,0.018,0.014,0.017,0.014,0.015,0.016,0.016,0.015,0.015,0.011,0.01,0.011,0,0,0.011,0.01,0.011,0.011,0.013,0.011,0.009,0.009,0.008,0.007,0.007,0.007,0,0.01,0.01
AXN,24/07/2026,0.027,0.029,0.027,0.029,163780,0.034,0.031,0.032,0.029,0.036,0.039,0.04,0.038,0.042,0.04,0.046,0.046,0.051,0.0505,0.05,0.041,0.041,0.044,0.038,0.038,0.038,0.037,0.036,0.036,0.042,0.049,0.048,0.048,0.047,0.048,0.047,0.046,0.043,0.04,0.041,0.034,0.038,0.038,0.035,0.04,0.039,0.036,0.034,0.034,0.034,0.033,0.034,0.033,0.027,0.036,0.03,0.025,0.029
AXP,24/07/2026,0.006,0.006,0.006,0.006,14000,0.001,0.001,0.001,0.001,0.001,0.001,0.001,0.001,0.001,0.001,0.001,0,0,0.021,0.016,0.016,0.018,0.017,0.018,0.018,0.017,0.016,0.015,0.016,0.014,0.019,0.018,0.014,0.013,0.012,0.012,0.012,0.013,0.014,0.012,0.0115,0.012,0.011,0.012,0.013,0.012,0.01,0.009,0.009,0.008,0.008,0.008,0.007,0.005,0.007,0.007,0.006,0.006
AXQ,24/07/2026,3.49,3.49,3.06,3.13,738351,0,0,0,0,0,0,0,0,0,0,0,0,0,0,0,0,0,0,0,0,0,0,0,0,0,0,0,0,0,0,0,0,0,0,0,0,0,0,0,0,0,0,0,0,0,0,0,0,0,0,6.66,4.69,3.13
AYA,24/07/2026,5.7,5.77,5.48,5.64,542162,1.03,0.98,1.3,1.4,2,2.13,2.18,2.2,2.23,2.25,2.4,2.75,3.29,3.83,3.41,3.38,3.54,2.87,3.28,3.45,3.94,3.96,4.64,5.07,4.55,4.36,4.22,3.53,3.27,3.1,3.3,3.4,3.4,3.2,2.68,3.21,3.13,3.9,4.1,4.07,4.06,4.45,5.05,4.74,4.95,4.79,4.5,4.79,5.21,6.27,5.77,5.36,5.64
AYLD,24/07/2026,10.21,10.21,10.14,10.18,25343,10.24,10.25,10.33,10.37,10.395,10.4,10.43,10.46,10.41,10.45,10.24,10.23,10.26,10.3,10.24,10.21,10.13,9.93,10.16,10.18,10.25,10.21,10.28,10.05,10.05,10.13,10.12,10.13,10.02,10.15,10.23,10.21,10.2,10.16,10.14,10.16,10.01,10.22,10.27,10.23,10.24,10.25,10.24,10.28,10.33,10.3,10.41,10.385,10.38,10.24,10.18,10.17,10.18
AYM,24/07/2026,0.002,0.002,0.002,0.002,202,0.002,0.002,0.0025,0.002,0.003,0.004,0.003,0.003,0.0035,0.003,0.003,0.003,0.006,0.004,0.004,0.004,0.004,0.004,0.004,0.004,0.004,0.003,0.003,0.004,0.004,0.004,0.004,0.004,0.004,0.005,0.004,0.005,0.004,0.005,0.004,0.004,0.004,0,0.003,0.003,0.003,0.003,0.003,0.003,0.002,0.002,0.001,0.002,0.002,0.002,0.002,0.002,0.002
AYT,24/07/2026,0.003,0.003,0.003,0.003,0,0.003,0.004,0.004,0.003,0.003,0.003,0.003,0.003,0.003,0.004,0.004,0.005,0.004,0.004,0.004,0.004,0.004,0.005,0.004,0.006,0.005,0.0045,0.005,0.005,0.004,0.004,0.0045,0.0045,0.0045,0.0045,0.0045,0.004,0.003,0.003,0.003,0.0035,0.004,0,0.003,0.003,0.003,0.0035,0.003,0.004,0.0035,0.0035,0.003,0.004,0.003,0.003,0.003,0.003,0.003
AYUHD,24/07/2026,100,100.1,99.75,100.1,21393,99.55,100,100.4,100.5,100.5,101.25,100.07,100.7,100.7,100.45,101.25,100,99.85,100,100.35,100.39,100,99.75,99.99,99.61,99.6,100.1,0,100.25,98.75,99.5,99.7,99.81,100,100.97,100.49,100.01,100.31,100.251,100.2,100.75,0,0,99.15,99.68,99.21,99,99.3,99.65,99.29,98.5,98.5,99.69,99.75,99,0,99.7,100.1
AYUHE,24/07/2026,100,100.1,100,100.1,13012,101.45,101.6,102.08,100.3,100.95,101.09,100.8,100.65,101.25,101.2,100.24,101,100.75,101.97,101.75,101.35,100.5,101.18,100.2,100.65,99.701,101.5,0,101.6,100.1,100.35,100.65,100,100.25,99.99,100.5,101.2,100.87,100.3,100.3,101.1,0,0,99.8,100.47,99.65,99.2,99.15,98.3,97.35,97.8,97.5,98.25,98.03,97.91,0,100.5,100.1
AYUPA,24/07/2026,69.01,69.899,69.01,69.131,1433,85.99,86.45,86,86.49,86.39,87.021,86,86.6,86.8,84.01,83.46,81,81.14,80.7,80.5,80.68,80.41,80.3,80.1,80.2,79.51,79.72,80.2,80.6,79.66,80,79.51,77.05,75.4,75.1,75.9,76,75.5,70.03,70,69.56,66.85,66.44,66.5,65.87,64.41,63.95,62.61,60.1,57.9,63.05,62.99,64.98,62,63,68.75,69.501,69.131
AZ9,24/07/2026,0.018,0.018,0.015,0.015,2681171,0.032,0.031,0.037,0.037,0.035,0.033,0.03,0.03,0.03,0.036,0.041,0.046,0.048,0.045,0.04,0.034,0.03,0.028,0.03,0.028,0.025,0.022,0.022,0.024,0.026,0.025,0.023,0.025,0.023,0.025,0.026,0.028,0.026,0.025,0.023,0.021,0.02,0.0195,0.02,0.022,0.026,0.022,0.0205,0.02,0.022,0.02,0.02,0.018,0.017,0.018,0.016,0.019,0.015
AZ9O,24/07/2026,0.008,0.008,0.008,0.008,0,0.003,0.003,0.003,0.003,0.003,0.005,0.003,0.003,0.004,0.01,0.01,0.01,0.01,0.01,0.01,0.01,0.007,0.007,0.007,0.007,0.007,0.007,0,0.007,0.007,0.007,0.007,0.007,0.007,0.007,0.008,0.008,0.008,0.008,0.008,0.008,0,0,0.008,0.008,0.008,0.008,0.008,0.008,0.008,0.008,0.008,0.008,0.008,0.008,0,0.008,0.008
AZI,24/07/2026,0.023,0.023,0.023,0.023,0,0.019,0.019,0.019,0.024,0.02,0.019,0.022,0.035,0.036,0.034,0.027,0.027,0.027,0.026,0.027,0.025,0.03,0.027,0.027,0.028,0.027,0.023,0.023,0.026,0.026,0.028,0.023,0.026,0.025,0.027,0.029,0.03,0.027,0.028,0.028,0.025,0.024,0.022,0.024,0.023,0.026,0.028,0.026,0.025,0.026,0.027,0.025,0.025,0.025,0.02,0.02,0.02,0.023
AZJ,24/07/2026,4.3,4.32,4.25,4.25,4333045,3.28,3.24,3.21,3.27,3.23,3.24,3.18,3.19,3.21,3.2,3.26,3.25,3.35,3.42,3.43,3.42,3.44,3.42,3.58,3.61,3.57,3.56,3.64,3.6,3.62,3.61,3.54,3.69,3.54,3.59,4.01,4.15,4.01,4,3.88,3.98,4.06,4.18,4.09,4.18,4.27,4.06,4.22,4.23,4.19,4.3,4.36,4.21,4.21,4.09,4.16,4.26,4.25
AZY,24/07/2026,0.59,0.59,0.56,0.57,417441,0.565,0.52,0.565,0.57,0.57,0.615,0.665,0.695,0.655,0.665,0.675,0.655,0.72,0.58,0.575,0.54,0.58,0.56,0.67,0.64,0.625,0.55,0.6,0.58,0.605,0.665,0.725,0.765,0.635,0.63,0.66,0.695,0.625,0.57,0.58,0.55,0.575,0.615,0.705,0.66,0.65,0.695,0.65,0.65,0.665,0.63,0.625,0.605,0.55,0.615,0.62,0.575,0.57
B1SM,24/07/2026,6.63,6.63,6.63,6.63,0,0,0,0,0,0,0,0,0,0,0,0,0,0,0,0,0,0,0,0,0,0,0,0,0,0,0,0,0,0,0,0,0,0,0,0,0,0,0,6.83,6.83,6.83,6.83,6.83,6.66,6.68,6.8,6.78,6.78,6.9,6.51,6.56,6.6,6.63
B4P,24/07/2026,1.32,1.3425,1.28,1.28,61419,1.64,2.04,1.955,1.73,1.9,1.95,2.16,2.14,2.11,2.16,2,2.26,2.28,2.5,2.31,2.48,2.7,2.43,2.73,2.63,2.61,2.72,2.54,2.44,2.42,2.16,2.08,1.915,1.73,1.655,1.49,1.6,1.4,1.63,1.385,1.37,1.425,1.425,1.46,1.48,1.4,1.49,1.47,1.39,1.3,1.25,1.265,1.26,1.3,1.2,1.335,1.3,1.28
BAK,24/07/2026,0.23,0.23,0.23,0.23,2633,0,0,0,0,0,0,0,0,0,0,0,0,0,0,0,0,0,0,0,0,0,0,0,0,0,0,0,0.28,0.25,0.265,0.255,0.245,0.26,0.23,0.23,0.215,0.205,0.215,0.2,0.21,0.215,0.195,0.205,0.2,0.2,0.195,0.18,0.185,0.18,0.2,0.24,0.2,0.23
BAKO,24/07/2026,0.05,0.05,0.05,0.05,0,0,0,0,0,0,0,0,0,0,0,0,0,0,0,0,0,0,0,0,0,0,0,0,0,0,0,0,0.06,0.088,0.09,0.09,0.057,0.06,0.057,0.055,0.055,0,0,0.056,0.056,0.05,0.04,0.048,0.05,0.05,0.05,0.04,0.035,0.035,0.035,0,0.05,0.05
BANK,24/07/2026,9.88,9.88,9.86,9.86,10666,9.98,9.97,9.99,10,10.02,10,10,10,10.02,10.02,10,10.01,10.03,10.04,9.99,9.99,9.98,9.97,9.96,9.95,9.96,9.97,9.99,9.96,10,10,10,9.98,9.99,10.02,10.01,9.99,9.96,9.93,9.93,9.93,9.92,9.93,9.93,9.94,9.92,9.92,9.92,9.97,9.95,9.97,9.97,10,10.05,9.87,9.89,9.89,9.86
BAOR,24/07/2026,2.18,2.18,2.16,2.17,81400,2.5,2.53,2.47,2.49,2.51,2.49,2.49,2.43,2.44,2.4,2.41,2.43,2.44,2.48,2.44,2.43,2.39,2.36,2.41,2.41,2.41,2.42,2.42,2.39,2.44,2.45,2.36,2.22,2.16,2.1,2.16,2.12,2.11,2.06,2.03,2.04,2.07,2.09,2.12,2.13,2.12,2.08,2.07,2.12,2.14,2.2,2.14,2.12,2.13,2.24,2.19,2.24,2.17
BAP,24/07/2026,0.39,0.39,0.37,0.37,3084466,3.72,3.79,3.91,3.99,4.09,3.98,3.53,3.49,3.21,3.16,3.25,3.2,3.17,2.62,2.53,2.28,2.23,2.15,2.32,2.25,1.76,2.1,2.1,2.15,2.17,2.15,2.29,2.14,1.815,1.68,1.715,0.87,0.81,0.65,0.605,0.635,0.625,0.66,0.645,0.56,0.575,0.57,0.395,0.36,0.425,0.42,0.44,0.465,0.42,0.41,0.445,0.405,0.37
BAS,24/07/2026,0.047,0.052,0.047,0.049,2457418,0.028,0.026,0.027,0.026,0.025,0.026,0.025,0.024,0.027,0.032,0.032,0.033,0.033,0.04,0.033,0.034,0.032,0.033,0.033,0.034,0.054,0.052,0.053,0.05,0.052,0.05,0.049,0.048,0.045,0.049,0.05,0.049,0.087,0.072,0.08,0.063,0.066,0.06,0.058,0.059,0.059,0.055,0.053,0.054,0.055,0.053,0.052,0.053,0.046,0.047,0.046,0.047,0.049
BASO,24/07/2026,0.015,0.015,0.015,0.015,0,0.009,0.009,0.009,0.009,0.009,0.007,0.007,0.008,0.008,0.013,0.013,0.013,0.015,0.015,0.015,0.015,0.015,0.015,0.015,0.012,0.025,0.025,0,0.025,0.025,0.025,0.025,0.025,0.025,0.025,0.025,0.025,0.041,0.04,0.04,0.021,0,0,0.025,0.025,0.02,0.021,0.02,0.02,0.02,0.02,0.02,0.021,0.021,0.015,0,0.015,0.015
BASOD,24/07/2026,0.008,0.008,0.008,0.008,1100000,0,0,0,0,0,0,0,0,0,0,0,0,0,0,0,0,0,0,0,0,0,0,0,0,0,0,0,0,0,0,0,0,0,0,0,0,0,0,0,0,0,0,0,0,0,0,0,0,0.005,0.006,0,0.008,0.008
BB1,24/07/2026,0.595,0.595,0.59,0.59,1098,0.475,0.43,0.435,0.505,0.485,0.57,0.52,0.55,0.555,0.525,0.515,0.62,0.635,0.675,0.655,0.77,0.74,0.79,0.91,1.01,0.93,0.8,0.805,0.825,0.835,0.96,0.93,0.93,0.9,0.955,0.9,0.915,0.835,0.86,0.83,0.7275,0.8,0.81,0.8,0.68,0.675,0.635,0.68,0.72,0.66,0.62,0.635,0.655,0.58,0.65,0.635,0.6,0.59
BBAB,24/07/2026,21.69,21.69,21.69,21.69,0,18.15,19.08,19.08,18.6,18.6,18.6,18.6,18.83,18.83,18.83,19.36,19.05,18.41,18,18.89,19.01,19.14,19.14,19.57,19.57,20.53,20.58,20.64,20.64,20.7,20.57,20.74,20.74,21.02,20.65,20.65,20.65,20.16,21.48,21.5,21.9,21.36,0,21.58,21.41,21.71,21.54,21.72,21.21,20.9,21.27,20.78,20.83,20.66,20.75,21.13,21.21,21.69
BBC,24/07/2026,0.25,0.25,0.245,0.245,95584,0.265,0.265,0.265,0.27,0.28,0.29,0.29,0.3,0.295,0.29,0.295,0.295,0.29,0.285,0.31,0.31,0.3,0.275,0.29,0.295,0.295,0.295,0.28,0.29,0.28,0.295,0.275,0.285,0.275,0.28,0.28,0.28,0.265,0.28,0.26,0.255,0.25,0,0.23,0.235,0.245,0.23,0.22,0.215,0.235,0.24,0.24,0.24,0.265,0.24,0.25,0.25,0.245
BBFD,24/07/2026,20.82,20.91,20.82,20.89,7860,19.86,19.8,19.23,19.29,19.62,19.21,19.21,18.66,18.66,18.81,18.97,18.77,18.14,18.14,18.44,18.44,18.44,18.44,18.63,18.63,18.63,18.87,19.08,19.08,19.08,19.05,19.41,19.32,19.32,18.87,18.63,18.285,18.48,19.31,19.28,19.9,19.83,0,19.4,19.55,20.03,19.84,20.13,20.59,19.92,20.05,20.1,20.12,20.12,19.84,19.84,20.24,20.89
BBL,24/07/2026,1.355,1.37,1.355,1.365,680,1.05,1.05,1.06,1.055,1.075,1.19,1.15,1.16,1.18,1.15,1.32,1.455,1.25,1.19,1.2,1.305,1.345,1.36,1.57,1.495,1.54,1.435,1.42,1.46,1.59,1.71,1.64,1.575,1.85,1.725,1.78,1.7,1.685,1.7,1.6,1.69,1.645,1.765,1.71,1.74,1.7,1.605,1.385,1.745,1.735,1.595,1.505,1.55,1.37,1.28,1.25,1.385,1.365
BBN,24/07/2026,1.155,1.155,1.08,1.125,773088,1.675,1.715,1.695,2.6,2.4,2.7,3,2.96,3.13,3,3.14,3.2,2.76,2.78,2.74,2.86,2.8,2.8,2.76,2.66,2.53,2.37,2.46,2.46,2.59,2.53,2.48,2.39,2.2,2.16,2.16,2,2,1.805,1.625,1.5,1.4,1.47,1.55,1.55,1.43,1.355,1.435,1.35,1.595,1.46,1.655,1.645,1.42,1.44,1.325,1.295,1.125
BBOZ,24/07/2026,21.54,21.87,21.47,21.75,301789,22.74,22.83,21.98,21.17,20.87,20.82,21.2,21.25,21.76,21.74,20.71,20.91,20.74,20.63,21.39,22.01,22.66,23.98,22.82,22.76,22.41,22.91,22.12,22.3,22.45,21.35,21.69,21.64,22.7,21.46,20.45,19.81,21.43,22.6,23.75,23.26,22.86,20.68,20.77,21.63,22,21.85,22.5,22.17,22.13,22.51,21.47,21.13,21.56,21.09,21.39,21.54,21.75
BBT,24/07/2026,0.165,0.165,0.165,0.165,15124,0.31,0.31,0.305,0.3,0.295,0.3,0.28,0.28,0.235,0.245,0.265,0.25,0.235,0.23,0.225,0.2525,0.23,0.22,0.21,0.21,0.2,0.19,0.19,0.21,0.215,0.265,0.26,0.245,0.255,0.27,0.265,0.25,0.245,0.235,0.22,0.205,0.19,0.195,0.19,0.175,0.18,0.185,0.17,0.17,0.17,0.16,0.17,0.17,0.165,0.18,0.19,0.175,0.165
BBUS,24/07/2026,24.22,24.33,24.19,24.26,45626,3.31,3.38,3.36,3.18,3.32,3.18,3.16,3.09,3.05,3.07,2.94,2.94,3.11,2.95,2.81,2.96,2.96,3.13,2.84,0,27.71,29.08,27.77,28.1,27.72,27.35,27.78,27.79,29.35,28.81,28.48,28.41,28.86,30.14,30.95,32.12,32.44,29.06,26.75,26.16,25.23,24.14,23.46,23.36,22.63,22.8,24.05,23.58,24.81,23.34,23.24,23.78,24.26
BC8,24/07/2026,0.905,0.905,0.865,0.875,1862465,0.83,0.805,0.92,0.885,0.87,0.895,0.99,1.215,1.225,1.425,1.405,1.335,1.335,1.125,1.015,0.935,1.06,0.935,1.065,1.05,1.07,1.115,1.23,1.27,1.405,1.465,1.56,1.4,1.34,1.37,1.3,1.555,1.4,1.18,1.055,0.935,1.025,1.24,1.215,1.175,1.115,1.205,1.115,1.045,1.15,1.125,0.955,1.02,0.93,0.96,0.95,0.855,0.875
BCA,24/07/2026,0.3,0.31,0.3,0.3,120917,0.27,0.345,0.375,0.365,0.42,0.48,0.445,0.455,0.44,0.445,0.45,0.435,0.395,0.38,0.37,0.41,0.4,0.39,0.365,0.35,0.36,0.385,0.37,0.395,0.39,0.39,0.395,0.37,0.39,0.37,0.35,0.36,0.34,0.31,0.295,0.275,0.29,0.31,0.375,0.36,0.39,0.385,0.395,0.385,0.38,0.385,0.385,0.4,0.39,0.4,0.36,0.315,0.3
BCC,24/07/2026,0.049,0.049,0.049,0.049,0,0.13,0.13,0.12,0.14,0.13,0.13,0.125,0.125,0.135,0.1,0.093,0.093,0.095,0.095,0.096,0.096,0.099,0.096,0.096,0.093,0.08,0.08,0.082,0.085,0.085,0.092,0.09,0.155,0.155,0.15,0.17,0.205,0.19,0.19,0.185,0.18,0.195,0.19,0.195,0.21,0.061,0.061,0.059,0.055,0.054,0.053,0.053,0.053,0.048,0.045,0.053,0.057,0.049
BCI,24/07/2026,0.44,0.45,0.435,0.445,1056573,0.345,0.34,0.345,0.35,0.35,0.34,0.345,0.35,0.395,0.425,0.4,0.415,0.385,0.375,0.385,0.375,0.38,0.38,0.375,0.405,0.39,0.385,0.395,0.39,0.415,0.415,0.45,0.415,0.385,0.39,0.38,0.4,0.39,0.38,0.385,0.385,0.415,0.395,0.375,0.395,0.38,0.37,0.37,0.355,0.35,0.345,0.34,0.35,0.405,0.42,0.41,0.4,0.445
BCK,24/07/2026,0.011,0.011,0.011,0.011,0,0.017,0.021,0.017,0.022,0.018,0.02,0.021,0.022,0.022,0.02,0.018,0.021,0.018,0.02,0.019,0.02,0.018,0.018,0.018,0.018,0.018,0.015,0.014,0.016,0.016,0.014,0.018,0.017,0.021,0.017,0.017,0.016,0.017,0.014,0.014,0.015,0.015,0,0.015,0.013,0.014,0.013,0.015,0.015,0.015,0.015,0.015,0.015,0.015,0.01,0.012,0.012,0.011
BCM,24/07/2026,0.044,0.045,0.04,0.04,4929022,0.017,0.014,0.013,0.016,0.017,0.023,0.021,0.021,0.026,0.031,0.035,0.034,0.04,0.04,0.034,0.027,0.027,0.026,0.023,0.0235,0.021,0.024,0.026,0.027,0.03,0.028,0.026,0.025,0.029,0.031,0.034,0.039,0.036,0.034,0.027,0.026,0.027,0.03,0.027,0.034,0.031,0.035,0.037,0.04,0.04,0.042,0.04,0.051,0.047,0.055,0.052,0.042,0.04
BCN,24/07/2026,2.8,2.8,2.65,2.7,111771,1.305,1.28,1.295,1.71,2.35,2.16,2.26,2.34,2.25,2.35,2.42,2.57,3.1,2.56,2.51,2.42,2.48,2.42,2.5,2.58,2.5,2.6,2.7,2.98,3.4,4.03,4.13,4.38,3.53,3.68,4.11,4.09,3.7,3.49,3.02,3.05,3.4,3.41,3.28,3.21,2.86,2.9,2.82,2.45,2.34,2.27,2.07,2.51,2.59,3.07,3.21,2.63,2.7
BCNOD,24/07/2026,1.6,1.6,1.6,1.6,0,0.5,0.5,0.49,0.7,1.25,1.2,1.25,1.2,1.015,1.2,1.305,1.4,1.88,1.6,1.45,1.5,1.55,1.55,1.36,1.42,1.42,1.42,0,1.9,2.02,2.5,2.82,3.03,2.95,2.95,2.95,2.65,2.58,2.58,2.25,2.2,0,0,2.11,2.2,2.2,1.55,1.55,1.55,1.55,1.3,1.26,1.3,1.35,1.6,0,1.6,1.6
BCOM,24/07/2026,12.64,12.64,12.57,12.61,10234,11.29,11.2,11.07,10.99,11.19,11.14,11.16,11.07,11.21,11.41,11.39,11.49,11.76,11.74,11.61,11.8,12.03,11.85,12,11.94,11.84,11.67,11.91,11.98,12.02,12.2,12.26,12.48,12.01,11.82,12.07,12.09,12.62,13.22,12.91,13.15,13.24,12.92,12.81,13.07,13.26,13.13,13.49,13.37,13.19,13.11,12.9,12.65,12.55,11.87,12.13,12.18,12.61
BDCI,24/07/2026,19.54,19.54,19.54,19.54,1300,0,0,0,0,0,0,0,0,0,0,0,0,0,0,0,0,0,0,0,0,0,0,0,0,0,0,0,0,0,0,0,0,0,0,0,0,19.84,19.68,20.25,19.96,20.21,19.73,19.44,19.43,19.44,19.36,19.56,19.32,19.48,20.04,19.52,20.27,19.54
BDM,24/07/2026,0.017,0.017,0.017,0.017,0,0.032,0.027,0.026,0.029,0.026,0.027,0.024,0.022,0.02,0.017,0.017,0.017,0.017,0.017,0.017,0.017,0.017,0.017,0.017,0.017,0.017,0.017,0.017,0.017,0.017,0.017,0.017,0.017,0.017,0.017,0.017,0.017,0.017,0.017,0.017,0.017,0.017,0,0.017,0.017,0.017,0.017,0.017,0.017,0.017,0.017,0.017,0.017,0.017,0.017,0.017,0.017,0.017
BDX,24/07/2026,0.075,0.078,0.075,0.078,1888,0.067,0.056,0.062,0.06,0.052,0.059,0.056,0.06,0.072,0.07,0.071,0.084,0.079,0.09,0.095,0.095,0.079,0.092,0.1025,0.1,0.1,0.098,0.1,0.1,0.12,0.13,0.125,0.12,0.1175,0.12,0.125,0.12,0.12,0.1,0.092,0.1025,0.099,0.092,0.09,0.085,0.083,0.074,0.083,0.074,0.08,0.074,0.07,0.083,0.078,0.075,0.073,0.079,0.078
BEAR,24/07/2026,7.42,7.45,7.42,7.45,3581,7.4,7.43,7.31,7.2,7.15,7.15,7.21,7.22,7.29,7.31,7.14,7.17,7.16,7.14,7.22,7.35,7.46,7.65,7.47,7.46,7.41,7.48,7.37,7.39,7.41,7.27,7.34,7.31,7.46,7.3,7.16,7.06,7.32,7.51,7.67,7.6,7.56,7.22,7.25,7.38,7.43,7.41,7.51,7.47,7.43,7.51,7.39,7.37,7.4,7.33,7.38,7.39,7.45
BEL,24/07/2026,0.01,0.01,0.01,0.01,0,0.011,0.011,0.012,0.012,0.012,0.015,0.013,0.012,0.013,0.017,0.015,0.013,0.018,0.016,0.026,0.023,0.02,0.019,0.019,0.02,0.019,0.02,0.02,0.022,0.022,0.02,0.02,0.023,0.023,0.022,0.02,0.021,0.019,0.016,0.016,0.015,0.015,0,0.015,0.016,0.015,0.015,0.015,0.015,0.013,0.012,0.011,0.011,0.011,0.011,0.011,0.011,0.01
BEMG,24/07/2026,36.91,36.91,36.15,36.24,6586,0,0,0,0,0,29.5,29.68,30.44,31.07,31,31.78,31.77,32.3,32.76,32.88,32.58,32.61,31.88,32.15,31.99,31.95,31.76,31.77,32.22,33.31,34.1,33.64,34.39,33.08,33.82,34.24,34.655,32.78,32.15,31.94,31.89,31.87,33.72,34.3,34.79,34.97,36.61,35.71,36.63,38.03,37.22,37.2,39.28,38,38.31,38.17,35.5,36.24
BEN,24/07/2026,10.81,10.87,10.75,10.76,924512,12.22,12.22,12.4,12.84,12.99,13.34,12.56,12.6,12.82,13,13.21,13.06,12.48,12.58,12.65,12.86,11.13,10.9,10.24,10.38,10.44,10.26,10.62,10.61,10.94,10.83,11.08,10.97,11.12,11.45,11.05,10.71,10.4,9.91,10.05,10.4,10.12,11.49,11.11,10.61,10.78,10.67,10.4,10.46,10.34,10.12,10.34,10.55,10.46,10.41,10.63,10.59,10.76
BENPH,24/07/2026,102.2,102.46,102.2,102.25,5027,102.98,103.76,104.86,104.4,104.4,104.98,102.81,103.3,103.05,103.19,103.31,103.75,103.5,103.41,103.31,103.53,104.24,104.094,103.99,102.25,102.85,102.77,103.19,102.91,103,103.1,103.69,103.58,103.46,103.5,103.75,103.86,102.11,101.84,102.1,101.84,102.22,101.97,102.19,101.81,102.01,102.12,102,102,102.5,101.55,101.72,102,102.29,102.42,101.95,102.4,102.25
BENPI,24/07/2026,106.5,106.57,106.3,106.3,3566,104.55,104.75,105.4,105.32,105.7,106,104.4,105.1,104.5,105.2,105.85,105.61,104.8,105.3,105.6,105.44,104.73,104.75,105,104,104.73,105.5,105.5,105.35,105.05,105.2,105.11,105.3,106.05,106.81,105.59,104.7,104.68,104.01,105.08,105.11,105.63,105.97,104.72,105.5,104.44,104.25,104.4,105.05,105.75,104.2,104.26,104.72,105.19,105.7,104.99,107,106.3
BEO,24/07/2026,0.075,0.075,0.075,0.075,3000,0.22,0.265,0.265,0.285,0.275,0.245,0.235,0.235,0.225,0.22,0.24,0.225,0.21,0.21,0.185,0.145,0.15,0.145,0.155,0.155,0.13,0.13,0.135,0.135,0.135,0.14,0.17,0.14,0.19,0.165,0.155,0.145,0.11,0.11,0.11,0.11,0.125,0.11,0.1,0.099,0.1,0.092,0.099,0.095,0.095,0.074,0.076,0.08,0.074,0.079,0.075,0.076,0.075
BEST,24/07/2026,12.26,12.26,12.26,12.26,0,10.09,10.09,10.09,10.09,10.09,10.09,10.09,10.09,10.09,0,0,0,0,0,0,0,0,12.46,12.53,12.52,12.38,12.19,12.35,12.3,12.26,12.22,11.87,11.73,11.49,11.26,11.36,11.35,11.21,10.93,10.92,10.92,10.84,11.09,11.09,11.7,11.86,12.06,12.33,12.33,12.47,12.43,12.23,12.46,12.22,12.29,12.36,12.47,12.26
BET,24/07/2026,0.17,0.18,0.17,0.18,718488,0.125,0.145,0.16,0.15,0.14,0.155,0.17,0.18,0.205,0.2,0.2,0.2,0.195,0.195,0.16,0.155,0.17,0.15,0.155,0.175,0.17,0.19,0.18,0.19,0.205,0.195,0.195,0.19,0.21,0.175,0.17,0.19,0.17,0.16,0.175,0.165,0.17,0.19,0.175,0.19,0.18,0.19,0.19,0.18,0.18,0.17,0.17,0.16,0.16,0.155,0.18,0.18,0.18
BEZ,24/07/2026,0.092,0.092,0.092,0.092,0,0.048,0.05,0.041,0.04,0.041,0.041,0.041,0.042,0.042,0.045,0.066,0.07,0.063,0.081,0.058,0.048,0.037,0.037,0.036,0.038,0.043,0.054,0.061,0.071,0.063,0.078,0.071,0.068,0.078,0.078,0.077,0.12,0.15,0.125,0.11,0.105,0.11,0.11,0.11,0.115,0.1075,0.105,0.115,0.11,0.105,0.11,0.1,0.084,0.086,0.088,0.09,0.0915,0.092
BFG,24/07/2026,1.55,1.55,1.51,1.54,143912,1.285,1.255,1.255,1.23,1.25,1.27,1.235,1.23,1.265,1.235,1.25,1.245,1.24,1.25,1.265,1.245,1.22,1.175,1.2,1.1675,1.28,1.335,1.325,1.35,1.35,1.34,1.33,1.31,1.305,1.35,1.475,1.49,1.29,1.28,1.265,1.27,1.28,1.3,1.355,1.3,1.35,1.365,1.42,1.355,1.38,1.38,1.365,1.425,1.44,1.45,1.49,1.49,1.54
BFL,24/07/2026,8.25,8.25,8.21,8.21,3740,8.69,8.4,8.43,8.65,8.45,8.48,8.3,8.05,7.51,7.4,7.6,7.96,7.6,7.68,8,7.67,7.76,7.67,7.79,7.86,8.1,8.1,8.1,8.25,8.33,8.99,8.79,8.78,8.39,8.47,8.55,8.45,8.35,8.25,8.15,8,7.95,8,8.1,8.2,8.25,8.45,8.32,8.17,8.36,8.4,8.33,8.25,8.25,8.16,8.12,8.18,8.21
BGA,24/07/2026,6.02,6.07,5.97,6.03,613781,5.13,5.17,5.28,5.25,5.5,5.83,5.75,5.59,5.4,5.18,5.21,5.18,5.27,5.36,5.31,5.15,5.93,5.9,6,5.9,5.92,6.18,6.14,6.06,5.98,6.02,6.06,6.11,5.99,6.01,6.54,6.28,6.06,5.82,5.69,5.89,6.02,6.16,5.9,5.87,5.58,5.12,5.37,5.39,5.52,5.45,5.66,5.69,5.79,5.94,5.99,6.1,6.03
BGBL,24/07/2026,83.85,83.88,83.55,83.62,92884,76.28,76.89,76.71,78.48,78.35,78.24,78.49,78.06,79.2,79.41,80.44,80.65,80.59,81.83,82.33,81.73,81.48,80.16,82.11,81.8,81.78,81.19,81.5,81.07,81.75,82.37,80.29,78.97,77.8,77.66,78.51,78.03,77.56,75.41,74.33,75.28,75.61,77.35,78.39,79.14,79.6,80.42,81.57,82.62,83.39,83.56,83.17,84.39,84.22,85.39,85.27,84.13,83.62
BGD,24/07/2026,0.75,0.7525,0.725,0.735,118800,0.68,0.685,0.82,0.795,0.775,0.9,0.9,0.975,0.97,1.305,1.16,1.3,1.25,1.22,1.205,1.075,1.18,1.01,1.17,1.245,1.235,1.325,1.32,1.31,1.285,1.33,1.325,1.19,1,1.09,1.115,1.2,1.105,0.935,0.855,0.84,0.87,1,0.99,0.94,0.895,0.97,0.955,0.9,0.88,0.835,0.82,0.795,0.755,0.815,0.78,0.73,0.735
BGE,24/07/2026,0.019,0.019,0.019,0.019,0,0.019,0.019,0.019,0.019,0.019,0.02,0.02,0.018,0.018,0.018,0.017,0.017,0.013,0.013,0.013,0.013,0.015,0.015,0.016,0.018,0.021,0.021,0.021,0.024,0.022,0.015,0.015,0.015,0.014,0.014,0.016,0.015,0.015,0.014,0.014,0.013,0.014,0.014,0.011,0.011,0.013,0.013,0.013,0.013,0.023,0.025,0.024,0.022,0.022,0.022,0.02,0.022,0.019
BGEO,24/07/2026,0.009,0.009,0.009,0.009,0,0,0,0,0,0,0,0,0,0,0,0,0,0,0,0,0,0,0,0,0,0,0,0,0,0,0,0,0,0,0,0,0,0,0,0,0,0,0,0,0,0,0,0,0,0,0,0,0.003,0.003,0.01,0,0.01,0.009
BGL,24/07/2026,1.3,1.31,1.26,1.265,3870915,0.855,0.775,0.895,0.875,0.88,0.86,0.915,0.97,1,1.075,1.205,1.175,1.38,1.165,1.17,1.17,1.265,1.205,1.325,1.425,1.51,1.72,1.715,1.7,1.66,1.62,1.845,1.885,1.655,1.775,1.805,1.825,1.615,1.64,1.38,1.43,1.53,1.81,1.705,1.64,1.5,1.58,1.6,1.53,1.52,1.385,1.345,1.47,1.29,1.33,1.315,1.195,1.265
BGP,24/07/2026,3.8,3.8,3.8,3.8,0,5.45,5.45,5.5,5.5,5.5,5.5,5.5,5.5,5.55,5.55,5.54,5.55,5.57,5.56,5.56,5.56,5.56,5.56,5.57,5.56,5.58,5.59,5.59,5.6,5.6,5.6,5.61,5.48,5.2,4.18,4.1,3.82,3.82,3.83,3.98,3.99,4,3.98,3.98,3.98,3.98,3.96,3.64,3.66,3.66,3.8,3.8,3.8,3.8,3.8,3.8,3.8,3.8
BGT,24/07/2026,0.018,0.018,0.0175,0.0175,25842,0.021,0.019,0.022,0.021,0.021,0.022,0.021,0.022,0.03,0.036,0.035,0.031,0.028,0.029,0.025,0.026,0.029,0.028,0.026,0.026,0.022,0.025,0.023,0.025,0.025,0.026,0.03,0.035,0.033,0.031,0.031,0.033,0.037,0.035,0.034,0.032,0.033,0,0.038,0.038,0.037,0.034,0.028,0.029,0.028,0.022,0.022,0.02,0.02,0.017,0.017,0.017,0.0175
BHD,24/07/2026,0.25,0.25,0.25,0.25,0,0.18,0.18,0.18,0.18,0.18,0.18,0.18,0.18,0.18,0.18,0.18,0.18,0.18,0.185,0.185,0.195,0.185,0.185,0.185,0.19,0.19,0.19,0.195,0.2,0.19,0.19,0.195,0.195,0.2,0.19,0.19,0.185,0.1875,0.18,0.18,0.18,0.18,0,0.18,0.18,0.18,0.18,0.175,0.175,0.17,0.18,0.185,0.185,0.18,0.21,0.21,0.21,0.25
BHL,24/07/2026,0.2,0.2,0.2,0.2,2574,0,0,0,0,0,0,0,0,0,0,0,0,0,0,0,0,0,0,0,0.345,0.365,0.32,0.365,0.39,0.37,0.365,0.52,0.5,0.475,0.385,0.425,0.41,0.39,0.3,0.24,0.305,0.295,0.335,0.32,0.32,0.255,0.21,0.24,0.225,0.23,0.22,0.215,0.19,0.195,0.19,0.205,0.2,0.2
BHM,24/07/2026,0.695,0.7525,0.69,0.72,1373056,0.425,0.41,0.445,0.47,0.55,0.535,0.625,0.615,0.66,0.68,0.91,0.985,1.06,0.98,0.84,0.765,0.865,0.76,0.88,0.95,1.05,1.03,1.15,1.185,1.075,1.145,1.15,1.135,0.895,0.965,0.95,1.13,0.985,0.835,0.715,0.66,0.7,0.735,0.76,0.775,0.665,0.735,0.81,0.795,0.71,0.69,0.665,0.64,0.58,0.67,0.65,0.56,0.72
BHMOA,24/07/2026,0.36,0.365,0.33,0.33,12488,0.12,0.155,0.175,0.155,0.175,0.2,0.295,0.27,0.28,0.3,0.5,0.65,0.7,0.5,0.4,0.44,0.5,0.42,0.5,0.6,0.64,0.65,0,0.8,0.69,0.715,0.7,0.695,0.435,0.5,0.6,0.69,0.56,0.52,0.42,0.34,0,0,0.45,0.45,0.42,0.42,0.47,0.42,0.465,0.4,0.3,0.25,0.25,0.285,0,0.3,0.33
BHP,24/07/2026,59.61,59.8,58.66,58.85,6849803,40.8,39.22,40.21,41.96,42,43.19,41.61,40.81,39.64,42.22,42.08,42.22,43.6,43.24,43.45,42.65,42.75,40.37,41.67,44.84,45.59,44.36,45.62,45.76,47.72,48.99,48.43,50.57,48.79,51.13,53.33,58.41,52.81,49.8,47.47,50.37,51.23,53.98,55.92,56.1,54.94,57.95,60.46,59.75,62.31,61.24,62.93,61.4,58.99,60.5,58.28,57.54,58.85
BHYB,24/07/2026,9.87,9.87,9.85,9.86,27162,9.86,9.88,9.9,9.9,9.9,9.91,9.9,9.9,9.9,9.91,9.88,9.89,9.88,9.89,9.92,9.89,9.88,9.86,9.86,9.84,9.86,9.89,9.93,9.88,9.86,9.89,9.87,9.89,9.9,9.89,9.87,9.89,9.86,9.81,9.82,9.81,9.76,9.77,9.78,9.76,9.74,9.74,9.77,9.81,9.8,9.8,9.76,9.82,9.87,9.84,9.85,9.86,9.86
BILL,24/07/2026,100.66,100.69,100.66,100.66,106913,100.72,100.78,100.52,100.57,100.7,100.74,100.49,100.55,100.64,100.71,100.78,100.52,100.56,100.65,100.7,100.51,100.55,100.64,100.71,100.49,100.55,100.6,100.67,100.75,100.49,100.58,100.63,100.69,100.47,100.54,100.6,100.69,100.43,100.52,100.61,100.66,100.73,100.38,100.49,100.57,100.63,100.41,100.49,100.56,100.64,100.39,100.49,100.58,100.65,100.42,100.52,100.59,100.66
BIM,24/07/2026,0.125,0.125,0.125,0.125,0,0.105,0.11,0.11,0.11,0.11,0.11,0.105,0.115,0.105,0.12,0.12,0.135,0.13,0.12,0.11,0.105,0.095,0.096,0.09,0.086,0.089,0.095,0.097,0.091,0.115,0.105,0.1,0.105,0.105,0.105,0.1,0.097,0.095,0.1,0.096,0.096,0.093,0,0.11,0.12,0.145,0.14,0.135,0.125,0.12,0.11,0.097,0.097,0.095,0.09,0.105,0.1,0.125
BIMO,24/07/2026,0.025,0.025,0.025,0.025,517500,0,0,0,0,0,0,0,0,0,0,0,0,0,0,0,0,0,0,0,0,0,0.012,0,0.016,0.02,0.02,0.02,0.025,0.025,0.025,0.025,0.025,0.025,0.025,0.025,0.025,0,0,0.025,0.027,0.03,0.035,0.035,0.04,0.04,0.037,0.037,0.03,0.03,0.025,0,0.025,0.025
BIO,24/07/2026,0.26,0.2625,0.255,0.255,301947,0.57,0.525,0.525,0.545,0.56,0.54,0.51,0.475,0.475,0.46,0.485,0.485,0.465,0.47,0.46,0.44,0.44,0.41,0.44,0.39,0.395,0.415,0.43,0.415,0.405,0.475,0.44,0.45,0.45,0.41,0.405,0.42,0.41,0.385,0.345,0.32,0.34,0.345,0.34,0.325,0.29,0.285,0.28,0.26,0.2325,0.295,0.275,0.265,0.245,0.285,0.27,0.25,0.255
BIS,24/07/2026,4.4,4.4,4.31,4.33,29047,4.08,3.99,4.01,4.62,4.45,4.76,5.46,5.42,5.6,5.11,5.63,5.99,5.36,5.1,4.97,5.14,5.44,5.27,5.5,5.11,4.93,4.69,4.75,4.88,5.34,5.56,5.69,5.6,5.07,5.3,6.01,5.04,4.68,4.61,4.13,4.75,4.7,4.58,4.83,4.86,4.66,4.6,4.47,4.27,4.44,4.58,4.32,4.5,4.57,4.37,4.52,4.33,4.33
BIT,24/07/2026,0.002,0.002,0.002,0.002,1040000,0.0025,0.0025,0.0025,0.003,0.004,0.0035,0.003,0.0035,0.0035,0.003,0.003,0.0035,0.005,0.004,0.004,0.004,0.004,0.003,0.003,0.003,0.003,0.003,0.003,0.0035,0.003,0.003,0.003,0.004,0.0035,0.003,0.0035,0.003,0.003,0.003,0.003,0.0025,0.0025,0.003,0.0025,0.003,0.003,0.003,0.003,0.003,0.002,0.002,0.002,0.0025,0.003,0.0025,0.002,0.002,0.002
BITO,24/07/2026,0.001,0.001,0.001,0.001,0,0,0,0,0,0,0,0,0,0,0,0,0,0,0,0,0,0,0,0,0,0,0,0,0.001,0.001,0.001,0.001,0.001,0.001,0.001,0.001,0.001,0.001,0.001,0.001,0.001,0,0,0.001,0.001,0.001,0.001,0.001,0.001,0.001,0.001,0.001,0.001,0.001,0.001,0,0.001,0.001
BKB,24/07/2026,0.495,0.495,0.47,0.48,97800,0,0,0,0,0,0,0,0,0,0,0,0,0,0,0,0,0,0.525,0.635,0.72,0.755,0.8,0.895,1,0.895,1.06,1.05,0.99,0.775,0.795,0.885,1,0.88,0.78,0.645,0.55,0.675,0.64,0.68,0.65,0.565,0.67,0.7,0.73,0.67,0.615,0.605,0.575,0.46,0.52,0.515,0.49,0.48
BKI,24/07/2026,1.84,1.86,1.83,1.845,265423,1.805,1.855,1.87,1.82,1.815,1.8,1.8,1.795,1.785,1.78,1.775,1.78,1.77,1.76,1.8,1.74,1.73,1.705,1.715,1.705,1.705,1.695,1.715,1.72,1.725,1.74,1.74,1.74,1.75,1.755,1.745,1.77,1.735,1.73,1.715,1.7,1.695,1.73,1.73,1.715,1.77,1.8,1.795,1.765,1.78,1.735,1.75,1.77,1.775,1.785,1.825,1.825,1.845
BKT,24/07/2026,0.011,0.0115,0.011,0.0115,1019991,0.035,0.03,0.029,0.0285,0.029,0.0275,0.019,0.02,0.018,0.019,0.02,0.027,0.026,0.019,0.018,0.017,0.017,0.016,0.015,0.016,0.015,0.014,0.014,0.016,0.02,0.019,0.019,0.018,0.018,0.018,0.018,0.0175,0.018,0.017,0.015,0.0145,0.014,0.016,0.017,0.016,0.015,0.015,0.014,0.014,0.015,0.014,0.012,0.013,0.011,0.012,0.011,0.011,0.0115
BKTOE,24/07/2026,0.003,0.003,0.003,0.003,141981,0,0,0,0,0,0,0,0,0,0,0,0,0,0,0.004,0.004,0.004,0.004,0.004,0.004,0.005,0.004,0,0.004,0.005,0.005,0.006,0.005,0.003,0.004,0.006,0.006,0.006,0.005,0.004,0.004,0,0,0.005,0.004,0.004,0.004,0.003,0.003,0.004,0.002,0.002,0.002,0.002,0.002,0,0.002,0.003
BKY,24/07/2026,0.525,0.525,0.475,0.49,5744,0.53,0.54,0.535,0.54,0.52,0.53,0.52,0.515,0.56,0.59,0.59,0.56,0.565,0.555,0.585,0.54,0.535,0.5,0.52,0.495,0.51,0.605,0.55,0.505,0.535,0.505,0.585,0.57,0.5,0.495,0.57,0.555,0.46,0.46,0.455,0.455,0.45,0.435,0.43,0.41,0.43,0.425,0.415,0.44,0.46,0.445,0.445,0.55,0.49,0.485,0.445,0.46,0.49
BLG,24/07/2026,0.375,0.375,0.345,0.36,455154,0.009,0.01,0.01,0.013,0.013,0.011,0.011,0.012,0.0115,0.011,0.012,0.013,0.011,0.0105,0.013,0.011,0.011,0.012,0,0.215,0.24,0.24,0.23,0.245,0.24,0.33,0.275,0.245,0.215,0.22,0.18,0.2,0.33,0.285,0.26,0.245,0.25,0,0.245,0.24,0.235,0.235,0.235,0.26,0.29,0.38,0.3,0.375,0.305,0.365,0.34,0.345,0.36
BLS,24/07/2026,0.845,0.87,0.83,0.84,98518,0,0,0,0,0,0,0,0,0,0,0,0,0,0,0,0,0,0,0,0,0,0,0,0,0,0,0,0,0,0,0,0,0,0,0,0,0,0,0,0,0,0,0,0,0,0,0,0,0,0,0.9,0.865,0.84
BLU,24/07/2026,0.0035,0.0035,0.0035,0.0035,1760237,0.007,0.008,0.007,0.008,0.009,0.006,0.007,0.007,0.006,0.007,0.007,0.006,0.006,0.006,0.005,0.005,0.005,0.005,0.004,0.005,0.006,0.007,0.006,0.007,0.006,0.007,0.008,0.007,0.007,0.006,0.006,0.007,0.006,0.005,0.006,0.005,0.007,0,0.006,0.006,0.005,0.006,0.0055,0.005,0.0055,0.005,0.005,0.0045,0.004,0.0035,0.0035,0.004,0.0035
BLX,24/07/2026,1.69,1.69,1.64,1.645,45240,3.56,3.5,3.67,3.53,3.6,3.46,3.37,3.24,3.3,3.11,3.32,3.32,3.04,2.95,2.79,2.8,2.74,2.77,2.94,2.85,2.72,2.68,2.8,2.83,2.71,2.74,2.68,2.5,2.4,2.62,2.45,2.22,1.94,1.84,1.71,1.63,1.535,1.74,1.7,1.625,1.53,1.72,1.65,1.595,1.56,1.48,1.59,1.72,1.725,1.625,1.7,1.74,1.645
BLZ,24/07/2026,0.001,0.001,0.001,0.001,0,0.0035,0.004,0.004,0.003,0.003,0.003,0.003,0.003,0.002,0.0025,0.0025,0.003,0.0035,0.003,0.003,0.003,0.003,0.003,0.002,0.0015,0.0015,0.001,0.001,0.0015,0.001,0.002,0.001,0.0015,0.001,0.001,0.001,0.0015,0.0015,0.0015,0.001,0.001,0.001,0,0.0015,0.001,0.001,0.001,0.001,0.001,0.001,0.001,0.001,0.001,0.001,0.001,0.001,0.001,0.001
BLZO,24/07/2026,0.001,0.001,0.001,0.001,0,0.001,0.001,0.001,0.001,0.001,0.001,0.001,0.001,0.001,0.001,0.001,0.001,0.001,0.001,0.001,0.001,0.001,0.001,0.001,0.001,0.001,0.001,0,0.001,0.001,0.001,0.001,0.001,0.001,0.001,0.001,0.001,0.001,0.001,0.001,0.001,0,0,0.001,0.001,0.001,0.001,0.001,0.001,0.001,0.001,0.001,0.001,0.001,0.001,0,0.001,0.001
BM1,24/07/2026,0.655,0.655,0.6,0.605,538592,0.42,0.37,0.44,0.465,0.46,0.415,0.42,0.43,0.49,0.56,0.69,0.635,0.55,0.495,0.545,0.565,0.69,0.62,0.67,0.58,0.615,0.62,0.69,0.67,0.695,0.895,0.945,0.9,0.735,0.84,0.76,0.91,0.82,0.755,0.655,0.63,0.66,0.735,0.66,0.68,0.665,0.78,0.75,0.7,0.77,0.7,0.675,0.715,0.66,0.705,0.67,0.58,0.605
BM8,24/07/2026,0.047,0.047,0.047,0.047,0,0.06,0.069,0.066,0.085,0.079,0.083,0.079,0.074,0.095,0.09,0.098,0.245,0.21,0.2,0.155,0.145,0.14,0.125,0.14,0.14,0.125,0.115,0.13,0.115,0.115,0.125,0.135,0.165,0.105,0.12,0.115,0.12,0.095,0.09,0.077,0.06,0.065,0.061,0.075,0.08,0.078,0.076,0.07,0.06,0.054,0.058,0.054,0.06,0.046,0.05,0.048,0.042,0.047
BM8O,24/07/2026,0.02,0.02,0.02,0.02,0,0,0,0,0,0,0,0,0,0,0.045,0.045,0.15,0.145,0.14,0.095,0.095,0.075,0.06,0.06,0.075,0.075,0.075,0,0.06,0.052,0.072,0.072,0.075,0.063,0.063,0.05,0.06,0.035,0.027,0.027,0.025,0,0,0.028,0.035,0.036,0.035,0.035,0.035,0.025,0.025,0.022,0.024,0.02,0.021,0,0.02,0.02
BMC,24/07/2026,2.8,2.8,2.56,2.69,206411,0,0,0,0,0,0,0,0,0,0,0,0,0,0,0,0,0,0,0,0,2.5,2.3,2.46,2.6,2.57,3.3,3.19,3.19,2.67,2.73,2.61,2.75,2.71,2.33,2.3,2.2,2.36,2.5,2.7,2.82,3.02,2.98,3.68,3.2,3.16,2.91,2.85,2.81,2.82,2.8,2.88,2.65,2.69
BMH,24/07/2026,0.012,0.012,0.01,0.01,250000,0.011,0.011,0.011,0.011,0.011,0.011,0.011,0.011,0.011,0.011,0.011,0.011,0.011,0.011,0.008,0.008,0.007,0.007,0.007,0.007,0.007,0.007,0.007,0.007,0.007,0.007,0.007,0.007,0.007,0.007,0.006,0.006,0.006,0.006,0.006,0.006,0.006,0,0.006,0.006,0.006,0.006,0.006,0.006,0.006,0.006,0.006,0.006,0.006,0.024,0.013,0.012,0.01
BML,24/07/2026,0.39,0.39,0.365,0.375,1693034,0.2,0.1575,0.175,0.17,0.165,0.17,0.225,0.28,0.36,0.455,0.42,0.495,0.425,0.375,0.38,0.35,0.42,0.355,0.46,0.41,0.445,0.395,0.455,0.47,0.45,0.535,0.56,0.56,0.465,0.64,0.59,0.685,0.575,0.505,0.43,0.42,0.4,0.42,0.445,0.415,0.395,0.425,0.415,0.395,0.4,0.35,0.365,0.4,0.34,0.41,0.39,0.36,0.375
BMM,24/07/2026,0.065,0.065,0.065,0.065,0,0.065,0.061,0.072,0.135,0.205,0.245,0.19,0.2,0.19,0.245,0.23,0.19,0.215,0.15,0.13,0.105,0.125,0.1,0.093,0.088,0.08,0.086,0.096,0.093,0.13,0.13,0.125,0.11,0.098,0.088,0.086,0.096,0.11,0.1,0.069,0.066,0.084,0.094,0.094,0.09,0.085,0.09,0.092,0.086,0.089,0.085,0.085,0.08,0.065,0.053,0.054,0.064,0.065
BMMO,24/07/2026,0.04,0.04,0.04,0.04,0,0,0,0,0,0,0,0,0,0,0,0,0.145,0.18,0.1,0.08,0.055,0.055,0.055,0.045,0.046,0.048,0.037,0,0.032,0.03,0.065,0.065,0.056,0.056,0.05,0.035,0.035,0.038,0.043,0.041,0.041,0,0,0.042,0.042,0.04,0.036,0.049,0.033,0.033,0.048,0.052,0.052,0.04,0.04,0,0.04,0.04
BMN,24/07/2026,3.47,3.5,3.28,3.3,667938,3.09,2.51,2.58,2.45,2.48,2.86,3.23,3.41,3.5,3.78,3.81,3.7,3.52,3.1,3.68,3.04,3.08,2.79,3,3.37,3.37,3.39,3.61,3.44,3.6,3.77,4.18,4.65,3.51,3.71,4.33,4.65,4.21,3.97,3.64,3.5,3.75,3.88,4.49,4.48,4.17,4.01,3.86,3.64,3.56,3.64,3.14,3.4,3.12,3.32,3.55,3.18,3.3
BMR,24/07/2026,0.12,0.125,0.12,0.12,90030,0.205,0.17,0.165,0.155,0.15,0.15,0.16,0.155,0.155,0.145,0.145,0.155,0.17,0.16,0.16,0.155,0.195,0.205,0.225,0.25,0.255,0.305,0.335,0.345,0.32,0.41,0.41,0.325,0.3,0.255,0.265,0.285,0.235,0.195,0.195,0.165,0.17,0.17,0.165,0.135,0.145,0.18,0.14,0.13,0.13,0.12,0.125,0.135,0.115,0.12,0.13,0.125,0.12
BMT,24/07/2026,0.14,0.14,0.14,0.14,3600,0.26,0.26,0.255,0.235,0.26,0.235,0.235,0.22,0.21,0.19,0.225,0.21,0.22,0.21,0.22,0.2,0.2,0.2,0.22,0.215,0.21,0.2,0.1825,0.22,0.205,0.18,0.2,0.2,0.18,0.17,0.15,0.16,0.165,0.15,0.145,0.14,0.1475,0.15,0.145,0.135,0.12,0.105,0.105,0.09,0.096,0.093,0.095,0.145,0.155,0.15,0.13,0.12,0.14
BNDS,24/07/2026,23.09,23.09,23.04,23.07,25661,23.92,23.88,23.99,24.07,23.97,24,23.88,23.98,24.02,23.88,23.87,23.9,24.19,24.14,23.93,23.89,23.77,23.74,23.64,23.43,23.39,23.43,23.41,23.32,23.47,23.5,23.38,23.41,23.33,23.46,23.44,23.54,23.25,23.11,23,22.93,23,23.08,23.07,23.12,22.98,23.09,23,23.2,23.29,23.15,23.31,23.32,23.44,23.32,23.3,23.24,23.07
BNKS,24/07/2026,14,14,13.88,13.91,82350,10.34,10.21,10.23,10.65,10.62,10.69,10.76,10.9,10.96,11,10.97,10.83,10.71,10.88,11.12,11.25,11.51,11.14,11.57,11.85,12.1,12.11,12.32,12.21,12.45,12.52,12.45,12.5,12.69,12.58,12.695,12.73,12.02,11.68,11.63,11.73,11.94,12.66,12.76,12.57,12.75,12.72,12.52,12.99,12.96,13.3,13.44,13.92,14.1,13.67,13.74,13.82,13.91
BNL,24/07/2026,0.006,0.006,0.005,0.005,2039326,0.007,0.006,0.008,0.008,0.008,0.007,0.006,0.007,0.007,0.007,0.007,0.007,0.007,0.006,0.006,0.006,0.006,0.006,0.007,0.007,0.0065,0.007,0.006,0.005,0.005,0.005,0.005,0.005,0.005,0.005,0.004,0.005,0.006,0.006,0.009,0.009,0.008,0.007,0.007,0.008,0.008,0.007,0.0065,0.007,0.007,0.007,0.006,0.006,0.005,0.005,0.005,0.006,0.005
BNR,24/07/2026,0.039,0.039,0.039,0.039,411270,0.047,0.054,0.052,0.048,0.045,0.049,0.059,0.066,0.063,0.063,0.056,0.057,0.061,0.056,0.052,0.048,0.047,0.05,0.05,0.051,0.053,0.058,0.0545,0.055,0.053,0.054,0.056,0.058,0.057,0.057,0.058,0.057,0.054,0.05,0.047,0.047,0.048,0,0.045,0.044,0.043,0.04,0.04,0.037,0.044,0.042,0.037,0.04,0.039,0.039,0.039,0.036,0.039
BNROA,24/07/2026,0.009,0.009,0.009,0.009,0,0.02,0.02,0.02,0.02,0.008,0.008,0.008,0.02,0.02,0.02,0.02,0.02,0.02,0.02,0.015,0.01,0.008,0.012,0.012,0.012,0.012,0.012,0,0.012,0.012,0.012,0.012,0.013,0.013,0.013,0.01,0.01,0.01,0.012,0.012,0.009,0,0,0.009,0.009,0.009,0.009,0.009,0.009,0.009,0.009,0.009,0.009,0.009,0.009,0,0.009,0.009
BNZ,24/07/2026,2.98,3.29,2.98,3.26,1738655,0.6,0.66,0.985,1.08,1.25,1.13,1.18,1.42,1.69,1.72,1.79,1.555,1.685,1.655,1.53,1.475,1.45,1.325,1.525,1.46,1.61,1.64,1.72,1.74,1.56,1.88,2.3,2.5,2.84,3,3.03,2.98,2.92,2.78,1.985,2,2.33,2.64,2.4,2.12,2.13,2.1,2.2,1.99,1.785,1.8,1.735,1.91,2.4,2.6,2.58,2.35,3.26
BOA,24/07/2026,0.054,0.055,0.054,0.055,640000,0.0185,0.018,0.02,0.023,0.023,0.023,0.023,0.022,0.022,0.023,0.025,0.032,0.033,0.034,0.034,0.03,0.03,0.03,0.027,0.025,0.027,0.028,0.029,0.031,0.03,0.034,0.037,0.037,0.034,0.035,0.04,0.04,0.039,0.041,0.041,0.036,0.04,0.04,0.04,0.048,0.049,0.05,0.051,0.065,0.059,0.058,0.058,0.057,0.067,0.065,0.065,0.063,0.055
BOC,24/07/2026,0.24,0.24,0.23,0.23,24135,0.69,0.72,0.62,0.61,0.545,0.605,0.62,0.61,0.645,0.675,0.865,0.95,1.53,1.18,1.46,0.92,1.055,1.15,0.6,0.63,0.67,0.65,0.655,0.75,0.89,0.99,1.06,0.89,0.83,0.685,0.75,0.83,0.79,0.8,0.675,0.64,0.635,0,0.635,0.635,0.635,0.635,0.635,0.57,0.615,0.595,0.64,0.265,0.225,0.22,0.26,0.245,0.23
BOE,24/07/2026,1.35,1.365,1.295,1.3,2556067,3.4,1.705,1.815,1.705,1.72,1.955,1.97,1.71,1.91,2.12,2,1.945,1.825,1.665,1.99,1.685,1.68,1.58,1.615,1.685,1.77,1.315,1.41,1.565,1.595,1.58,1.87,1.95,1.43,1.63,1.715,1.635,1.62,1.58,1.56,1.495,1.575,1.68,1.71,1.605,1.425,1.39,1.32,1.26,1.28,1.275,1.12,1.19,1.01,1.275,1.35,1.215,1.3
BOL,24/07/2026,1.91,1.92,1.85,1.85,112288,1.35,1.34,1.31,1.32,1.4,1.34,1.335,1.29,1.325,1.42,1.4,1.38,1.4,1.4,1.43,1.43,1.425,1.52,1.6,1.645,1.65,1.65,1.68,1.735,1.68,1.59,1.61,1.67,1.63,1.58,1.76,1.89,1.845,1.73,1.71,1.68,1.75,1.705,1.82,1.8,1.79,1.8,1.8,1.78,1.78,1.85,2,2.23,2.16,2.15,2.18,1.975,1.85
BOND,24/07/2026,25.07,25.08,25.03,25.03,648,25.8,25.87,25.98,26.05,25.97,26.02,25.97,26.08,26.14,25.99,25.81,25.81,26.15,26.1,25.9,25.92,25.79,25.77,25.7,25.53,25.49,25.55,25.59,25.22,25.3,25.46,25.33,25.38,25.36,25.49,25.51,25.61,25.36,25.25,25.12,25.03,24.95,25.05,25.03,25.05,25.07,25.1,25.03,25.26,25.38,25.29,25.45,25.48,25.64,25.29,25.31,25.25,25.03
BOQ,24/07/2026,6.38,6.41,6.34,6.37,990077,7.48,7.58,7.75,7.83,8.02,7.27,6.9,7.08,7.09,7.18,7.31,7.22,7.14,7.08,6.86,6.8,6.63,6.44,6.44,6.42,6.52,6.55,6.55,6.61,6.5,6.59,6.78,6.79,6.85,6.99,7.06,7,6.93,6.8,6.91,6.96,6.8,7.43,7.31,6.68,6.65,6.34,6.21,6.35,6.26,6.02,6.24,6.32,6.24,6.18,6.3,6.4,6.37
BOQPF,24/07/2026,102.76,102.836,102.65,102.69,3455,104.12,103,103,103.04,102.9,103.94,103.41,103.51,103.36,103.74,103.66,104.2,103.999,103.84,102.21,102.41,102.53,102.93,102.22,103,103.25,103.2,103.34,103.47,103.65,103.62,103.73,102.8,103,103.79,103.28,102.7,102.65,102.41,102.36,102.37,102.57,102.09,102.15,102.14,101.11,101.02,101.26,101.3,101.63,101.92,102.18,102.8,102.8,102.85,102.72,103.05,102.69
BOQPG,24/07/2026,104.08,104.4,103.95,104.4,2564,104.05,104.06,104.64,105.36,104.99,104.5,103.87,104.09,104.1,103.91,104.76,104.31,104.68,104.95,104.08,104.87,105.03,104.5,102.25,103.601,103.57,104,104.13,104.21,103.85,104.3,104.01,104.62,105.25,105.31,105.58,103.4,103.6,103.55,104,103.28,103.35,103.7,103,103.49,103.16,103.74,103.75,103.989,102.81,102.75,102.84,103.3,104.72,104.5,104.3,104.19,104.4
BOT,24/07/2026,0.023,0.023,0.021,0.023,10831084,0.17,0.145,0.15,0.15,0.15,0.145,0.135,0.125,0.13,0.155,0.165,0.145,0.145,0.145,0.135,0.13,0.13,0.12,0.12,0.12,0.115,0.12,0.12,0.135,0.14,0.135,0.125,0.11,0.12,0.1125,0.06,0.056,0.057,0.049,0.043,0.041,0.04,0.036,0.037,0.033,0.027,0.027,0.028,0.025,0.024,0.022,0.023,0.022,0.019,0.021,0.024,0.025,0.023
BP8,24/07/2026,0.002,0.002,0.002,0.002,250000,0.002,0.002,0.001,0.002,0.002,0.002,0.002,0.002,0.002,0.002,0.002,0.002,0.002,0.002,0.002,0.002,0.002,0.002,0.0015,0.002,0.002,0.002,0.002,0.002,0.0015,0.0015,0.002,0.002,0.003,0.002,0.002,0.002,0.002,0.002,0.002,0.002,0.002,0,0.002,0.002,0.002,0.002,0.0015,0.0015,0.002,0.002,0.0015,0.002,0.0015,0.002,0.0015,0.0015,0.002
BP8O,24/07/2026,0.001,0.001,0.001,0.001,0,0.001,0.001,0.001,0.001,0.001,0.001,0.001,0.001,0.001,0.001,0.001,0.001,0.001,0.001,0.001,0.001,0.001,0.001,0.001,0.001,0.001,0.001,0,0.001,0.001,0.001,0.001,0.001,0.001,0.001,0.001,0.001,0.001,0.001,0.001,0.001,0,0,0.001,0.001,0.001,0.001,0.001,0.001,0.001,0.001,0.001,0.001,0.001,0.001,0,0.001,0.001
BPG,24/07/2026,0.39,0.39,0.39,0.39,0,0,0,0,0,0,0,0,0,0,0,0,0,0,0,0,0,0,0,0.86,0.84,0.805,0.84,0.855,0.82,0.8,0.88,0.88,0.975,0.9,0.885,0.865,0.795,0.735,0.73,0.7,0.675,0.67,0.67,0.75,0.645,0.655,0.6,0.55,0.55,0.58,0.525,0.505,0.44,0.405,0.49,0.4,0.4,0.39
BPH,24/07/2026,0.002,0.0025,0.002,0.0025,125467,0.008,0.009,0.0085,0.016,0.014,0.015,0.014,0.014,0.012,0.01,0.009,0.0085,0.009,0.009,0.009,0.009,0.01,0.009,0.009,0.009,0.009,0.009,0.01,0.009,0.011,0.012,0.011,0.009,0.01,0.011,0.011,0.008,0.008,0.008,0.008,0.007,0.007,0.008,0.007,0.008,0.008,0.007,0.008,0.008,0.008,0.007,0.008,0.004,0.003,0.003,0.003,0.003,0.0025
BPHOF,24/07/2026,0.001,0.001,0.001,0.001,0,0,0,0,0,0,0,0,0,0,0,0,0,0,0,0,0,0,0,0,0,0,0,0,0,0,0,0,0,0,0,0.002,0.001,0.001,0.001,0.001,0.002,0,0,0.002,0.001,0.002,0.001,0.002,0.001,0.001,0.001,0.001,0.001,0.001,0.001,0,0.001,0.001
BPM,24/07/2026,0.155,0.155,0.155,0.155,0,0.047,0.041,0.04,0.049,0.089,0.083,0.08,0.082,0.105,0.12,0.14,0.135,0.12,0.125,0.125,0.12,0.1225,0.17,0.17,0.155,0.145,0.14,0.165,0.17,0.21,0.2,0.26,0.24,0.195,0.27,0.315,0.305,0.2975,0.24,0.205,0.19,0.22,0.26,0.235,0.235,0.215,0.205,0.22,0.2,0.2,0.19,0.185,0.17,0.14,0.165,0.17,0.175,0.155
BPMOB,24/07/2026,0.04,0.04,0.04,0.04,0,0.013,0.013,0.003,0.003,0.025,0.015,0.015,0.02,0.025,0.022,0.027,0.026,0.027,0.035,0.035,0.021,0.025,0.034,0.031,0.033,0.032,0.027,0,0.036,0.038,0.052,0.1,0.09,0.079,0.105,0.15,0.14,0.145,0.1,0.072,0.062,0,0,0.09,0.09,0.08,0.08,0.08,0.08,0.08,0.08,0.055,0.051,0.053,0.041,0,0.03,0.04
BPP,24/07/2026,0.0775,0.0775,0.0775,0.0775,0,0.005,0.005,0.005,0.006,0.006,0.006,0.005,0.005,0.005,0.006,0.006,0.005,0.006,0.005,0.005,0.005,0.005,0.005,0.005,0,0.135,0.125,0.14,0.14,0.14,0.135,0.13,0.12,0.105,0.1,0.1,0.095,0.094,0.094,0.094,0.092,0.092,0.086,0.0775,0.0775,0.0775,0.0775,0.0775,0.0775,0.0775,0.0775,0.0775,0.0775,0.0775,0.0775,0.0775,0.0775,0.0775
BPT,24/07/2026,0.91,0.925,0.885,0.905,14589303,1.365,1.14,1.265,1.25,1.26,1.2,1.205,1.175,1.16,1.19,1.155,1.125,1.09,1.255,1.24,1.26,1.27,1.185,1.18,1.17,1.15,1.14,1.16,1.17,1.1,1.135,1.185,1.23,1.145,1.075,1.14,1.095,1.15,1.16,1.27,1.275,1.305,1.215,1.2,1.22,1.17,1.075,1.105,1.13,1.08,1.09,1.075,0.965,0.85,0.84,0.875,0.875,0.905
BRE,24/07/2026,3.9,3.9,3.705,3.78,277051,2.43,2.16,2.26,2.21,2.07,2.33,3.15,2.93,3.77,3.74,4.16,5,5.68,5.34,5.72,4.65,4.38,4.26,4.35,4,4,4.3,4.05,3.82,4.16,4.22,4.11,3.8,3.51,4.12,4.51,5.36,5.36,5.1,4.17,4.14,4.12,4.51,4.43,4.84,5.03,5.29,5.34,6.45,6.61,4.99,5.26,4.91,4.56,4.57,4,3.55,3.78
BRG,24/07/2026,30.01,30.505,29.59,29.64,254328,32.03,33.24,33.96,36.18,35.13,33.73,31.6,30.59,32.58,31.28,29.84,28.9,28.21,28.95,29.69,30.15,31,30.45,30.94,29.42,28.94,28.93,29.84,29.94,30.14,31.29,30.97,32.2,31.21,31.82,32.6,31.91,29.49,27.5,26.21,26.28,26.88,28.25,28.79,30.67,29.67,27.88,29.26,29,28.94,28.85,30.02,31.31,31.43,31.84,31.5,31.05,29.64
BRI,24/07/2026,1.37,1.37,1.37,1.37,200000,1.39,1.405,1.42,1.39,1.41,1.48,1.445,1.43,1.42,1.43,1.44,1.42,1.42,1.435,1.435,1.435,1.425,1.39,1.3,1.4,1.41,1.395,1.405,1.39,1.41,1.405,1.395,1.39,1.4,1.445,1.47,1.46,1.45,1.45,1.38,1.335,1.395,1.35,1.33,1.35,1.33,1.385,1.37,1.365,1.34,1.35,1.32,1.345,1.33,1.38,1.42,1.4,1.37
BRK,24/07/2026,0.43,0.445,0.425,0.425,144942,0.42,0.42,0.415,0.385,0.37,0.37,0.365,0.36,0.365,0.4,0.38,0.375,0.38,0.41,0.4,0.395,0.405,0.41,0.445,0.505,0.475,0.455,0.47,0.475,0.47,0.405,0.395,0.41,0.41,0.45,0.46,0.41,0.455,0.51,0.47,0.48,0.605,0.55,0.605,0.59,0.6,0.52,0.505,0.465,0.46,0.5,0.465,0.405,0.4,0.385,0.375,0.385,0.425
BRL,24/07/2026,0.41,0.42,0.395,0.42,592,0.8,0.8,0.8,0.74,0.79,0.74,0.735,0.76,0.76,0.76,0.74,0.745,0.705,0.64,0.63,0.625,0.67,0.67,0.67,0.625,0.65,0.65,0.62,0.72,0.71,0.72,0.675,0.68,0.63,0.61,0.645,0.67,0.64,0.595,0.56,0.53,0.615,0,0.56,0.61,0.555,0.57,0.555,0.55,0.56,0.515,0.535,0.5,0.49,0.47,0.5,0.445,0.42
BRN,24/07/2026,0.13,0.13,0.115,0.12,13163236,0.22,0.2,0.205,0.195,0.195,0.205,0.22,0.195,0.205,0.215,0.2,0.24,0.21,0.195,0.2,0.195,0.18,0.175,0.18,0.19,0.165,0.16,0.175,0.18,0.185,0.17,0.175,0.145,0.14,0.135,0.135,0.155,0.14,0.14,0.13,0.145,0.145,0.145,0.155,0.15,0.155,0.155,0.155,0.15,0.165,0.19,0.175,0.17,0.15,0.155,0.15,0.14,0.12
BRU,24/07/2026,0.013,0.013,0.013,0.013,249999,0.022,0.023,0.022,0.024,0.024,0.024,0.019,0.018,0.02,0.0185,0.02,0.019,0.0195,0.02,0.018,0.018,0.019,0.019,0.017,0.017,0.017,0.018,0.016,0.017,0.022,0.023,0.024,0.023,0.022,0.022,0.024,0.024,0.022,0.024,0.022,0.025,0.019,0.019,0.018,0.015,0.014,0.015,0.013,0.014,0.0145,0.013,0.013,0.013,0.011,0.012,0.012,0.013,0.013
BRUOA,24/07/2026,0.003,0.003,0.003,0.003,18999980,0,0,0,0,0,0,0,0,0,0,0,0,0,0,0,0,0,0,0,0,0,0,0,0,0,0,0,0,0,0,0,0,0,0,0,0,0,0,0,0,0,0,0,0,0,0,0,0,0,0.002,0,0.002,0.003
BRY,24/07/2026,0.015,0.016,0.015,0.015,34632,0,0,0,0,0,0,0,0,0,0,0,0,0,0,0,0,0,0,0,0,0,0,0,0,0,0,0,0,0.001,0.001,0.001,0.001,0.001,0.001,0.001,0.001,0.001,0.001,0.001,0.001,0.001,0.001,0.001,0.001,0.001,0.001,0.001,0.001,0.001,0.001,0,0,0.015
BRYO,24/07/2026,0.005,0.005,0.004,0.004,1219000,0,0,0,0,0,0,0,0,0,0,0,0,0,0,0,0,0,0,0,0,0,0,0,0,0,0,0,0,0.001,0.001,0.001,0.001,0.001,0.001,0.001,0.001,0,0,0.001,0.001,0.001,0.001,0.001,0.001,0.001,0.001,0.001,0.001,0.001,0.001,0,0,0.004
BSA,24/07/2026,0.32,0.32,0.32,0.32,78,0.079,0.13,0.14,0.14,0.14,0.094,0.1,0.13,0.125,0.135,0.15,0.145,0.135,0.135,0.12,0.13,0.135,0.115,0.12,0.115,0.115,0.12,0.145,0.15,0.165,0.155,0.16,0.16,0.1725,0.28,0.255,0.335,0.38,0.425,0.38,0.375,0.36,0.345,0.315,0.32,0.34,0.325,0.325,0.3,0.32,0.295,0.335,0.31,0.33,0.3,0.3,0.33,0.32
BSL,24/07/2026,32.25,32.45,31.98,32.12,1170329,24.83,23.38,23.73,24.24,23.25,22.95,22.91,22.29,22.43,22.7,22.8,20.99,20.88,21.96,22.9,22.24,22.81,21.96,24.27,23.78,23.97,23.58,24.01,24.14,30,31.01,30.47,30.24,28.91,29.16,28.25,28,27.08,26.25,27.3,26.73,26.07,28.56,28.59,29.46,30,30.13,30.14,30.15,31.72,33.19,33.48,33.24,33.46,31.32,32,31.71,32.12
BSN,24/07/2026,0.023,0.023,0.023,0.023,10000,0.018,0.019,0.02,0.022,0.025,0.046,0.047,0.048,0.041,0.062,0.061,0.066,0.057,0.06,0.061,0.054,0.055,0.051,0.054,0.045,0.046,0.041,0.04,0.046,0.041,0.045,0.052,0.061,0.041,0.041,0.029,0.032,0.027,0.036,0.031,0.028,0.03,0.03,0.031,0.035,0.035,0.035,0.035,0.034,0.037,0.033,0.035,0.035,0.032,0.033,0.028,0.028,0.023
BSR,24/07/2026,0.42,0.42,0.415,0.415,21225,0,0,0,0,0,0,0,0,0,0,0,0,0,0,0,0,0,0,0,0,0,0,0,0,0,0,0,0,0,0,0,0,0,0,0,0,0,0,0.57,0.4,0.41,0.51,0.52,0.52,0.53,0.505,0.5,0.43,0.43,0.41,0.35,0.34,0.415
BST,24/07/2026,0.355,0.38,0.31,0.32,572556,0,0,0,0,0,0,0,0,0,0,0,0,0,0,0,0,0,0,0,0,0,0,0,0,0,0,0,0,0,0,0,0,0,0,0,0,0,0,0,0,0,0,0,0,0,0,0.595,0.46,0.345,0.345,0.285,0.345,0.32
BSUB,24/07/2026,25.72,25.74,25.71,25.73,49184,25.52,25.46,25.49,25.53,25.57,25.61,25.54,25.59,25.62,25.66,25.58,25.63,25.65,25.68,25.69,25.63,25.62,25.65,25.65,25.58,25.61,25.62,25.64,25.58,25.62,25.66,25.68,25.75,25.69,25.7,25.74,25.74,25.61,25.61,25.62,25.63,25.55,25.59,25.63,25.68,25.59,25.63,25.65,25.67,25.7,25.63,25.66,25.7,25.71,25.66,25.68,25.69,25.73
BSX,24/07/2026,0.043,0.043,0.043,0.043,233356,0.074,0.069,0.068,0.072,0.07,0.068,0.069,0.067,0.067,0.077,0.078,0.085,0.076,0.068,0.053,0.041,0.044,0.044,0.043,0.041,0.041,0.045,0.046,0.051,0.057,0.051,0.06,0.058,0.053,0.043,0.048,0.045,0.04,0.035,0.034,0.034,0.03,0.037,0.05,0.048,0.053,0.05,0.051,0.048,0.051,0.045,0.038,0.046,0.036,0.038,0.039,0.041,0.043
BTC,24/07/2026,0.053,0.053,0.053,0.053,0,0.063,0.065,0.064,0.062,0.058,0.065,0.065,0.067,0.065,0.064,0.062,0.062,0.056,0.058,0.058,0.058,0.061,0.06,0.06,0.062,0.061,0.063,0.062,0.062,0.065,0.065,0.061,0.061,0.065,0.07,0.063,0.063,0.063,0.059,0.059,0.055,0.055,0.054,0.054,0.054,0.054,0.054,0.054,0.054,0.054,0.055,0.052,0.054,0.055,0.058,0.058,0.055,0.053
BTE,24/07/2026,0.05,0.05,0.049,0.05,190000,0.066,0.069,0.07,0.07,0.07,0.065,0.065,0.065,0.06,0.059,0.07,0.064,0.06,0.054,0.055,0.06,0.06,0.065,0.06,0.053,0.065,0.058,0.058,0.06,0.06,0.062,0.06,0.057,0.055,0.048,0.048,0.048,0.056,0.05,0.048,0.049,0.052,0.054,0.051,0.052,0.065,0.057,0.055,0.055,0.064,0.056,0.055,0.052,0.044,0.043,0.043,0.049,0.05
BTI,24/07/2026,1.02,1.04,0.99,1.01,315054,1.19,1.16,1.19,1.21,1.145,1.215,1.195,1.19,1.22,1.225,1.22,1.25,1.215,1.225,1.22,1.215,1.215,1.175,1.21,1.18,1.195,1.215,1.21,1.22,1.24,1.26,1.24,1.21,1.155,1.155,1.13,1.115,1.07,0.93,0.975,0.965,1,1.04,1.03,0.985,0.935,0.965,0.935,0.93,0.94,0.95,0.945,0.945,0.93,0.955,0.995,1,1.01
BTL,24/07/2026,0.25,0.26,0.23,0.24,3174072,0.24,0.245,0.275,0.275,0.32,0.31,0.3,0.2975,0.31,0.29,0.335,0.365,0.32,0.28,0.285,0.29,0.27,0.26,0.275,0.28,0.275,0.27,0.285,0.285,0.265,0.265,0.245,0.255,0.235,0.235,0.255,0.275,0.26,0.275,0.25,0.3,0.35,0.295,0.315,0.3,0.295,0.31,0.3,0.275,0.285,0.285,0.27,0.255,0.245,0.26,0.28,0.25,0.24
BTM,24/07/2026,0.165,0.165,0.155,0.155,313868,0.13,0.105,0.12,0.11,0.12,0.155,0.15,0.14,0.145,0.14,0.16,0.17,0.19,0.235,0.205,0.165,0.165,0.16,0.16,0.16,0.15,0.15,0.155,0.165,0.17,0.185,0.18,0.18,0.18,0.205,0.255,0.2275,0.19,0.185,0.155,0.155,0.14,0.145,0.185,0.175,0.195,0.185,0.245,0.24,0.22,0.22,0.19,0.17,0.165,0.165,0.175,0.165,0.155
BTN,24/07/2026,0.017,0.017,0.017,0.017,58823,0.094,0.09,0.086,0.09,0.0875,0.086,0.1,0.1,0.11,0.095,0.105,0.1,0.1,0.095,0.091,0.09,0.091,0.092,0.087,0.088,0.088,0.08,0.08,0.078,0.078,0.071,0.063,0.063,0.041,0.052,0.055,0.05,0.04,0.037,0.04,0.04,0.04,0.025,0.029,0.029,0.027,0.023,0.023,0.021,0.017,0.011,0.017,0.015,0.015,0.017,0.018,0.015,0.017
BTR,24/07/2026,0.335,0.335,0.32,0.32,1115192,0.48,0.43,0.43,0.395,0.39,0.4,0.43,0.53,0.475,0.545,0.54,0.525,0.6,0.49,0.455,0.44,0.47,0.43,0.485,0.45,0.54,0.53,0.515,0.505,0.525,0.51,0.6,0.63,0.5,0.48,0.55,0.565,0.495,0.44,0.34,0.355,0.37,0.41,0.41,0.405,0.38,0.375,0.36,0.36,0.355,0.335,0.325,0.325,0.305,0.355,0.335,0.315,0.32
BTXX,24/07/2026,20.27,20.37,20.24,20.3,1353,38.59,39.47,39.38,40.22,38.72,37.42,37.58,38.2,39.01,36.73,40.09,40.74,36.94,37.65,36.96,34.85,32.56,29.24,30.65,30.66,30.49,28.93,28.5,29.14,29.82,31.19,28.82,25.97,20.58,20.55,20.97,20.61,21.93,22.12,21.74,21.61,21.05,22.23,22.66,23.81,23.3,24,24.46,23.63,22.32,19.22,19.63,19.45,18.91,19.32,19.97,19.72,20.3
BUB,24/07/2026,0.0785,0.08,0.0785,0.079,881706,0.17,0.155,0.165,0.165,0.155,0.18,0.165,0.155,0.15,0.15,0.145,0.15,0.14,0.155,0.155,0.15,0.145,0.14,0.14,0.145,0.14,0.135,0.135,0.14,0.135,0.135,0.135,0.135,0.125,0.125,0.125,0.12,0.1225,0.12,0.11,0.1,0.11,0.105,0.11,0.105,0.1,0.1,0.099,0.093,0.092,0.087,0.084,0.085,0.079,0.084,0.08,0.08,0.079
BUGG,24/07/2026,12.51,12.55,12.48,12.53,37954,13.07,13,12.22,12.38,12.56,12.8,12.52,12.49,12.94,12.95,13.1,13.31,12.76,13.19,12.59,12.39,12.08,11.59,11.53,11.78,11.79,11.45,11.22,11.05,11.07,10.89,10.51,9.92,9.18,9.26,9.28,8.64,9.29,9.07,8.98,8.88,8.76,8.42,8.77,8.89,8.95,10.13,10.38,11.45,11.37,12.33,11.72,11.68,11.97,13.45,13.78,13.51,12.53
BUR,24/07/2026,0.022,0.022,0.022,0.022,0,0.041,0.041,0.04,0.035,0.037,0.032,0.035,0.035,0.035,0.035,0.037,0.049,0.055,0.05,0.05,0.045,0.041,0.035,0.035,0.033,0.031,0.031,0.031,0.029,0.03,0.034,0.043,0.037,0.031,0.031,0.03,0.033,0.029,0.03,0.021,0.029,0.033,0.03,0.025,0.03,0.028,0.028,0.025,0.024,0.022,0.022,0.022,0.022,0.023,0.025,0.023,0.021,0.022
BUS,24/07/2026,0.078,0.078,0.078,0.078,0,0.095,0.1,0.1,0.11,0.1,0.11,0.125,0.14,0.14,0.15,0.16,0.165,0.16,0.17,0.16,0.14,0.125,0.15,0.135,0.15,0.15,0.135,0.14,0.13,0.12,0.11,0.12,0.115,0.093,0.105,0.11,0.094,0.098,0.095,0.088,0.086,0.08,0.081,0.0825,0.081,0.085,0.09,0.095,0.093,0.086,0.085,0.076,0.078,0.072,0.075,0.073,0.093,0.078
BUX,24/07/2026,0.044,0.0455,0.044,0.044,665269,0.045,0.038,0.042,0.028,0.027,0.0275,0.027,0.031,0.03,0.03,0.034,0.033,0.033,0.0335,0.033,0.029,0.034,0.033,0.03,0.031,0.032,0.032,0.033,0.033,0.035,0.035,0.042,0.044,0.037,0.04,0.039,0.046,0.043,0.046,0.04,0.041,0.042,0.042,0.043,0.047,0.041,0.037,0.038,0.04,0.037,0.042,0.038,0.04,0.042,0.055,0.044,0.049,0.044
BUXO,24/07/2026,0.001,0.001,0.001,0.001,0,0.004,0.005,0.005,0.004,0.004,0.004,0.004,0.004,0.004,0.004,0.007,0.007,0.007,0.007,0.007,0.007,0.007,0.007,0.007,0.007,0.007,0.007,0,0.007,0.007,0.007,0.007,0.007,0.003,0.003,0.003,0.002,0.002,0.002,0.002,0.002,0,0,0.002,0.002,0.002,0.002,0.002,0.002,0.002,0.001,0.001,0.001,0.001,0.001,0,0.001,0.001
BUY,24/07/2026,0.019,0.019,0.019,0.019,251976,0.002,0.0025,0.0025,0.003,0.003,0.004,0.003,0.003,0.003,0.003,0.003,0.003,0.003,0.003,0.003,0.003,0.003,0.0025,0.0025,0.003,0.003,0.003,0.003,0.003,0.003,0.003,0.003,0.003,0.003,0.0025,0.003,0.002,0.003,0.002,0.002,0.002,0.002,0.002,0.001,0.0015,0.002,0.002,0.0015,0,0.031,0.029,0.03,0.02,0.016,0.019,0.016,0.019,0.019
BUYOA,24/07/2026,0.008,0.008,0.008,0.008,0,0,0,0,0,0,0,0,0,0,0,0,0,0,0,0,0,0,0,0,0,0,0,0,0,0,0,0,0,0,0,0,0,0,0,0,0,0,0,0,0,0,0,0,0,0,0,0,0,0,0.008,0,0.006,0.008
BVR,24/07/2026,0.33,0.345,0.32,0.33,470879,0.29,0.26,0.275,0.26,0.26,0.28,0.315,0.31,0.325,0.365,0.325,0.325,0.34,0.355,0.415,0.5,0.54,0.57,0.52,0.53,0.485,0.65,0.7,0.79,0.825,0.84,0.84,0.79,0.87,0.885,0.895,0.84,0.79,0.71,0.585,0.515,0.525,0.58,0.63,0.67,0.575,0.58,0.525,0.465,0.46,0.395,0.355,0.345,0.34,0.405,0.4,0.335,0.33
BVS,24/07/2026,2.39,2.47,2.38,2.38,1295004,2.1,2.21,2.24,1.925,2.28,2.24,2.05,2.25,2.44,2.45,3.33,3.51,2.88,2.96,2.88,2.75,2.31,2.48,2.55,2.63,2.49,2.7,2.58,2.6,2.56,2.42,2.4,2.04,1.8,2.08,1.925,2.08,2.18,2,2.05,1.97,1.97,1.995,2.15,2.14,2.11,2.3,2.22,2.28,2.32,2.35,2.24,2.15,2.01,2.08,2.36,2.61,2.38
BWF,24/07/2026,0.125,0.125,0.125,0.125,0,0.415,0.4,0.415,0.4325,0.415,0.37,0.36,0.32,0.305,0.29,0.285,0.27,0.225,0.275,0.24,0.22,0.235,0.2,0.215,0.2,0.2,0.225,0.215,0.235,0.2,0.21,0.215,0.205,0.19,0.19,0.19,0.18,0.1525,0.165,0.155,0.17,0.155,0.16,0.16,0.15,0.16,0.15,0.155,0.145,0.145,0.15,0.15,0.15,0.14,0.14,0.1425,0.125,0.125
BWN,24/07/2026,0.285,0.285,0.275,0.275,200413,0.59,0.605,0.57,0.575,0.565,0.56,0.535,0.51,0.535,0.55,0.55,0.615,0.6,0.6,0.585,0.545,0.52,0.48,0.45,0.47,0.49,0.47,0.455,0.465,0.47,0.48,0.5,0.465,0.45,0.445,0.465,0.46,0.42,0.415,0.405,0.415,0.4,0.4,0.4,0.3875,0.405,0.39,0.33,0.31,0.305,0.28,0.275,0.26,0.285,0.31,0.315,0.28,0.275
BWP,24/07/2026,3.92,3.92,3.85,3.85,760209,3.5,0,3.64,3.6,3.65,3.55,3.61,3.63,3.72,3.71,3.75,3.77,3.84,3.91,3.84,3.85,3.79,3.78,3.81,3.85,3.96,4.04,4.08,3.95,3.89,3.92,3.74,3.74,3.7,3.7,3.86,3.86,3.8,3.75,3.64,3.7,3.63,3.78,3.87,3.93,3.94,3.86,3.81,3.81,3.78,3.74,3.93,3.88,3.96,3.81,3.86,3.92,3.85
BXB,24/07/2026,18.59,18.765,18.52,18.71,2342458,23.13,23.7,23.24,23.23,25.97,25.95,26.56,25.33,24.67,24.64,24.8,24.82,24.58,24.7,24.86,23.89,23.66,23.25,24.06,23.18,22.99,23.03,22.88,22.79,22.71,23.41,22.97,22.4,23.51,23.3,24.22,25.08,24.4,22.33,22.35,22.24,22.83,23.27,22.39,22.02,22.93,22.45,22.1,17.11,16.57,16.92,19.01,19.2,19.64,19.72,18.74,19.44,18.71
C1X,24/07/2026,0.105,0.105,0.098,0.099,109431,0.064,0.072,0.073,0.09,0.082,0.081,0.08,0.077,0.072,0.073,0.058,0.067,0.064,0.065,0.065,0.069,0.089,0.092,0.074,0.086,0.082,0.105,0.092,0.1075,0.115,0.081,0.125,0.086,0.071,0.081,0.15,0.265,0.285,0.26,0.245,0.185,0.205,0.225,0.235,0.245,0.215,0.21,0.21,0.135,0.14,0.11,0.11,0.11,0.11,0.135,0.11,0.1,0.099
C29,24/07/2026,0.013,0.013,0.013,0.013,18717,0.019,0.017,0.019,0.016,0.016,0.017,0.017,0.017,0.027,0.024,0.02,0.02,0.033,0.024,0.024,0.027,0.027,0.019,0.023,0.025,0.021,0.021,0.02,0.022,0.021,0.023,0.027,0.03,0.028,0.029,0.033,0.039,0.035,0.031,0.028,0.024,0.026,0.026,0.026,0.03,0.029,0.033,0.033,0.03,0.028,0.027,0.026,0.026,0.023,0.014,0.013,0.013,0.013
C79,24/07/2026,5.99,5.99,5.52,5.52,950170,5.07,5.09,5.15,6.64,6.75,6.57,6.62,7.42,7.38,7.7,7.83,7.5,8.39,8.06,8.05,8.83,8.91,8.81,8.1,7.46,7.34,7.33,7.48,7.31,7.16,7.31,8.01,7.95,6.97,7.65,8.76,9.95,9.67,8.43,7.28,7.04,6.82,7.29,7.33,7.71,7.35,6.83,6.04,6.17,6.14,5.96,6.43,6.3,5.7,5.82,5.66,5.35,5.52
C7A,24/07/2026,0.003,0.003,0.003,0.003,0,0.004,0.004,0.004,0.004,0.003,0.0035,0.003,0.003,0.003,0.003,0.004,0.0045,0.005,0.004,0.003,0.003,0.003,0.003,0.0025,0.003,0.003,0.003,0.003,0.003,0.0035,0.0035,0.0035,0.004,0.004,0.0035,0.0035,0.003,0.003,0.0035,0.0035,0.004,0.0035,0.0035,0.004,0.004,0.004,0.003,0.003,0.003,0.004,0.0035,0.0025,0.003,0.003,0.003,0.003,0.0035,0.003
CAA,24/07/2026,10.51,11.03,10.42,10.5,1503,11.23,11.3,11.4,11.62,11.05,10.99,10.55,10.73,11.09,10.9,10.97,10.82,10.88,11,11.3,11.32,11.52,11.86,12.1,12.86,12.84,12.59,12.25,11.8,12.02,12.55,12.4,12.24,11.72,11.78,11.91,13.1,12.37,11.93,11.2,11.03,12.02,12.82,12.54,12.36,12.39,12.16,12.19,11.89,11.48,11.22,11.49,11.13,11.07,10.76,10.91,10.45,10.5
CAE,24/07/2026,0.032,0.033,0.032,0.033,991840,0.023,0.022,0.021,0.019,0.02,0.026,0.037,0.028,0.025,0.026,0.037,0.04,0.064,0.061,0.056,0.054,0.073,0.06,0.054,0.053,0.046,0.048,0.049,0.048,0.041,0.04,0.045,0.056,0.053,0.053,0.048,0.047,0.045,0.038,0.032,0.033,0.035,0.039,0.042,0.042,0.048,0.043,0.049,0.045,0.04,0.034,0.034,0.034,0.0295,0.035,0.035,0.032,0.033
CAF,24/07/2026,0.375,0.38,0.375,0.38,3076,0.43,0.43,0.41,0.41,0.44,0.485,0.46,0.46,0.44,0.405,0.425,0.38,0.395,0.39,0.39,0.375,0.38,0.36,0.36,0.35,0.35,0.385,0.42,0.425,0.42,0.405,0.39,0.385,0.395,0.385,0.39,0.37,0.36,0.3575,0.36,0.36,0.355,0.35,0.35,0.345,0.34,0.34,0.33,0.345,0.34,0.37,0.37,0.365,0.37,0.375,0.395,0.39,0.38
CAM,24/07/2026,0.68,0.68,0.675,0.68,159086,0.71,0.7,0.7,0.71,0.705,0.7,0.7,0.695,0.705,0.705,0.705,0.695,0.7,0.695,0.68,0.675,0.67,0.675,0.675,0.685,0.69,0.695,0.705,0.705,0.7,0.7,0.72,0.705,0.695,0.7,0.705,0.72,0.715,0.72,0.71,0.715,0.71,0.71,0.705,0.695,0.695,0.7,0.705,0.695,0.7,0.69,0.68,0.68,0.68,0.67,0.675,0.685,0.68
CAMG,24/07/2026,0.982,0.982,0.982,0.982,0,1.005,1.012,1.02,1.01,1.01,1,1.005,1.005,1.006,1.001,1.005,1.004,1.005,1.006,1,1,0.997,0.997,0.998,0.997,0.999,0.996,0.999,0.998,0.997,1,1,1.001,1,0.998,0.996,1,0.995,0.995,0.993,0.991,0.99,0.987,0.986,0.99,0.99,0.982,0.984,0.986,0.985,0.982,0.982,0.985,0.988,0.993,0.986,0.982,0.982
CAN,24/07/2026,0.003,0.003,0.003,0.003,1300157,0.015,0.015,0.013,0.014,0.014,0.014,0.013,0.011,0.011,0.019,0.014,0.015,0.014,0.014,0.012,0.011,0.011,0.011,0.0105,0.009,0.008,0.009,0.009,0.009,0.011,0.01,0.009,0.008,0.008,0.008,0.007,0.008,0.007,0.007,0.006,0.005,0.006,0.005,0.006,0.0055,0.005,0.005,0.005,0.005,0.004,0.004,0.004,0.004,0.003,0.0045,0.0045,0.004,0.003
CAQ,24/07/2026,0.009,0.009,0.009,0.009,0,0.007,0.007,0.007,0.007,0.009,0.009,0.009,0.009,0.009,0.009,0.009,0.009,0.009,0.009,0.009,0.009,0.009,0.009,0.009,0.009,0.009,0.009,0.009,0.009,0.009,0.009,0.009,0.009,0.009,0.009,0.009,0.009,0.009,0.009,0.009,0.009,0.009,0,0.009,0.009,0.009,0.009,0.009,0.009,0.009,0.009,0.009,0.009,0.009,0.009,0.009,0.009,0.009
CAR,24/07/2026,24.61,24.72,23.76,23.92,1104033,37.25,37.53,37,41.35,40.76,40.44,39.46,38.33,38,37.07,38.31,36.87,35.9,36.09,35.7,34.73,33.4,33.42,34.77,32.62,30.89,30.3,30.47,30.87,30.37,30.33,29.7,27.6,24.48,25.07,25.44,26.52,26.62,24.65,23.26,22.59,22.54,23.36,26.23,25.79,25.26,26.22,26.11,24.82,24.84,26.46,26.37,27.73,24.5,25.91,26.37,25.71,23.92
CAT,24/07/2026,3.45,3.49,3.335,3.41,953764,6.39,6.63,6.22,6.07,6.08,6.23,5.87,6.79,7.09,7.08,7.07,7.24,6.78,7.38,6.72,6.1,5.35,4.51,5.37,4.57,4.22,4.21,4.32,4.27,4.14,3.99,3.86,3.5,3.41,3.32,3.51,3.56,3.99,3.37,3.38,3.41,3.22,3.12,3.2,3.4,3.2,3.32,2.94,3.57,3.37,3.65,3.08,3.16,2.91,3.04,3.38,3.32,3.41
CAV,24/07/2026,0.083,0.083,0.081,0.082,117733,0.004,0.004,0.004,0.004,0.004,0.004,0.0045,0.004,0.005,0.0045,0.0045,0.005,0.006,0.005,0.005,0.0045,0.005,0.005,0.005,0,0.092,0.093,0.09,0.092,0.095,0.098,0.14,0.135,0.12,0.15,0.145,0.135,0.115,0.11,0.098,0.095,0.1,0.1,0.11,0.125,0.12,0.115,0.115,0.105,0.096,0.098,0.091,0.092,0.085,0.081,0.082,0.079,0.082
CAY,24/07/2026,0.087,0.088,0.086,0.086,159377,0.245,0.26,0.275,0.265,0.255,0.265,0.25,0.26,0.295,0.265,0.225,0.24,0.215,0.215,0.185,0.165,0.185,0.165,0.175,0.185,0.18,0.17,0.175,0.2,0.24,0.23,0.225,0.205,0.18,0.195,0.19,0.175,0.175,0.155,0.14,0.13,0.13,0.1425,0.14,0.14,0.1325,0.135,0.155,0.13,0.13,0.12,0.11,0.115,0.095,0.091,0.091,0.082,0.086
CAZ,24/07/2026,0.018,0.018,0.018,0.018,0,0.02,0.022,0.021,0.023,0.022,0.023,0.026,0.03,0.026,0.03,0.029,0.031,0.033,0.032,0.037,0.033,0.036,0.034,0.0305,0.032,0.031,0.03,0.032,0.03,0.032,0.03,0.031,0.029,0.027,0.027,0.026,0.029,0.026,0.027,0.023,0.021,0.022,0.021,0.021,0.025,0.026,0.0235,0.023,0.021,0.019,0.019,0.018,0.02,0.018,0.02,0.019,0.02,0.018
CBA,24/07/2026,172.15,174.26,171.04,174.03,1852922,172.87,175.06,176.61,168.17,172.84,170.3,168.14,169.97,166.17,164.88,170.38,168.34,168.32,170.37,171.64,175.91,157.3,153.06,152.51,154.21,155.96,157.75,161.39,161.12,153.22,154.3,149.48,149.36,158.91,176.2,179.67,174.62,172.47,173.76,175.64,173.63,172.8,183.38,178.23,174.49,173.04,175.91,159.4,165.67,165.02,160.9,159.51,162.4,162.02,165.02,168.86,171.78,174.03
CBAPI,24/07/2026,102,102,101.55,101.82,19049,102.57,102.75,103,102.95,103.3,103.17,102.2,102.4,101.95,102.25,102.59,102.42,102.3,102.5,102.9,102.9,102.71,103.25,102.96,101.8,102.48,102.32,102.2,102.4,102.2,102.21,102.2,102.44,102.6,102.75,102.65,102.85,101.64,101.1,101.79,101.92,101.47,102.15,101.63,101.99,101.85,102.38,102.15,102.8,102.2,101.1,100.92,101.2,101.78,101.57,101.85,101.75,101.82
CBAPJ,24/07/2026,100.61,100.72,100.6,100.6,3594,101.8,101.9,102.15,102.53,102.65,102.66,101.1,101.11,101.02,101.1,101.5,101.6,101.52,102.12,101.66,102.16,101.98,101.9,101.67,101.05,100.8,100.87,101.29,101.3,101.31,101.34,101.341,101.42,101.62,101.77,101.85,102.01,100.26,100.2,100.999,100.8,100.68,100.81,101.01,100.94,101.1,101.22,101.2,101.5,101.27,100.04,100.04,100.463,100.45,100.75,100.8,100.65,100.6
CBAPK,24/07/2026,104.48,104.48,103.95,104,5500,103,103.46,104,104.29,104,104.08,103.1,103.31,103.13,103.48,103.78,103.84,103.25,103.39,103.97,103.54,103.501,104.16,103.59,102.52,102.63,103.87,104.2,104.5,105.19,105,104.5,105.52,105.28,104.99,103.98,104.15,103.15,102.75,102.8,102.76,102.59,102.86,103.09,102.82,102.71,102.95,103.1,103.88,104.16,102.75,102.79,103.62,104.2,104.07,104.07,104.95,104
CBAPL,24/07/2026,103.12,103.45,102.98,103.45,12349,102.65,102.9,103.2,103.85,103.81,103.96,102.81,103,102.64,102.77,102.77,102.633,103,103.83,103.89,103.857,103.5,103.5,103.3,102.61,102.4,102.93,102.9,103.25,103.11,103.22,103,103,103.08,103.95,103.6,103.53,102.69,102.1,102.43,102.15,102.46,102.41,102.62,102.6,102.75,102.67,102.81,102.95,103.21,101.919,101.62,102.751,103.2,103.189,102.61,103.021,103.45
CBAPM,24/07/2026,106.28,106.39,105.76,105.87,7892,104.95,105.597,105.89,105.57,105.52,105.8,105.58,105.5,106,106.32,105.65,105.61,105.18,105.16,105.65,105.65,105.84,105.78,105.7,104.45,104.12,105,105.34,105.701,105.5,105.74,105.99,105.87,106.91,106.7,105.77,106.2,105.15,104.84,105.36,104.2,104.69,104.2,105.15,104.97,105.24,104.95,105.28,105.63,105.96,104.65,103.96,105.01,106.73,106.75,106.2,106.88,105.87
CBE,24/07/2026,0.26,0.2675,0.255,0.255,1885196,0.043,0.042,0.05,0.045,0.055,0.052,0.063,0.063,0.065,0.071,0.068,0.0695,0.08,0.082,0.092,0.089,0.092,0.097,0.15,0.125,0.115,0.0935,0.1,0.1,0.12,0.14,0.15,0.16,0.16,0.185,0.18,0.225,0.19,0.175,0.155,0.145,0.15,0.17,0.175,0.2,0.235,0.225,0.245,0.285,0.27,0.32,0.28,0.37,0.325,0.365,0.265,0.255,0.255
CBEO,24/07/2026,0.2,0.2,0.2,0.2,10000,0,0,0,0,0.016,0.016,0.025,0.026,0.026,0.026,0.027,0.028,0.035,0.036,0.046,0.038,0.04,0.052,0.086,0.072,0.07,0.051,0,0.051,0.065,0.073,0.077,0.11,0.1,0.13,0.125,0.155,0.135,0.12,0.097,0.096,0,0,0.125,0.175,0.175,0.17,0.18,0.21,0.21,0.27,0.21,0.285,0.24,0.29,0,0.17,0.2
CBL,24/07/2026,0.064,0.069,0.064,0.069,39210,0.04,0.045,0.044,0.04,0.038,0.039,0.036,0.033,0.038,0.034,0.033,0.042,0.04,0.035,0.034,0.04,0.065,0.062,0.068,0.075,0.07,0.068,0.067,0.061,0.06,0.071,0.069,0.062,0.056,0.056,0.057,0.06,0.059,0.055,0.06,0.056,0.06,0.06,0.063,0.06,0.056,0.068,0.061,0.056,0.056,0.079,0.09,0.091,0.082,0.074,0.073,0.069,0.069
CBO,24/07/2026,3.34,3.34,3.23,3.29,333537,2.44,2.56,2.71,2.77,3.05,3.21,3.23,3.23,3.34,3.24,3.37,3.39,3.5,3.43,3.4,3.17,3.11,3.04,3.1,2.93,2.89,2.96,3.26,4.04,3.92,3.77,3.9,3.74,3.41,3.31,3.25,3.18,3,3.06,3.27,3.29,3.45,3.6,3.55,3.61,3.92,3.81,4.1,3.92,4.12,3.97,3.92,3.77,3.99,4.11,3.65,3.29,3.29
CBY,24/07/2026,0.046,0.046,0.046,0.046,0,0.025,0.026,0.024,0.021,0.021,0.021,0.022,0.021,0.021,0.023,0.024,0.027,0.026,0.026,0.023,0.023,0.023,0.024,0.022,0.022,0.026,0.026,0.026,0.026,0.026,0.032,0.034,0.039,0.037,0.034,0.037,0.033,0.036,0.031,0.033,0.024,0.027,0,0.032,0.033,0.031,0.045,0.055,0.046,0.058,0.046,0.04,0.0425,0.043,0.046,0.041,0.041,0.046
CC5,24/07/2026,0.018,0.018,0.018,0.018,136785,0.03,0.032,0.032,0.035,0.036,0.032,0.03,0.034,0.034,0.033,0.035,0.035,0.03,0.027,0.03,0.029,0.031,0.03,0.029,0.028,0.027,0.028,0.028,0.029,0.028,0.03,0.029,0.028,0.028,0.029,0.026,0.027,0.026,0.026,0.022,0.021,0.025,0.027,0.026,0.025,0.021,0.021,0.023,0.024,0.021,0.02,0.024,0.023,0.018,0.022,0.022,0.02,0.018
CC9,24/07/2026,0.055,0.055,0.055,0.055,0,0.048,0.047,0.05,0.052,0.105,0.1,0.09,0.094,0.095,0.255,0.185,0.245,0.205,0.19,0.185,0.2,0.175,0.17,0.205,0.185,0.16,0.145,0.15,0.17,0.18,0.175,0.145,0.15,0.145,0.145,0.15,0.125,0.105,0.11,0.089,0.088,0.077,0.091,0.076,0.089,0.083,0.083,0.076,0.071,0.08,0.056,0.06,0.055,0.054,0.06,0.057,0.057,0.055
CC9O,24/07/2026,0.011,0.011,0.011,0.011,0,0,0,0,0,0,0,0,0,0,0,0,0,0,0,0,0,0,0,0,0,0,0,0,0.06,0.072,0.065,0.065,0.06,0.045,0.046,0.061,0.05,0.052,0.035,0.031,0.03,0,0,0.041,0.041,0.041,0.041,0.041,0.041,0.03,0.014,0.011,0.013,0.01,0.012,0,0.011,0.011
CCA,24/07/2026,0.053,0.058,0.05,0.052,3556102,0.084,0.083,0.075,0.092,0.089,0.09,0.085,0.077,0.076,0.078,0.08,0.073,0.078,0.0725,0.076,0.072,0.07,0.074,0.071,0.068,0.068,0.069,0.0695,0.067,0.07,0.068,0.07,0.078,0.078,0.077,0.083,0.085,0.089,0.095,0.077,0.077,0.077,0.08,0.082,0.088,0.09,0.085,0.08,0.072,0.07,0.072,0.072,0.074,0.08,0.076,0.074,0.072,0.052
CCE,24/07/2026,0.3,0.35,0.3,0.35,4594617,0.055,0.054,0.067,0.059,0.059,0.058,0.057,0.06,0.12,0.115,0.105,0.093,0.086,0.079,0.074,0.075,0.074,0.072,0.073,0.071,0.069,0.066,0.064,0.075,0.084,0.073,0.072,0.073,0.063,0.06,0.057,0.057,0.056,0.066,0.066,0.058,0.06,0.06,0.058,0.059,0.059,0.06,0.059,0.105,0.13,0.155,0.175,0.18,0.125,0.21,0.23,0.225,0.35
CCG,24/07/2026,0.085,0.085,0.084,0.085,508431,0.054,0.054,0.059,0.057,0.058,0.059,0.06,0.059,0.061,0.06,0.061,0.066,0.069,0.073,0.07,0.066,0.066,0.065,0.071,0.07,0.073,0.072,0.066,0.068,0.068,0.068,0.065,0.068,0.064,0.064,0.064,0.074,0.068,0.068,0.063,0.067,0.067,0,0.067,0.068,0.07,0.073,0.07,0.073,0.074,0.0755,0.07,0.07,0.074,0.083,0.084,0.089,0.085
CCL,24/07/2026,4.78,4.8,4.67,4.77,692423,3.08,3.05,2.9,3,3.67,3.7,3.75,3.81,3.9,3.9,3.98,3.89,3.97,4.17,4.17,4.11,3.91,3.87,3.99,3.81,4.16,4.24,4.36,4.43,4.35,4.4,4.47,4.25,3.91,3.82,4.02,4.22,4.18,3.81,3.74,3.98,4.09,4.34,4.77,4.8,4.73,4.7,4.56,4.74,4.8,4.95,4.95,4.97,4.91,4.98,4.94,4.9,4.77
CCM,24/07/2026,0.022,0.022,0.022,0.022,0,0.031,0.032,0.033,0.034,0.032,0.033,0.04,0.037,0.0435,0.047,0.046,0.049,0.053,0.052,0.06,0.051,0.046,0.05,0.051,0.051,0.046,0.046,0.048,0.047,0.044,0.042,0.041,0.041,0.04,0.04,0.035,0.037,0.042,0.044,0.04,0.038,0.038,0.042,0.039,0.038,0.036,0.034,0.034,0.032,0.03,0.039,0.028,0.025,0.026,0.024,0.024,0.025,0.022
CCO,24/07/2026,0.002,0.002,0.002,0.002,34791014,0.003,0.003,0.003,0.003,0.003,0.003,0.003,0.003,0.003,0.004,0.004,0.004,0.004,0.004,0.0035,0.004,0.004,0.004,0.004,0.004,0.004,0.003,0.0035,0.003,0.0035,0.004,0.004,0.0045,0.0045,0.0045,0.0045,0.0035,0.003,0.003,0.003,0.003,0.003,0.003,0.003,0.003,0.003,0.003,0.002,0.002,0.002,0.002,0.002,0.002,0.002,0.002,0.003,0.003,0.002
CCP,24/07/2026,13.36,13.84,13.29,13.77,434924,15.09,15.62,17.34,16.52,15.94,16.5,16.4,16.56,16.93,15.55,15.32,15.02,14.53,15,14.36,13.65,13.12,12.83,13.9,14.01,13.9,14.17,14.08,14.17,14.27,14.03,14.28,14.16,11.25,12.08,12.68,12.18,11.83,10.78,9.93,10.07,10.29,10.61,10.66,10.61,10.72,11.81,11.53,11.09,11.28,11.65,12.08,13.07,12.84,12.5,12.97,13.17,13.77
CCR,24/07/2026,0.1175,0.125,0.1125,0.115,239866,0.2725,0.255,0.25,0.24,0.24,0.245,0.24,0.235,0.26,0.255,0.27,0.26,0.27,0.285,0.29,0.28,0.28,0.26,0.2575,0.255,0.265,0.28,0.28,0.2775,0.26,0.25,0.24,0.25,0.24,0.22,0.24,0.21,0.2,0.195,0.21,0.19,0.2,0.19,0.2,0.205,0.215,0.2325,0.22,0.22,0.215,0.21,0.21,0.21,0.15,0.155,0.135,0.125,0.115
CCV,24/07/2026,0.32,0.34,0.32,0.325,500772,0.315,0.335,0.33,0.36,0.355,0.34,0.355,0.35,0.33,0.315,0.32,0.36,0.335,0.35,0.315,0.3,0.305,0.3025,0.31,0.31,0.305,0.3175,0.32,0.335,0.34,0.33,0.33,0.32,0.305,0.325,0.325,0.335,0.325,0.315,0.325,0.295,0.285,0.29,0.295,0.3,0.305,0.31,0.305,0.3,0.3,0.285,0.295,0.29,0.3,0.29,0.31,0.32,0.325
CCX,24/07/2026,0.052,0.053,0.05,0.05,533508,0.091,0.08,0.08,0.08,0.077,0.099,0.105,0.097,0.099,0.09,0.091,0.09,0.082,0.084,0.082,0.088,0.089,0.093,0.1,0.125,0.115,0.115,0.11,0.12,0.125,0.14,0.125,0.12,0.105,0.11,0.105,0.11,0.105,0.086,0.086,0.09,0.085,0.077,0.065,0.064,0.055,0.055,0.049,0.043,0.042,0.043,0.04,0.038,0.036,0.039,0.054,0.057,0.05
CD1,24/07/2026,0.31,0.31,0.31,0.31,0,0.525,0.535,0.515,0.525,0.53,0.54,0.54,0.52,0.495,0.5,0.495,0.485,0.48,0.49,0.475,0.49,0.49,0.475,0.51,0.48,0.46,0.45,0.46,0.46,0.475,0.485,0.495,0.45,0.43,0.43,0.425,0.41,0.4,0.39,0.375,0.37,0.365,0.39,0.37,0.36,0.37,0.36,0.35,0.34,0.33,0.31,0.3,0.32,0.325,0.32,0.32,0.32,0.31
CD2,24/07/2026,0.33,0.33,0.33,0.33,0,0.745,0.735,0.72,0.71,0.73,0.72,0.71,0.71,0.68,0.68,0.695,0.685,0.685,0.69,0.7,0.695,0.7,0.675,0.68,0.675,0.675,0.675,0.67,0.69,0.8,0.785,0.895,0.49,0.48,0.475,0.475,0.46,0.45,0.44,0.43,0.4,0.41,0.41,0.385,0.395,0.39,0.38,0.38,0.375,0.365,0.335,0.32,0.335,0.32,0.32,0.335,0.32,0.33
CD3,24/07/2026,0.915,0.915,0.91,0.915,6401,1.15,1.16,1.19,1.18,1.23,1.18,1.2,1.13,1.09,1.14,1.145,1.11,1.13,1.13,1.095,1.1,1.1,1.09,1.1,1.09,1.12,1.09,1.075,1.09,1.135,1.11,1.09,1.05,1.03,1.01,1.01,0.985,0.95,0.935,0.92,0.95,0.92,0.9,0.89,0.92,0.95,0.91,0.935,0.925,0.9,0.865,0.865,0.875,0.9,0.875,0.915,0.9,0.915
CDA,24/07/2026,41.51,41.7,39.24,39.65,606560,20.61,21.65,23.63,24.18,28.34,30.88,30.77,30.95,29.98,29.72,31.16,33.24,33.08,35.86,36.25,33.6,30.87,28.69,30.85,30.97,30.47,28.35,29.06,29.02,36.89,37.16,39.41,38.04,34.57,34.22,34.69,35.51,36.54,34.41,33.56,32.37,32.02,34,33.97,35.64,43.33,40.34,40.3,39.96,42.65,43.7,43.14,43.14,43.49,44,43.3,41.73,39.65
CDE,24/07/2026,0.008,0.008,0.008,0.008,0,0.026,0.019,0.017,0.016,0.0135,0.015,0.015,0.014,0.013,0.015,0.0145,0.014,0.012,0.012,0.012,0.011,0.012,0.011,0.011,0.01,0.009,0.008,0.008,0.008,0.009,0.0085,0.01,0.01,0.01,0.009,0.011,0.012,0.01,0.01,0.008,0.009,0.009,0.009,0.008,0.008,0.007,0.008,0.007,0.009,0.011,0.01,0.01,0.0095,0.008,0.007,0.009,0.009,0.008
CDM,24/07/2026,0.785,0.79,0.78,0.79,105347,0.67,0.665,0.67,0.685,0.67,0.6775,0.685,0.69,0.705,0.725,0.745,0.73,0.7,0.69,0.7,0.675,0.69,0.69,0.69,0.685,0.695,0.685,0.705,0.71,0.765,0.78,0.805,0.795,0.76,0.8,0.84,0.86,0.84,0.795,0.77,0.78,0.815,0.855,0.78,0.76,0.75,0.745,0.765,0.76,0.765,0.73,0.74,0.755,0.74,0.76,0.75,0.775,0.79
CDO,24/07/2026,2.31,2.34,2.3,2.3,23613,1.77,1.75,1.7,1.785,1.775,1.795,1.78,1.845,1.895,1.91,1.98,2,1.91,1.81,1.88,1.86,1.82,1.82,1.795,1.82,1.835,1.9,1.905,1.91,2.06,2.09,2.14,2.095,2.0025,2.09,2.15,2.2,2.15,2.06,2.12,2.15,2.2,2.3,2.15,2.14,2.08,2.07,2.15,2.2,2.17,2.1,2.03,2.21,2.24,2.24,2.33,2.46,2.3
CDP,24/07/2026,5.48,5.5,5.48,5.5,2432,5,5.02,5.1,5.15,5.45,5.52,5.28,5.44,5.66,5.51,5.32,5.43,5.32,5.33,5.4,5.4,5.31,5.61,5.5,5.55,5.57,5.53,5.71,5.65,5.64,5.62,5.51,5.46,5.35,5.36,5.37,5.46,5.4,5.32,5.37,5.35,5.38,5.4,5.36,5.4,5.36,5.41,5.41,5.41,5.42,5.4,5.59,5.6,5.74,5.72,5.56,5.5,5.5
CDR,24/07/2026,0.025,0.025,0.025,0.025,0,0.03,0.026,0.023,0.027,0.024,0.022,0.024,0.027,0.028,0.028,0.034,0.03,0.022,0.022,0.022,0.022,0.022,0.022,0.02,0.016,0.016,0.017,0.017,0.017,0.017,0.028,0.027,0.026,0.03,0.04,0.032,0.031,0.028,0.025,0.024,0.024,0.024,0.022,0.023,0.027,0.027,0.026,0.025,0.022,0.024,0.022,0.026,0.021,0.022,0.02,0.022,0.024,0.025
CDT,24/07/2026,0.072,0.072,0.072,0.072,0,0.077,0.065,0.06,0.06,0.074,0.067,0.075,0.081,0.077,0.072,0.077,0.069,0.07,0.061,0.053,0.057,0.062,0.061,0.06,0.062,0.061,0.06,0.06,0.061,0.06,0.06,0.061,0.065,0.058,0.055,0.061,0.058,0.059,0.057,0.05,0.046,0.042,0,0.047,0.05,0.047,0.052,0.05,0.08,0.084,0.078,0.078,0.076,0.075,0.073,0.074,0.071,0.072
CEH,24/07/2026,0.53,0.545,0.53,0.545,349656,0.355,0.38,0.36,0.365,0.4,0.4,0.425,0.435,0.43,0.415,0.415,0.415,0.41,0.415,0.45,0.445,0.5,0.47,0.49,0.49,0.57,0.545,0.555,0.535,0.52,0.545,0.56,0.545,0.535,0.56,0.58,0.58,0.55,0.53,0.505,0.52,0.49,0.505,0.475,0.45,0.44,0.44,0.435,0.435,0.41,0.42,0.48,0.5,0.45,0.45,0.465,0.46,0.545
CEL,24/07/2026,0.125,0.1275,0.12,0.125,1323506,0.09,0.084,0.11,0.11,0.11,0.12,0.13,0.125,0.13,0.135,0.145,0.15,0.175,0.14,0.13,0.12,0.13,0.115,0.115,0.125,0.14,0.145,0.15,0.16,0.155,0.15,0.175,0.175,0.135,0.15,0.16,0.18,0.17,0.16,0.14,0.145,0.14,0.155,0.16,0.145,0.14,0.135,0.135,0.125,0.135,0.135,0.13,0.13,0.115,0.125,0.125,0.12,0.125
CEN,24/07/2026,7.565,7.76,7.45,7.45,2319,8.33,8.31,8.3,8.14,8.54,8.14,8.255,8.42,8.18,7.92,8.08,7.86,7.9,8.35,8.47,8.21,8.31,8.12,8.37,8.2,8.03,8.34,8.2,8.15,7.97,8.21,8,7.91,8.27,8.31,7.81,7.91,7.99,7.31,7.56,7.5,7.7,7.81,7.6,7.66,7.75,8.11,8.22,7.72,8.08,8.05,7.81,7.9,7.55,7.46,7.5,7.46,7.45
CETF,24/07/2026,63.82,63.82,63.35,63.57,603,58.64,58.5,58.93,60.05,62.96,63.53,62.4,63.28,63.65,64.13,64.48,63.94,64.46,66.13,65.59,66.57,66.66,64.88,65.63,64.3,64.26,64.98,65.2,65.61,66.23,66.05,62.15,62.02,61.87,60.41,61.02,59.99,59.9,61.09,61.12,61.17,61.8,62.33,63.09,63.82,64.64,63.65,64.94,63.77,65.57,64.9,65.5,66.22,66.21,64.3,64,61.03,63.57
CF1,24/07/2026,0.028,0.028,0.028,0.028,231843,0.023,0.025,0.022,0.02,0.021,0.028,0.025,0.023,0.022,0.025,0.025,0.025,0.025,0.026,0.026,0.025,0.025,0.025,0.028,0.025,0.023,0.025,0.023,0.023,0.023,0.025,0.024,0.021,0.018,0.022,0.019,0.021,0.021,0.019,0.02,0.019,0.016,0.018,0.019,0.019,0.018,0.017,0.017,0.025,0.032,0.027,0.027,0.028,0.028,0.026,0.03,0.032,0.028
CFLO,24/07/2026,19.23,19.23,19.15,19.15,3,18.48,18.4,18.345,18.58,18.61,18.57,18.63,18.52,18.87,18.83,19.22,19.27,19.25,19.58,19.63,19.33,19.2,18.84,19.14,19.27,19.33,19.09,19.25,19.04,19.38,19.54,19.08,18.64,18.12,18.14,18.29,18.165,18.21,17.69,17.54,17.64,17.72,17.94,18.1,18.19,18.25,18.37,18.55,19.06,19.04,19.37,19.46,19.48,19.49,19.8,19.66,19.5,19.15
CG1,24/07/2026,0.084,0.09,0.082,0.088,589017,0.068,0.069,0.068,0.065,0.066,0.06,0.069,0.065,0.073,0.094,0.083,0.083,0.09,0.1,0.098,0.0975,0.093,0.094,0.094,0.096,0.095,0.096,0.096,0.1,0.097,0.086,0.085,0.09,0.086,0.086,0.086,0.087,0.081,0.081,0.084,0.08,0.086,0.076,0.083,0.085,0.079,0.076,0.073,0.073,0.072,0.07,0.07,0.056,0.056,0.068,0.08,0.067,0.088
CG1O,24/07/2026,0.035,0.035,0.035,0.035,0,0,0,0,0,0,0,0,0,0,0,0.028,0.028,0.028,0.036,0.035,0.04,0.038,0.038,0.038,0.038,0.038,0.038,0,0.038,0.038,0.045,0.045,0.053,0.053,0.053,0.053,0.053,0.05,0.045,0.045,0.045,0,0,0.035,0.045,0.045,0.045,0.045,0.045,0.045,0.035,0.035,0.035,0.035,0.035,0,0.035,0.035
CGF,24/07/2026,10.48,10.5,10.36,10.44,1125405,7.92,8.18,8.35,8.43,8.68,8.34,8.41,8.58,8.62,8.48,8.7,8.83,8.87,8.86,9.31,9.06,8.89,8.65,8.88,9.11,9.12,9.56,9.53,9.48,9.13,9.14,9.21,9.21,8.92,8.49,8.99,8.93,7.99,7.38,7.96,8.2,8.26,8.07,8.4,8.5,8.74,8.84,9.2,9.46,8.86,9.12,9.57,9.83,9.75,10.33,10.58,10.67,10.44
CGFPD,24/07/2026,105.41,106.1,105.17,105.27,4855,104.65,104.9,105.5,104.72,104.8,104.69,104.28,104.73,105.56,105.992,106.1,106.29,105.5,105.86,105.5,105.15,103.54,103.95,103.41,103.49,105.4,105.45,105.46,105.54,106.16,106.59,105.33,106,106.2,107.25,104.809,104.64,104.58,103.91,104.96,104.72,104.73,104.51,103.78,104.1,104.3,104.24,103.24,104.04,105.35,103.4,103.4,104.9,105.44,105.8,105.65,106.05,105.27
CGHE,24/07/2026,1.4,1.4,1.4,1.4,1248,1.805,1.805,1.765,1.78,1.78,1.78,1.78,1.77,1.755,1.73,1.74,1.78,1.765,1.79,1.705,1.705,1.72,1.67,1.735,1.715,1.72,1.725,1.725,1.725,1.76,1.735,1.72,1.7,1.685,1.62,1.62,1.63,1.62,1.595,1.535,1.525,1.53,0,1.595,1.585,1.58,1.56,1.52,1.54,1.54,1.58,1.52,1.52,1.5,1.5,1.385,1.42,1.4
CGO,24/07/2026,0.09,0.09,0.09,0.09,0,0.062,0.062,0.065,0.07,0.068,0.07,0.07,0.07,0.07,0.07,0.07,0.084,0.084,0.085,0.087,0.0805,0.08,0.077,0.076,0.076,0.083,0.083,0.076,0.076,0.08,0.08,0.08,0.081,0.083,0.083,0.093,0.09,0.09,0.09,0.09,0.09,0.09,0,0.09,0.09,0.09,0.09,0.09,0.09,0.09,0.09,0.09,0.09,0.09,0.09,0.09,0.09,0.09
CGR,24/07/2026,0.089,0.089,0.089,0.089,0,0.065,0.05,0.047,0.07,0.055,0.055,0.055,0.058,0.047,0.052,0.086,0.082,0.078,0.07,0.07,0.064,0.058,0.058,0.061,0.061,0.065,0.065,0.063,0.086,0.071,0.077,0.105,0.095,0.08,0.075,0.074,0.07,0.07,0.07,0.057,0.06,0.059,0.081,0.074,0.069,0.06,0.065,0.064,0.066,0.069,0.058,0.051,0.056,0.053,0.049,0.055,0.09,0.089
CGS,24/07/2026,2.64,2.64,2.52,2.53,68392,1.84,1.735,1.68,1.705,1.82,1.71,1.72,1.76,2.02,2.17,2.33,2.39,2.44,2.46,2.75,2.7,2.74,2.5,2.58,2.54,2.29,2.48,2.21,2.29,2.18,2.18,2.25,2.15,2.15,2.17,2.17,2.29,2.11,2.15,2.16,2.24,2.13,2.3,2.5,2.44,2.4,2.37,2.49,2.62,2.55,2.51,2.74,2.75,2.76,2.74,2.9,2.73,2.53
CGUN,24/07/2026,1.37,1.37,1.36,1.36,5944,1.665,1.7,1.66,1.67,1.69,1.68,1.67,1.635,1.635,1.625,1.645,1.66,1.67,1.695,1.625,1.615,1.625,1.58,1.63,1.5975,1.56,1.59,1.59,1.595,1.61,1.6,1.55,1.51,1.51,1.4125,1.425,1.415,1.42,1.35,1.335,1.36,1.365,1.37,1.385,1.385,1.385,1.35,1.31,1.345,1.35,1.32,1.33,1.33,1.33,1.365,1.37,1.39,1.36
CHC,24/07/2026,22.39,22.48,22.1,22.26,1682208,19.53,19.92,21.77,22.01,23.42,23.43,23.3,23.1,23.33,22.49,22.93,22.29,22.58,23.08,22.44,22.05,21.86,24.64,24.86,24.51,25.07,25.87,24.52,24.44,24.2,24.33,23.85,23.01,22.67,22.28,22.24,22.07,20.98,19.14,18.86,18.68,18.55,20.17,20.77,20,20.09,19.77,19.71,19.33,20.38,20.39,22.74,23.27,23.62,22.9,22.34,22.35,22.26
CHI,24/07/2026,2.63,2.63,2.63,2.63,0,0,0,0,0,0,0,0,0,0,0,0,0,0,0,0,0,0,0,0,0,0,0,0,0,2.53,2.53,2.53,2.53,2.53,2.53,2.53,2.53,2.5,2.5,2.5,2.42,2.5,2.46,2.46,2.39,2.45,2.5,2.5,2.5,2.5,2.61,2.61,2.58,2.7,2.63,2.63,2.63,2.63
CHL,24/07/2026,0.18,0.19,0.18,0.18,166869,0.46,0.435,0.455,0.47,0.475,0.465,0.4,0.39,0.385,0.38,0.36,0.33,0.315,0.33,0.375,0.34,0.34,0.325,0.335,0.345,0.335,0.345,0.335,0.34,0.36,0.38,0.47,0.45,0.38,0.325,0.335,0.34,0.3,0.255,0.24,0.225,0.215,0.225,0.26,0.225,0.205,0.19,0.195,0.185,0.185,0.17,0.18,0.2,0.185,0.185,0.2,0.185,0.18
CHM,24/07/2026,0.038,0.04,0.036,0.036,208264,0.003,0.0035,0.003,0.003,0.003,0.003,0.003,0.003,0.003,0.003,0.003,0.0035,0.003,0.003,0.003,0.003,0.003,0.0025,0.003,0.003,0.004,0.003,0.003,0.002,0.002,0.002,0.002,0.002,0.0025,0.002,0.0025,0.0015,0.002,0.002,0.002,0.002,0.002,0.002,0.002,0,0.165,0.135,0.13,0.13,0.1,0.082,0.075,0.065,0.065,0.058,0.052,0.044,0.036
CHN,24/07/2026,1.15,1.15,1.075,1.08,2672795,1.81,1.58,1.64,1.69,1.63,1.79,1.75,1.69,1.905,2.39,2.43,2.45,2.44,2.12,2.02,1.78,1.86,1.715,1.8,1.75,1.59,2.04,2.22,2.15,2.41,2.24,2.48,2.24,1.735,1.835,1.805,1.93,1.9,1.665,1.295,1.37,1.44,1.595,1.655,1.49,1.52,1.565,1.545,1.445,1.445,1.54,1.38,1.295,1.105,1.28,1.225,1.065,1.08
CHR,24/07/2026,0.082,0.082,0.081,0.081,100552,0.06,0.05,0.054,0.066,0.066,0.059,0.054,0.05,0.049,0.052,0.052,0.07,0.075,0.068,0.077,0.07,0.1,0.094,0.09,0.09,0.085,0.078,0.078,0.13,0.12,0.12,0.115,0.115,0.11,0.105,0.096,0.093,0.089,0.083,0.078,0.074,0.073,0.075,0.1,0.086,0.092,0.091,0.088,0.089,0.082,0.077,0.079,0.085,0.081,0.085,0.087,0.085,0.081
CHRCB,24/07/2026,0.016,0.016,0.016,0.016,0,0,0,0,0,0,0,0,0,0,0,0,0,0,0,0,0,0,0,0,0,0,0,0,0,0.07,0.05,0.05,0.05,0.05,0.04,0.039,0.035,0.035,0.03,0.03,0.03,0.03,0,0.02,0.02,0.02,0.02,0.025,0.025,0.02,0.02,0.02,0.02,0.02,0.016,0.016,0.016,0.016
CHW,24/07/2026,0.83,0.83,0.83,0.83,0,1.095,1.11,0.895,0.98,0.95,0.97,1.04,0.97,0.94,1.03,0.99,1.0025,1.25,1.25,1.16,0.995,1,0.98,0.935,0.92,0.85,0.83,0.9,0.905,0.83,0.85,0.8,0.82,0.88,0.995,0.945,0.945,0.94,0.86,0.755,0.85,0.845,0.95,0.94,0.94,0.92,0.96,0.93,0.93,0.9,0.81,0.84,0.845,0.8575,0.82,0.88,0.87,0.83
CIA,24/07/2026,3.92,3.96,3.88,3.9,1357557,5,4.22,4.2,4.36,4.19,4.5,4.51,4.5,4.55,4.73,4.86,4.8,4.76,4.94,5.54,5.42,5.26,5.18,5.8,6.03,6.24,5.88,6.13,6.13,6.47,6.62,6.19,5.88,5.31,5.17,5.07,5.37,4.79,4.93,4.73,5.37,5.32,5.23,4.94,4.95,4.85,5.02,5,4.93,4.45,4.25,4.1,4,3.86,4.04,3.95,3.96,3.9
CIIH,24/07/2026,1.535,1.535,1.535,1.535,172234,1.505,1.495,1.495,1.5,1.51,1.485,1.465,1.4775,1.47,1.495,1.505,1.52,1.51,1.545,1.535,1.53,1.575,1.555,1.585,1.58,1.55,1.55,1.545,1.545,1.57,1.555,1.56,1.59,1.61,1.645,1.69,1.725,1.68,1.67,1.675,1.675,1.63,1.68,1.635,1.63,1.66,1.62,1.635,1.655,1.645,1.635,1.64,1.63,1.68,1.52,1.52,1.525,1.535
CIMHA,24/07/2026,99.45,99.99,99.45,99.99,3707,0,0,0,0,0,0,0,100.299,100,100,100.09,100.1,99.99,100.01,99.84,99.68,99,99,98.5,97.75,98.5,99.7,0,99.2,100.1,99.25,99.5,99.49,99.44,99.2,99.35,98.14,98.6,97.25,97.49,96.95,0,0,95.5,98.13,97.86,99.5,98.162,99.19,98.5,99,98.64,99.59,99.3,98.67,0,99.798,99.99
CIN,24/07/2026,33.94,33.94,33.51,33.53,4004,37.5,36.96,37.49,37.52,38.05,36,35.2,35.25,35.25,34.88,35,34.5,34,34.75,35.28,35.3,35.1,34.1,34.5,34.24,35.35,34.51,34.57,34.6,34.8,35,35.55,34.6,35,35.6,37.22,37,36.75,36.5,35.9,35,35.02,35,33.5,33.8,33,33.05,33,32.81,32.9,32.84,33.39,34.3,34.75,33.5,33.99,33.6,33.53
CINPA,24/07/2026,2.3,2.3,2.3,2.3,0,2.19,2.19,2.19,2.19,2.19,2.19,2.19,2.19,2.19,2.19,2.19,2.19,2.19,2.19,2.3,2.3,2.3,2.3,2.3,2.3,2.3,2.3,2.3,2.3,2.3,2.3,2.3,2.3,2.3,2.3,2.3,2.3,2.3,2.3,2.3,2.3,2.3,0,2.3,2.3,2.3,2.3,2.3,2.3,2.3,2.3,2.3,2.3,2.3,2.3,2.3,2.3,2.3
CIP,24/07/2026,3,3.015,2.975,3,1046933,3.1,3.17,3.3,3.34,3.42,3.36,3.34,3.45,3.53,3.56,3.48,3.43,3.45,3.55,3.54,3.53,3.47,3.41,3.43,3.39,3.35,3.35,3.37,3.3,3.33,3.33,3.27,3.25,3.15,3.21,3.19,3.21,3.13,3.01,2.96,2.93,2.87,2.94,2.96,3.01,3.01,2.99,2.97,2.95,2.98,2.9,3.05,3.04,3.13,2.99,2.99,3.02,3
CIVH,24/07/2026,1.155,1.155,1.15,1.15,45339,1.165,1.165,1.165,1.165,1.18,1.185,1.145,1.16,1.15,1.15,1.15,1.21,1.22,1.22,1.2,1.2,1.21,1.215,1.24,1.24,1.215,1.215,1.215,1.215,1.195,1.205,1.21,1.225,1.255,1.27,1.31,1.335,1.305,1.275,1.275,1.275,1.265,0,1.275,1.26,1.285,1.27,1.255,1.26,1.25,1.24,1.255,1.255,1.27,1.145,1.14,1.14,1.15
CIW,24/07/2026,0.3,0.3,0.3,0.3,0,0.38,0.37,0.395,0.4,0.39,0.39,0.4,0.4,0.42,0.405,0.415,0.43,0.39,0.39,0.4,0.39,0.36,0.36,0.37,0.365,0.36,0.37,0.37,0.375,0.385,0.375,0.365,0.365,0.375,0.37,0.37,0.355,0.35,0.33,0.33,0.33,0.325,0,0.315,0.315,0.32,0.315,0.315,0.315,0.32,0.3,0.28,0.3,0.3,0.2975,0.2975,0.3,0.3
CKA,24/07/2026,0.059,0.059,0.059,0.059,2058,0.03,0.031,0.031,0.032,0.031,0.029,0.031,0.03,0.03,0.036,0.046,0.048,0.04,0.037,0.04,0.042,0.04,0.041,0.042,0.073,0.054,0.065,0.062,0.062,0.072,0.076,0.084,0.079,0.063,0.07,0.07,0.069,0.07,0.063,0.064,0.068,0.067,0.072,0.068,0.065,0.055,0.048,0.05,0.051,0.051,0.046,0.048,0.044,0.038,0.043,0.049,0.06,0.059
CKF,24/07/2026,7.75,7.75,7.64,7.7,518915,9.1,9.29,9.34,9.54,9.38,9.72,10.38,10.38,10.66,10.54,10.84,10.79,10.63,10.89,10.7,10.75,11,10.96,11.68,10.02,10.29,10.53,10.31,10.44,10.87,10.98,10.84,10.68,10.41,10.03,10.39,10.05,9.37,9.86,9.65,9.06,8.28,8.83,8.58,8.25,8.37,8.23,8.04,8.51,8.82,8.19,8.6,8.54,8.32,7.95,7.99,7.96,7.7
CL8,24/07/2026,0.013,0.013,0.013,0.013,0,0.013,0.013,0.013,0.013,0.013,0.013,0.013,0.013,0.013,0.013,0.013,0.013,0.013,0.013,0.013,0.013,0.013,0.013,0.013,0.013,0.013,0.013,0.013,0.013,0.013,0.013,0.013,0.013,0.013,0.013,0.013,0.013,0.013,0.013,0.013,0.013,0.013,0,0.013,0.013,0.013,0.013,0.013,0.013,0.013,0.013,0.013,0.013,0.013,0.013,0.013,0.013,0.013
CLA,24/07/2026,0.005,0.006,0.005,0.006,7547540,0.006,0.0065,0.007,0.007,0.007,0.009,0.009,0.009,0.0095,0.011,0.014,0.013,0.012,0.011,0.0115,0.011,0.012,0.01,0.011,0.012,0.012,0.012,0.012,0.013,0.015,0.02,0.022,0.022,0.02,0.023,0.021,0.018,0.016,0.016,0.013,0.011,0.013,0.014,0.013,0.011,0.009,0.008,0.009,0.008,0.007,0.006,0.005,0.005,0.005,0.006,0.007,0.007,0.006
CLAOA,24/07/2026,0.003,0.003,0.003,0.003,0,0.002,0.002,0.005,0.003,0.003,0.004,0.004,0.003,0.004,0.006,0.007,0.008,0.007,0.006,0.007,0.007,0.006,0.006,0.006,0.006,0.007,0.007,0,0.007,0.009,0.012,0.014,0.014,0.011,0.013,0.014,0.011,0.01,0.009,0.009,0.005,0,0,0.006,0.005,0.005,0.004,0.004,0.004,0.004,0.004,0.002,0.003,0.003,0.003,0,0.002,0.003
CLDD,24/07/2026,12.59,12.65,12.57,12.65,15585,14,13.72,13.38,13.03,13.25,13.59,13.49,13.73,14.14,13.98,13.93,14.02,13.81,14.34,14.15,14.11,13.87,13.29,13.53,13.54,13.57,13.37,13.32,13.23,13.17,12.56,12.17,11.58,10.59,10.56,10.685,10.27,11.01,10.84,10.97,11.07,10.92,10.31,10.7,10.685,10.93,12.15,11.74,12.47,12.64,13.52,12.67,12.06,11.93,13.13,13.58,13.3,12.65
CLG,24/07/2026,0.028,0.028,0.028,0.028,60000,0.044,0.048,0.047,0.041,0.042,0.03,0.032,0.038,0.051,0.054,0.051,0.051,0.049,0.047,0.044,0.044,0.04,0.041,0.04,0.04,0.036,0.035,0.033,0.04,0.038,0.037,0.035,0.035,0.033,0.031,0.031,0.023,0.024,0.027,0.027,0.026,0.026,0,0.027,0.023,0.022,0.02,0.023,0.031,0.0355,0.034,0.032,0.031,0.029,0.028,0.032,0.027,0.028
CLNE,24/07/2026,9,9,8.87,8.9,25573,6.55,6.49,6.43,6.39,6.73,6.82,6.78,6.76,7.04,7.12,7.58,7.82,8.26,8.07,8.12,8.41,8.01,7.76,7.94,8.03,8.04,7.85,7.87,7.91,8.2,8.4,8.51,8.43,8.435,8.37,8.59,8.48,8.44,8.48,8.73,8.8,8.76,8.8,8.95,9.33,9.55,9.47,10,10.39,10.93,10.62,9.95,9.8,9.59,9.49,9.26,8.83,8.9
CLU,24/07/2026,0.007,0.007,0.007,0.007,0,0.08,0.087,0.087,0.092,0.084,0.083,0.083,0.084,0.082,0.082,0.082,0.08,0.078,0.08,0.078,0.078,0.078,0.078,0.078,0.069,0.065,0.067,0.067,0.064,0.063,0.06,0.063,0.063,0.06,0.058,0.058,0.052,0.046,0.035,0.034,0.033,0.033,0,0.025,0.02,0.017,0.012,0.011,0.007,0.005,0.006,0.006,0.009,0.005,0.011,0.012,0.007,0.007
CLV,24/07/2026,0.87,0.88,0.87,0.88,52788,0.56,0.56,0.565,0.545,0.56,0.555,0.555,0.55,0.585,0.685,0.69,0.69,0.7,0.65,0.675,0.68,0.675,0.8,0.85,0.815,0.79,0.765,0.815,0.8,0.795,0.8,0.78,0.78,0.77,0.72,0.77,0.78,0.78,0.75,0.77,0.855,1.045,1,0.985,1.04,0.97,0.965,0.94,0.865,0.905,0.96,0.855,0.89,0.86,0.745,0.755,0.855,0.88
CLW,24/07/2026,3.64,3.7,3.64,3.68,1373791,4.05,4.12,4.4,4.47,4.57,4.57,4.54,4.59,4.59,4.51,4.33,4.27,4.33,4.42,4.25,4.27,4.14,4.12,4.1,4.07,4.09,4.18,4.24,4.08,4.06,4.03,3.96,3.9,3.7,3.75,3.76,3.76,3.66,3.53,3.43,3.42,3.35,3.43,3.48,3.59,3.55,3.5,3.47,3.49,3.46,3.41,3.74,3.74,3.83,3.65,3.64,3.69,3.68
CLX,24/07/2026,2.56,2.6,2.55,2.55,40791,1.86,1.855,1.825,1.82,1.855,1.86,1.9,1.8675,1.88,1.865,1.865,1.85,1.85,1.86,1.87,1.875,2.01,1.93,1.96,1.91,1.905,2.25,2.26,2.28,2.37,2.37,2.29,2.3,2.37,2.23,2.28,2.25,2.24,2.22,1.875,1.825,1.79,1.875,1.77,1.775,1.75,2.01,1.87,1.9,1.9,1.885,1.98,2.09,2.46,2.59,2.65,2.61,2.55
CLZ,24/07/2026,0.001,0.001,0.001,0.001,0,0.001,0.001,0.001,0.001,0.001,0.001,0.001,0.001,0.001,0.001,0.001,0.001,0.001,0.001,0.001,0.001,0.001,0.001,0.001,0.001,0.001,0.001,0.001,0.001,0.001,0.001,0.001,0.001,0.001,0.001,0.001,0.001,0.001,0.001,0.001,0.001,0.001,0,0.001,0.001,0.001,0.001,0.001,0.001,0.001,0.001,0.001,0.001,0.001,0.001,0.001,0.001,0.001
CMA,24/07/2026,0.93,1,0.925,1,13703,0,0,0,0,0,0,0,0,0,0,0,0,0,0,0,2.4,2.2,1.7,1.56,1.735,1.835,1.825,1.88,1.925,2.2,2.04,2.07,1.98,1.6,1.405,1.295,1.2,0.96,0.95,0.9,0.915,0.95,0.92,0.84,0.81,0.81,0.72,0.72,0.655,0.72,0.705,0.77,0.745,0.76,0.9,0.94,0.9,1
CMB,24/07/2026,0.43,0.43,0.43,0.43,0,0.265,0.425,0.42,0.37,0.36,0.47,0.495,0.51,0.505,0.52,0.51,0.485,0.46,0.48,0.49,0.5,0.505,0.52,0.505,0.475,0.48,0.48,0.47,0.465,0.46,0.46,0.6,0.585,0.59,0.56,0.525,0.525,0.49,0.48,0.48,0.48,0.41,0,0.46,0.425,0.42,0.425,0.39,0.395,0.435,0.42,0.43,0.475,0.415,0.435,0.405,0.41,0.43
CMD,24/07/2026,0.027,0.027,0.027,0.027,20796,0.022,0.023,0.022,0.028,0.028,0.027,0.029,0.032,0.033,0.033,0.037,0.038,0.037,0.035,0.03,0.031,0.031,0.03,0.03,0.033,0.03,0.03,0.029,0.029,0.023,0.028,0.028,0.027,0.026,0.025,0.02,0.021,0.024,0.026,0.025,0.024,0.041,0.0425,0.041,0.039,0.037,0.033,0.035,0.038,0.036,0.038,0.036,0.033,0.028,0.028,0.029,0.028,0.027
CMDO,24/07/2026,0.008,0.008,0.008,0.008,0,0,0,0,0,0,0,0,0,0,0,0,0,0,0,0,0,0,0,0,0,0,0,0,0,0,0,0,0,0,0,0,0,0,0,0,0,0,0,0,0,0,0,0,0,0,0,0,0,0,0.009,0,0.008,0.008
CMG,24/07/2026,0.074,0.074,0.074,0.074,3725,0.16,0.16,0.14,0.145,0.165,0.155,0.17,0.155,0.14,0.155,0.155,0.155,0.16,0.22,0.17,0.175,0.13,0.12,0.1,0.11,0.11,0.097,0.098,0.098,0.1,0.12,0.15,0.135,0.115,0.12,0.115,0.105,0.13,0.13,0.105,0.1,0.097,0,0.115,0.1,0.11,0.115,0.12,0.11,0.094,0.094,0.094,0.085,0.09,0.084,0.084,0.076,0.074
CML,24/07/2026,0.34,0.34,0.34,0.34,0,0.13,0.135,0.135,0.145,0.125,0.13,0.14,0.12,0.145,0.14,0.185,0.205,0.2,0.18,0.165,0.15,0.15,0.17,0.155,0.155,0.155,0.1725,0.16,0.18,0.175,0.18,0.17,0.21,0.215,0.21,0.26,0.245,0.235,0.22,0.22,0.215,0.25,0,0.25,0.28,0.34,0.345,0.36,0.285,0.34,0.35,0.305,0.3,0.3,0.38,0.35,0.36,0.34
CMM,24/07/2026,12.5,12.56,11.71,11.9,1505386,8.98,8.82,9.92,9.88,9.69,10.23,11.25,12.32,11.55,12.51,13.48,13.19,14.57,12.85,12.85,13.11,14.13,13.4,14.65,13.88,14.15,14.3,14.68,14.44,13.82,14.76,15.36,14.79,12.96,13.25,13.3,14.72,13.39,11.9,10.27,10.22,10.94,12.23,11.61,11.45,11.77,13.63,13.56,13.27,14.11,12.76,12.02,13.36,12.25,14.03,13.31,11.75,11.9
CMMO,24/07/2026,8,8,8,8,0,0,0,0,0,0,0,0,0,0,0,0,0,0,0,0,0,0,0,9.34,8.82,8.51,9,0,8.69,8.85,9.3,10,10.25,9.5,9.5,9.5,10.25,10.3,10.3,10.3,10.3,0,0,10.3,10.3,7.1,8.2,8.95,8.87,8.2,7.8,7.8,7.8,7.8,7.8,0,8,8
CMO,24/07/2026,0.007,0.007,0.007,0.007,500000,0.019,0.02,0.018,0.02,0.019,0.018,0.019,0.019,0.022,0.019,0.022,0.022,0.021,0.025,0.023,0.019,0.024,0.019,0.017,0.016,0.017,0.012,0.014,0.014,0.014,0.012,0.013,0.013,0.011,0.011,0.011,0.011,0.009,0.009,0.007,0.008,0.007,0.009,0.008,0.009,0.009,0.012,0.01,0.009,0.01,0.011,0.009,0.008,0.007,0.006,0.006,0.006,0.007
CMOO,24/07/2026,0.002,0.002,0.002,0.002,0,0.005,0.005,0.005,0.005,0.005,0.005,0.005,0.005,0.005,0.005,0.005,0.005,0.01,0.01,0.01,0.01,0.01,0.01,0.01,0.01,0.01,0.01,0,0.002,0.002,0.002,0.003,0.003,0.002,0.002,0.002,0.002,0.001,0.001,0.001,0.001,0,0,0.001,0.002,0.002,0.002,0.001,0.001,0.001,0.002,0.002,0.002,0.002,0.002,0,0.002,0.002
CMOOA,24/07/2026,0.001,0.001,0.001,0.001,0,0,0,0,0,0,0,0,0,0,0,0,0,0,0,0,0,0,0,0,0,0,0,0,0,0,0,0,0,0,0,0,0,0,0,0,0,0,0,0,0.002,0.003,0.003,0.002,0.003,0.003,0.005,0.005,0.005,0.002,0.002,0,0.002,0.001
CMP,24/07/2026,0.23,0.23,0.23,0.23,0,0.295,0.355,0.32,0.295,0.285,0.275,0.3,0.28,0.285,0.285,0.29,0.34,0.36,0.335,0.345,0.355,0.345,0.325,0.36,0.4,0.345,0.385,0.385,0.345,0.335,0.33,0.45,0.395,0.345,0.355,0.35,0.33,0.305,0.305,0.29,0.28,0.275,0.28,0.28,0.285,0.2825,0.3,0.28,0.275,0.27,0.255,0.24,0.2525,0.24,0.24,0.23,0.22,0.23
CMW,24/07/2026,0.42,0.425,0.415,0.425,1525402,0.4,0.415,0.44,0.445,0.43,0.445,0.45,0.48,0.49,0.47,0.49,0.465,0.465,0.47,0.465,0.46,0.455,0.44,0.455,0.48,0.465,0.48,0.49,0.475,0.455,0.455,0.43,0.41,0.42,0.445,0.445,0.445,0.41,0.4,0.395,0.39,0.39,0.395,0.4,0.385,0.405,0.42,0.425,0.415,0.44,0.425,0.45,0.455,0.45,0.425,0.42,0.435,0.425
CMX,24/07/2026,0.026,0.026,0.026,0.026,0,0.026,0.026,0.026,0.026,0.026,0.026,0.026,0.026,0.026,0.026,0.026,0.026,0.026,0.026,0.026,0.026,0.026,0.026,0.026,0.026,0.026,0.026,0.026,0.026,0.026,0.026,0.026,0.026,0.026,0.026,0.026,0.026,0.026,0.026,0.026,0.026,0.026,0,0.026,0.026,0.026,0.026,0.026,0.026,0.026,0.026,0.026,0.026,0.026,0.026,0.026,0.026,0.026
CNB,24/07/2026,0.5,0.5,0.465,0.48,590890,0.39,0.355,0.355,0.34,0.33,0.32,0.3,0.305,0.32,0.36,0.41,0.475,0.465,0.425,0.41,0.36,0.38,0.355,0.39,0.415,0.425,0.415,0.445,0.49,0.54,0.56,0.515,0.485,0.44,0.48,0.495,0.47,0.45,0.415,0.375,0.41,0.425,0.475,0.465,0.52,0.48,0.475,0.59,0.55,0.73,0.67,0.64,0.65,0.57,0.6,0.56,0.49,0.48
CND,24/07/2026,0.019,0.021,0.019,0.021,272743,0.023,0.023,0.022,0.021,0.02,0.023,0.023,0.0235,0.023,0.022,0.023,0.023,0.0235,0.022,0.022,0.02,0.019,0.022,0.022,0.021,0.02,0.019,0.02,0.021,0.02,0.02,0.021,0.02,0.019,0.02,0.02,0.02,0.021,0.021,0.023,0.022,0.019,0.021,0.021,0.021,0.021,0.0165,0.015,0.016,0.016,0.016,0.015,0.016,0.014,0.016,0.018,0.018,0.021
CNEW,24/07/2026,7.61,7.68,7.51,7.51,11565,7.42,7.53,7.69,7.91,8.26,8.41,8.1,8.15,8.16,8.18,8.22,8.17,8.04,8.14,8.08,8.05,8.04,7.7,7.84,7.77,7.81,8.06,7.93,8.01,8.225,8.39,8.4,8.04,8.11,7.98,8.04,8,7.92,8,7.75,7.74,7.87,7.94,8,7.97,8.1,8.08,8.26,8.23,8,7.84,7.86,8,8.17,8.24,8.15,7.6,7.51
CNI,24/07/2026,1.575,1.575,1.445,1.455,10133481,1.76,1.865,1.955,1.975,2.41,2.48,2.36,2.32,2.32,2.22,2.23,2.28,2.31,2.38,2.36,2.29,2.37,2.29,2.22,2.13,2.16,2.1,2.07,2.03,1.975,2.07,1.99,1.935,1.94,1.935,2.03,1.885,1.81,1.615,1.565,1.57,1.525,1.56,1.555,1.68,1.765,1.645,1.68,1.67,1.955,1.995,2.12,2.18,1.98,1.87,1.75,1.685,1.455
CNJ,24/07/2026,0.008,0.008,0.007,0.007,967238,0.007,0.007,0.007,0.007,0.007,0.007,0.004,0.005,0.004,0.006,0.006,0.007,0.013,0.012,0.008,0.008,0.008,0.008,0.007,0,0.05,0.012,0.01,0.011,0.01,0.009,0.013,0.011,0.011,0.011,0.011,0.011,0.011,0.011,0.009,0.009,0.009,0.009,0.009,0.01,0.009,0.009,0.011,0.01,0.011,0.008,0.009,0.009,0.009,0.0085,0.008,0.008,0.007
CNJO,24/07/2026,0.004,0.004,0.004,0.004,0,0.001,0.001,0.001,0.001,0.001,0.001,0.001,0.001,0.001,0.001,0.001,0.002,0.003,0.003,0.002,0.002,0.002,0.003,0.003,0,0.004,0.004,0,0.004,0.002,0.002,0.003,0.003,0.004,0.004,0.004,0.004,0.004,0.004,0.004,0.004,0,0,0.004,0.004,0.004,0.004,0.004,0.004,0.004,0.004,0.004,0.004,0.004,0.004,0,0.004,0.004
CNQ,24/07/2026,0.475,0.49,0.46,0.48,18120,0.205,0.195,0.2,0.21,0.22,0.25,0.24,0.23,0.335,0.32,0.35,0.31,0.38,0.41,0.555,0.45,0.395,0.355,0.4,0.375,0.36,0.33,0.34,0.37,0.36,0.355,0.39,0.385,0.345,0.34,0.36,0.365,0.425,0.415,0.395,0.36,0.38,0.37,0.37,0.4,0.38,0.4,0.44,0.425,0.46,0.56,0.54,0.49,0.5,0.455,0.445,0.445,0.48
CNU,24/07/2026,8.09,8.09,7.86,7.87,319690,7.73,8.01,8.43,8.43,8.6,8.89,8.91,8.86,8.3,8.32,8.35,8.16,8.04,8.13,8.22,8.21,8.08,8.01,8.06,7.96,8.13,8.08,8.23,8.18,8.05,8.19,8.12,8.2,7.94,7.73,8.1,8.01,7.84,7.58,8.15,7.83,7.82,7.86,8.01,8.11,8.27,8.34,8.29,8.34,8.07,7.73,8.15,7.97,8.16,7.87,7.9,8.06,7.87
COB,24/07/2026,0.066,0.067,0.065,0.065,243346,0.056,0.054,0.05,0.052,0.054,0.052,0.053,0.05,0.049,0.049,0.079,0.11,0.205,0.175,0.13,0.105,0.105,0.105,0.115,0.105,0.078,0.081,0.08,0.085,0.092,0.09,0.09,0.08,0.073,0.068,0.071,0.076,0.077,0.071,0.068,0.075,0.077,0.073,0.083,0.125,0.094,0.096,0.089,0.093,0.083,0.074,0.074,0.079,0.065,0.067,0.067,0.065,0.065
COD,24/07/2026,0.115,0.12,0.11,0.12,249039,0.084,0.082,0.0825,0.078,0.078,0.115,0.14,0.125,0.14,0.13,0.13,0.135,0.145,0.14,0.11,0.105,0.115,0.1,0.1,0.135,0.135,0.125,0.14,0.18,0.17,0.18,0.185,0.175,0.17,0.16,0.175,0.175,0.18,0.145,0.135,0.13,0.135,0.135,0.15,0.14,0.13,0.135,0.145,0.155,0.15,0.15,0.115,0.145,0.11,0.12,0.12,0.105,0.12
CODO,24/07/2026,0.042,0.042,0.042,0.042,0,0.016,0.016,0.016,0.014,0.014,0.029,0.04,0.04,0.045,0.034,0.045,0.045,0.045,0.045,0.033,0.035,0.035,0.033,0.03,0.038,0.038,0.032,0,0.06,0.063,0.07,0.071,0.063,0.06,0.067,0.07,0.065,0.07,0.066,0.06,0.055,0,0,0.06,0.055,0.047,0.05,0.056,0.058,0.045,0.063,0.054,0.048,0.04,0.036,0,0.042,0.042
COF,24/07/2026,0.88,0.885,0.87,0.875,676940,1.23,1.26,1.3,1.265,1.235,1.245,1.24,1.27,1.255,1.215,1.195,1.18,1.165,1.205,1.18,1.185,1.175,1.155,1.175,1.11,1.14,1.16,1.13,1.13,1.115,1.12,1.1,1.065,1.04,1.005,1.01,1.005,1.015,1.005,0.96,0.955,0.935,0.95,0.94,0.935,0.93,0.94,0.935,0.905,0.915,0.885,0.935,0.925,0.93,0.89,0.885,0.895,0.875
COG,24/07/2026,1.33,1.33,1.2425,1.285,244594,1.73,1.86,1.78,1.7,1.76,1.69,2.01,1.995,2.11,2.19,2.11,2.4,2.3,2.38,2.32,2.39,2.17,2.15,2.15,2.02,1.99,2.02,2.1,2.07,2.05,1.99,1.91,1.76,1.75,1.63,1.655,1.54,1.4,1.315,1.33,1.355,1.16,1.305,1.32,1.4,1.405,1.65,1.65,1.495,1.51,1.495,1.46,1.41,1.365,1.47,1.365,1.45,1.285
COH,24/07/2026,110.39,113.04,108.98,111.61,275390,312.83,312.33,309.27,309.03,301.91,301.55,298.53,299.79,293.2,280,283.46,283.94,285.64,290.21,287.16,284.83,274.3,267.05,279.06,269.47,263.46,257.63,261.97,261.01,263.24,268.51,273.73,269.1,250.17,199.22,198.76,199.01,180.06,174.42,164.62,170.23,172.36,172.1,168.46,97.35,98.77,99.89,96.33,97.53,100.5,100.45,103.75,118.14,118.03,124.96,121.62,119.48,111.61
COI,24/07/2026,0.09,0.092,0.088,0.092,2077574,0.14,0.145,0.14,0.135,0.13,0.12,0.12,0.115,0.11,0.115,0.12,0.11,0.11,0.115,0.13,0.125,0.115,0.105,0.11,0.099,0.105,0.13,0.135,0.135,0.1375,0.145,0.135,0.135,0.13,0.135,0.135,0.135,0.145,0.15,0.135,0.14,0.14,0.145,0.15,0.17,0.16,0.145,0.135,0.135,0.145,0.13,0.13,0.13,0.1,0.09,0.088,0.09,0.092
COL,24/07/2026,23.15,23.43,23.03,23.43,2492355,20.22,20.55,20.65,21.06,20.85,23.88,23.96,23.88,23.62,23.34,23.16,23.31,23.09,22.75,22.05,22.36,22.31,22.43,22.32,21.85,21.79,21.54,21.3,21.34,21.03,21.08,21,21.28,21.66,22.05,21.52,20.56,21.15,20.38,21.59,21.96,22.62,22.4,22.54,23.06,22.92,21.63,20.81,21.47,21.72,22.21,24.01,23.66,24.41,23.28,23.56,23.21,23.43
COMP,24/07/2026,49.91,49.92,49.87,49.87,57,0,0,0,0,0,0,0,0,0,0,0,0,0,0,0,0,0,0,0,0,0,0,0,0,0,0,0,0,0,0,0,0,0,0,0,0,0,0,0,0,0,0,0,0,0,50.04,50.36,50.4,50.44,50.44,50.42,50.27,49.87
CORE,24/07/2026,11.64,11.64,11.6,11.61,28186,10.38,10.55,10.54,10.65,10.75,10.76,10.76,10.76,10.93,10.92,11.06,11.16,11.15,11.29,11.45,11.27,11.27,11.12,11.38,11.32,11.31,11.24,11.3,11.16,11.26,11.33,11.05,10.94,10.77,10.78,10.84,10.87,10.75,10.52,10.35,10.46,10.52,10.79,10.91,11.02,11.08,11.22,11.46,11.53,11.61,11.65,11.64,11.8,11.78,11.83,11.82,11.63,11.61
COS,24/07/2026,0.2,0.2,0.2,0.2,600,0.635,0.575,0.57,0.605,0.66,0.6,0.62,0.6,0.585,0.635,0.61,0.585,0.585,0.595,0.485,0.45,0.435,0.405,0.405,0.48,0.475,0.4475,0.465,0.5,0.5,0.51,0.5,0.45,0.44,0.45,0.4,0.295,0.255,0.2,0.225,0.2,0.235,0.225,0.225,0.22,0.235,0.23,0.22,0.2,0.205,0.22,0.22,0.205,0.21,0.2,0.185,0.205,0.2
COV,24/07/2026,0.34,0.34,0.31,0.33,165657,0.38,0.385,0.365,0.35,0.345,0.365,0.36,0.375,0.4,0.38,0.365,0.365,0.375,0.42,0.4,0.44,0.54,0.645,0.63,0.655,0.71,0.635,0.63,0.615,0.67,0.76,0.785,0.66,0.58,0.605,0.57,0.585,0.54,0.5,0.48,0.505,0.555,0.585,0.6,0.68,0.615,0.655,0.69,0.63,0.55,0.515,0.51,0.49,0.475,0.5,0.51,0.36,0.33
COY,24/07/2026,0.004,0.004,0.004,0.004,319,0.013,0.011,0.012,0.013,0.013,0.014,0.012,0.012,0.013,0.016,0.013,0.012,0.012,0.013,0.013,0.011,0.011,0.011,0.012,0.008,0.009,0.009,0.009,0.01,0.01,0.009,0.01,0.011,0.009,0.009,0.009,0.011,0.01,0.008,0.008,0.008,0.008,0,0.008,0.008,0.007,0.009,0.007,0.006,0.005,0.004,0.004,0.004,0.003,0.004,0.003,0.004,0.004
CP8,24/07/2026,0.12,0.12,0.12,0.12,0,0.08,0.07,0.066,0.07,0.066,0.064,0.065,0.054,0.053,0.05,0.052,0.052,0.054,0.054,0.054,0.047,0.045,0.045,0.056,0.07,0.073,0.07,0.08,0.078,0.09,0.098,0.095,0.082,0.07,0.07,0.07,0.068,0.07,0.065,0.065,0.065,0.067,0.067,0.07,0.12,0.12,0.18,0.185,0.185,0.18,0.175,0.14,0.15,0.12,0.125,0.11,0.135,0.12
CP8O,24/07/2026,0.018,0.018,0.018,0.018,8000,0,0,0,0,0,0,0,0,0,0,0,0,0,0,0,0,0,0,0,0,0,0,0,0,0,0,0,0,0,0,0,0,0,0,0,0,0,0,0,0,0,0,0,0,0,0,0,0,0,0,0,0.016,0.018
CPM,24/07/2026,0.063,0.063,0.063,0.063,397,0.048,0.054,0.063,0.057,0.059,0.058,0.054,0.053,0.065,0.07,0.067,0.066,0.067,0.053,0.062,0.059,0.058,0.056,0.051,0.055,0.058,0.058,0.059,0.052,0.057,0.056,0.054,0.05,0.055,0.054,0.053,0.059,0.051,0.049,0.047,0.049,0.048,0,0.051,0.063,0.05,0.05,0.061,0.06,0.057,0.067,0.06,0.056,0.05,0.065,0.06,0.054,0.063
CPMO,24/07/2026,0.001,0.001,0.001,0.001,0,0.003,0.003,0.003,0.003,0.003,0.003,0.003,0.003,0.005,0.005,0.005,0.005,0.005,0.005,0.006,0.005,0.004,0.004,0.008,0.005,0.005,0.005,0,0.005,0.005,0.005,0.005,0.005,0.005,0.005,0.005,0.005,0.005,0.005,0.005,0.005,0,0,0.005,0.005,0.007,0.007,0.007,0.006,0.006,0.001,0.001,0.001,0.001,0.001,0,0.001,0.001
CPN,24/07/2026,0.12,0.13,0.11,0.13,1123911,0.055,0.051,0.053,0.053,0.052,0.052,0.065,0.064,0.085,0.084,0.105,0.1175,0.1,0.1,0.105,0.115,0.125,0.145,0.11,0.12,0.1,0.081,0.084,0.092,0.105,0.11,0.11,0.115,0.125,0.14,0.16,0.185,0.155,0.15,0.12,0.11,0.115,0.115,0.105,0.115,0.105,0.12,0.115,0.105,0.1,0.099,0.09,0.084,0.08,0.077,0.115,0.11,0.13
CPO,24/07/2026,0.013,0.014,0.012,0.014,2071590,0.012,0.011,0.011,0.012,0.012,0.012,0.013,0.014,0.013,0.014,0.018,0.014,0.015,0.017,0.014,0.016,0.013,0.013,0.012,0.015,0.014,0.012,0.012,0.012,0.016,0.017,0.017,0.015,0.013,0.014,0.016,0.016,0.015,0.012,0.011,0.012,0.011,0,0.013,0.014,0.012,0.013,0.012,0.011,0.011,0.011,0.01,0.009,0.01,0.009,0.011,0.012,0.014
CPPR,24/07/2026,10,10,9.8,9.81,9538,0,0,0,0,0,0,0,0,0,0,0,0,0,0,0,0,0,0,0,0,0,0,0,0,0,0,0,0,0,0,0,0,0,0,0,0,0,0,0,0,9.6,10.08,10.75,10.18,10.83,11,10.24,10.565,9.64,9.9,9.7,9.28,9.81
CPU,24/07/2026,39,39.58,38.93,39.49,1268285,40.12,41.62,41.26,41.02,39.47,38.17,37.46,36.47,37.47,35.53,36.46,37.14,37.01,36.88,36.57,35.17,36.03,34.79,35.9,34.92,33.83,34.29,34.35,34.15,33.74,35.36,34.35,32.71,31.07,30.17,31.46,30.99,30.61,28.86,27.67,27.93,28.33,29.28,30.79,30.05,30.73,30.73,31.07,33.77,34.59,34.93,36.85,36.71,36.88,39.39,39.52,39.86,39.49
CPV,24/07/2026,0.084,0.084,0.08,0.081,217715,0.235,0.235,0.245,0.295,0.26,0.225,0.26,0.24,0.22,0.19,0.2,0.19,0.205,0.165,0.17,0.165,0.155,0.16,0.155,0.1525,0.145,0.1425,0.14,0.135,0.135,0.14,0.15,0.14,0.14,0.13,0.12,0.115,0.115,0.12,0.12,0.11,0.11,0.115,0.11,0.105,0.105,0.099,0.1,0.14,0.15,0.16,0.14,0.14,0.084,0.088,0.087,0.081,0.081
CQE,24/07/2026,2.56,2.57,2.52,2.56,322799,2.87,2.98,3.08,3.31,3.36,3.38,3.36,3.38,3.45,3.4,3.41,3.36,3.3,3.38,3.23,3.15,3.12,3.08,3.1,3.03,3.02,3.26,3.11,3.07,3.05,3.05,2.98,2.91,2.9,2.85,2.86,2.88,2.77,2.6,2.54,2.62,2.59,2.6,2.67,2.71,2.61,2.62,2.55,2.53,2.52,2.5,2.65,2.65,2.76,2.63,2.61,2.62,2.56
CQR,24/07/2026,3.89,3.91,3.87,3.88,870584,3.78,3.84,3.96,4.08,4.22,4.2,4.2,4.27,4.15,4.21,4.13,4.07,4.15,4.22,4.12,4.14,4.09,4.05,4.06,4,4.02,4.11,4.16,4.09,4.06,4.14,3.99,3.93,3.78,3.94,3.99,4.05,3.95,3.87,3.79,3.84,3.68,3.73,3.8,3.86,3.94,3.79,3.81,3.82,3.77,3.69,3.92,3.95,4.04,3.85,3.89,3.89,3.88
CQT,24/07/2026,0.02,0.02,0.017,0.019,2055933,0,0,0,0,0,0,0,0,0,0.033,0.028,0.03,0.027,0.034,0.034,0.032,0.038,0.04,0.049,0.057,0.055,0.053,0.055,0.053,0.052,0.05,0.045,0.045,0.042,0.044,0.036,0.035,0.029,0.03,0.034,0.033,0.035,0.037,0.036,0.035,0.035,0.038,0.036,0.034,0.027,0.027,0.024,0.023,0.022,0.023,0.021,0.021,0.019
CR1,24/07/2026,0.12,0.12,0.12,0.12,0,0.125,0.125,0.14,0.12,0.12,0.14,0.13,0.13,0.13,0.12,0.12,0.1225,0.18,0.2,0.2,0.185,0.18,0.17,0.155,0.175,0.18,0.165,0.16,0.16,0.16,0.16,0.17,0.17,0.15,0.15,0.15,0.175,0.175,0.16,0.16,0.15,0.14,0,0.165,0.175,0.165,0.16,0.155,0.205,0.185,0.185,0.15,0.15,0.135,0.125,0.13,0.13,0.12
CR3,24/07/2026,0.008,0.008,0.008,0.008,0,0.014,0.014,0.012,0.013,0.014,0.012,0.011,0.011,0.01,0.012,0.011,0.012,0.014,0.012,0.012,0.011,0.011,0.01,0.01,0.012,0.01,0.009,0.008,0.009,0.009,0.0095,0.011,0.013,0.01,0.01,0.011,0.01,0.01,0.01,0.008,0.008,0.008,0,0.009,0.009,0.009,0.009,0.009,0.009,0.009,0.008,0.007,0.0075,0.008,0.008,0.008,0.009,0.008
CR3O,24/07/2026,0.001,0.001,0.001,0.001,0,0.003,0.003,0.002,0.002,0.002,0.002,0.002,0.002,0.002,0.002,0.002,0.002,0.002,0.002,0.002,0.002,0.002,0.002,0.002,0.001,0.001,0.002,0,0.002,0.002,0.001,0.001,0.001,0.001,0.001,0.001,0.001,0.001,0.001,0.001,0.001,0,0,0.001,0.001,0.001,0.001,0.001,0.001,0.001,0.001,0.001,0.001,0.001,0.001,0,0.001,0.001
CR3OD,24/07/2026,0.001,0.001,0.001,0.001,0,0.001,0.001,0.001,0.001,0.001,0.001,0.001,0.001,0.001,0.001,0.001,0.001,0.001,0.001,0.001,0.001,0.001,0.001,0.001,0.001,0.001,0.001,0,0.001,0.001,0.001,0.001,0.001,0.001,0.001,0.001,0.001,0.001,0.001,0.001,0.001,0,0,0.001,0.001,0.001,0.001,0.001,0.001,0.001,0.001,0.001,0.001,0.001,0.001,0,0.001,0.001
CR3OE,24/07/2026,0.003,0.003,0.003,0.003,0,0,0,0,0,0,0,0,0,0,0,0,0,0,0,0,0,0,0,0,0,0,0,0,0,0,0,0,0,0,0,0,0.003,0.003,0.003,0.003,0.003,0,0,0.0025,0.0025,0.002,0.002,0.002,0.002,0.002,0.002,0.002,0.002,0.002,0.002,0,0.003,0.003
CRB,24/07/2026,0.008,0.008,0.008,0.008,0,0.004,0.004,0.004,0.006,0.005,0.005,0.005,0.005,0.005,0.005,0.005,0.006,0.006,0.008,0.007,0.007,0.007,0.007,0.006,0.006,0.0065,0.006,0.006,0.005,0.006,0.007,0.006,0.006,0.006,0.005,0.008,0.007,0.007,0.006,0.005,0.005,0.006,0,0.006,0.006,0.006,0.007,0.006,0.007,0.011,0.013,0.011,0.012,0.01,0.01,0.01,0.009,0.008
CRD,24/07/2026,0.555,0.555,0.555,0.555,1000,0.795,0.85,0.83,0.8,0.81,0.74,0.75,0.78,0.72,0.725,0.765,0.775,0.715,0.76,0.73,0.68,0.68,0.75,0.69,0.69,0.7,0.6,0.63,0.625,0.59,0.54,0.57,0.6,0.505,0.47,0.545,0.57,0.62,0.63,0.63,0.54,0.585,0.495,0.47,0.5,0.49,0.475,0.5,0.5,0.45,0.56,0.475,0.435,0.41,0.56,0.63,0.57,0.555
CRED,24/07/2026,22.62,22.66,22.59,22.6,65812,23.56,23.59,23.71,23.82,23.75,23.83,23.72,23.86,23.86,23.67,23.7,23.68,24.01,23.98,23.76,23.65,23.5,23.48,23.4,23.14,23.09,23.09,23.16,23,23.19,23.25,23.15,23.18,23.13,23.24,23.27,23.4,22.99,22.77,22.64,22.53,22.49,22.6,22.61,22.64,22.51,22.61,22.53,22.74,22.86,22.7,22.87,22.92,23.09,22.91,22.87,22.82,22.6
CRI,24/07/2026,0.019,0.019,0.018,0.0185,95242,0.017,0.016,0.015,0.018,0.018,0.02,0.022,0.021,0.0235,0.022,0.028,0.029,0.04,0.042,0.034,0.029,0.031,0.025,0.029,0.03,0.026,0.026,0.027,0.027,0.027,0.025,0.026,0.03,0.027,0.028,0.027,0.027,0.027,0.024,0.024,0.023,0.023,0.024,0.024,0.025,0.024,0.024,0.022,0.023,0.023,0.021,0.019,0.0195,0.018,0.0185,0.019,0.0185,0.0185
CRN,24/07/2026,0.17,0.17,0.16,0.165,1929825,0.25,0.19,0.225,0.315,0.35,0.365,0.33,0.325,0.35,0.31,0.3,0.35,0.385,0.345,0.365,0.33,0.265,0.25,0.275,0.32,0.305,0.35,0.325,0.36,0.37,0.415,0.49,0.405,0.38,0.34,0.305,0.315,0.355,0.33,0.275,0.32,0.325,0.33,0.3,0.265,0.28,0.255,0.23,0.215,0.27,0.3,0.26,0.235,0.19,0.175,0.155,0.175,0.165
CRR,24/07/2026,0.007,0.007,0.007,0.007,8739447,0.005,0.005,0.006,0.008,0.008,0.008,0.009,0.008,0.0085,0.008,0.009,0.012,0.011,0.01,0.009,0.009,0.01,0.01,0.009,0.008,0.008,0.009,0.009,0.008,0.01,0.01,0.01,0.009,0.007,0.009,0.009,0.01,0.009,0.009,0.0075,0.008,0.008,0.009,0.008,0.008,0.009,0.01,0.008,0.0085,0.0085,0.007,0.007,0.009,0.008,0.008,0.0075,0.007,0.007
CRRO,24/07/2026,0.004,0.004,0.004,0.004,0,0,0,0,0,0,0,0,0,0,0,0,0,0,0,0,0,0,0,0,0,0,0,0,0,0,0,0,0,0,0,0,0,0,0,0,0,0,0,0,0,0,0,0,0,0,0.003,0.002,0.003,0.003,0.003,0,0.003,0.004
CRS,24/07/2026,0.082,0.083,0.082,0.082,10902224,0.061,0.06,0.068,0.075,0.077,0.096,0.105,0.098,0.1,0.12,0.15,0.145,0.135,0.13,0.14,0.15,0.155,0.13,0.13,0.125,0.091,0.096,0.095,0.1,0.11,0.105,0.11,0.09,0.09,0.083,0.089,0.097,0.095,0.083,0.079,0.079,0.077,0.08,0.08,0.076,0.077,0.13,0.115,0.1,0.095,0.086,0.081,0.082,0.081,0.084,0.083,0.08,0.082
CRYP,24/07/2026,7.7,7.7,7.64,7.64,34457,7.7,7.37,7.2,7.3,7.12,7.32,7.11,7.81,8.54,8.39,9.28,10.4,9.92,9.74,9.9,9.36,7.47,6.9,7.85,7.95,7.89,6.92,7.09,6.75,7.48,7.85,7.41,7.1,5.45,5.9,6.11,6.39,6.49,6.42,6.5,6.33,5.81,6.58,7.17,7.62,7.31,8.28,8.37,8.31,8.85,8.3,8.14,8.59,7.76,7.55,7.68,6.87,7.64
CSC,24/07/2026,13.3,13.34,12.94,12.96,618661,9.03,9.37,9.66,10.35,10.41,10.86,10.61,11.4,11.58,12.27,13.45,14.2,12.79,12.67,13.75,13.05,13.39,12.06,13.19,14.38,14.93,14.3,15.23,14.51,14.51,15.63,14.95,16.55,15.26,15.98,14.07,14.7,12.53,11.7,10.2,10.14,11,12.21,13.01,11.96,11.86,12.37,13.48,13.75,15.14,14.87,14.23,15.05,13.1,13.48,13.04,12.52,12.96
CSL,24/07/2026,115.25,115.75,113.75,114.22,1114296,267.92,264.05,260.88,270.37,216.6,212.89,209.25,207.82,198.37,194.23,207.79,209.2,218.5,212.47,178.5,179.03,181.81,178.85,186.3,184.1,183.93,175.08,171.48,171.96,174.29,175.53,179.62,181.42,180.5,150.01,153.27,146.76,146.27,141.03,138.5,143.19,138.93,139.19,137.13,130,124.84,119.88,97.96,99.76,96.61,97.91,107.51,116.32,114.87,121.81,122.89,123.32,114.22
CST,24/07/2026,0.073,0.073,0.073,0.073,1546,0.055,0.06,0.061,0.07,0.069,0.063,0.064,0.061,0.064,0.078,0.1,0.095,0.11,0.12,0.105,0.095,0.11,0.1,0.105,0.11,0.11,0.11,0.12,0.135,0.14,0.13,0.125,0.125,0.13,0.105,0.11,0.11,0.105,0.096,0.092,0.089,0.09,0.093,0.097,0.093,0.095,0.099,0.098,0.091,0.089,0.095,0.085,0.077,0.083,0.077,0.069,0.076,0.073
CSX,24/07/2026,0.395,0.395,0.395,0.395,2618,0.65,0.765,0.855,0.84,0.8,0.79,0.8,0.775,0.77,0.685,0.73,0.695,0.7,0.7,0.7,0.69,0.725,0.655,0.65,0.655,0.63,0.67,0.67,0.68,0.72,0.7075,0.69,0.66,0.65,0.64,0.57,0.57,0.53,0.475,0.465,0.465,0.47,0.46,0.445,0.435,0.42,0.41,0.4,0.4,0.385,0.35,0.4,0.41,0.4,0.4,0.4,0.375,0.395
CT1,24/07/2026,0.003,0.003,0.003,0.003,1935000,0.002,0.002,0.002,0.002,0.002,0.002,0.002,0.002,0.0015,0.002,0.002,0.002,0.002,0.001,0.002,0.002,0.0015,0.002,0.002,0.002,0.002,0.002,0.002,0.002,0.001,0.002,0.002,0.003,0.002,0.002,0.002,0.002,0.003,0.003,0.002,0.002,0.002,0,0.002,0.0025,0.0025,0.002,0.002,0.002,0.0025,0.002,0.002,0.003,0.0025,0.003,0.0025,0.0025,0.003
CTD,24/07/2026,16.07,16.07,16.07,16.07,0,15.7,15.68,16.12,15.57,16.07,16.07,16.07,16.07,16.07,16.07,16.07,16.07,16.07,16.07,16.07,16.07,16.07,16.07,16.07,16.07,16.07,16.07,16.07,16.07,16.07,16.07,16.07,16.07,16.07,16.07,16.07,16.07,16.07,16.07,16.07,16.07,16.07,0,16.07,16.07,16.07,16.07,16.07,16.07,16.07,16.07,16.07,16.07,16.07,16.07,16.07,16.07,16.07
CTE,24/07/2026,1.2,1.2,1.2,1.2,0,0.75,0.75,0.7,0.74,0.78,0.8,0.86,0.86,0.84,0.835,0.84,0.88,0.88,1.1,1.19,1.2,1.2,1.19,1.13,1.13,1.01,1.01,1.01,1,1,1.01,1.06,1.06,1.1,1.195,1.2,1.205,1.2,1.195,1.15,1.15,1.095,0,1.09,1.05,1.15,1,1,1.07,1.1,1.06,1.06,1.06,1.15,1.25,1.25,1.3,1.2
CTM,24/07/2026,0.45,0.45,0.425,0.425,563150,0.4,0.395,0.42,0.375,0.35,0.365,0.35,0.35,0.38,0.37,0.46,0.46,0.46,0.44,0.43,0.39,0.415,0.4,0.41,0.415,0.425,0.45,0.535,0.58,0.63,0.63,0.65,0.62,0.52,0.63,0.68,0.675,0.59,0.53,0.535,0.57,0.605,0.57,0.65,0.615,0.58,0.64,0.675,0.62,0.62,0.575,0.55,0.51,0.495,0.51,0.455,0.44,0.425
CTN,24/07/2026,0.048,0.048,0.047,0.047,49751,0.004,0.004,0.004,0.004,0.004,0.004,0.004,0.004,0.004,0.004,0.005,0.004,0.005,0.0045,0.004,0.003,0.0035,0.003,0.004,0.003,0.003,0.002,0.0025,0,0,0.088,0.125,0.098,0.086,0.085,0.07,0.075,0.09,0.08,0.066,0.061,0.061,0.067,0.066,0.06,0.061,0.057,0.06,0.054,0.05,0.048,0.044,0.042,0.041,0.05,0.045,0.045,0.047
CTNO,24/07/2026,0.045,0.045,0.045,0.045,0,0,0,0,0,0,0,0,0,0,0,0,0,0,0,0,0,0,0,0,0,0,0,0,0,0,0,0,0,0,0,0,0,0.045,0.045,0.045,0.045,0,0,0.045,0.045,0.045,0.045,0.045,0.045,0.045,0.045,0.045,0.045,0.045,0.045,0,0.045,0.045
CTO,24/07/2026,0.011,0.011,0.01,0.011,3464389,0.004,0.004,0.004,0.004,0.004,0.005,0.007,0.007,0.006,0.007,0.008,0.01,0.012,0.011,0.012,0.012,0.011,0.011,0.011,0.011,0.011,0.016,0.016,0.017,0.018,0.023,0.02,0.017,0.015,0.017,0.017,0.018,0.0165,0.015,0.017,0.02,0.019,0.021,0.023,0.015,0.0175,0.016,0.016,0.0145,0.015,0.015,0.014,0.013,0.01,0.009,0.013,0.011,0.011
CTP,24/07/2026,0.069,0.07,0.068,0.068,38383,0.055,0.056,0.058,0.06,0.061,0.06,0.061,0.06,0.058,0.063,0.062,0.063,0.067,0.065,0.065,0.063,0.064,0.06,0.058,0.061,0.061,0.062,0.063,0.061,0.063,0.062,0.065,0.074,0.074,0.075,0.072,0.073,0.087,0.09,0.089,0.085,0.09,0.089,0.081,0.079,0.079,0.072,0.067,0.0715,0.068,0.067,0.066,0.062,0.06,0.059,0.06,0.066,0.068
CTQ,24/07/2026,0.012,0.012,0.012,0.012,817197,0.013,0.012,0.012,0.01,0.01,0.01,0.012,0.013,0.013,0.012,0.011,0.01,0.011,0.011,0.011,0.01,0.01,0.01,0.01,0.01,0.01,0.01,0.011,0.011,0.011,0.011,0.01,0.011,0.011,0.009,0.009,0.008,0.007,0.008,0.008,0.007,0.007,0.008,0.008,0.012,0.013,0.013,0.013,0.013,0.013,0.012,0.014,0.014,0.013,0.012,0.012,0.011,0.012
CTS,24/07/2026,0.59,0.605,0.51,0.51,713263,0,0,0,0,0,0,0,0,0,0,0,0,0,0,0,0,0,0,0,0,0,0,0,0,0,0,0,0,0,0,0,0,0,0,0,0,0,0,0,0,0,0,0,0,0,0,0,0,0,0,0,0,0.51
CTT,24/07/2026,0.195,0.2,0.19,0.195,1997848,0.34,0.275,0.305,0.305,0.28,0.315,0.345,0.39,0.53,0.725,0.77,0.775,0.645,0.695,0.69,0.54,0.585,0.615,0.765,0.88,0.9,0.875,0.93,0.92,0.8,0.8,0.62,0.54,0.5,0.485,0.435,0.325,0.3,0.28,0.255,0.23,0.23,0.25,0.27,0.245,0.23,0.22,0.195,0.175,0.235,0.245,0.22,0.215,0.185,0.21,0.215,0.18,0.195
CU6,24/07/2026,2.47,2.535,2.33,2.35,2294721,4.11,4.46,3.8,3.66,3.39,2.98,3.17,3.24,3.74,3.76,5.01,5.7,4.88,4.51,4.9,4.54,3.88,3.58,3.61,3.04,3.12,3.34,3.36,3.71,3.8,3.32,3.46,3.07,2.73,2.86,3.51,3.61,3.58,3.83,3.42,3.27,3.15,3.18,3.13,2.94,2.9,2.91,2.9,2.74,2.49,2.25,2.15,2.17,1.815,2.21,2.41,2.32,2.35
CUE,24/07/2026,0.11,0.11,0.11,0.11,156190,0.115,0.12,0.115,0.12,0.115,0.12,0.12,0.11,0.12,0.12,0.12,0.1125,0.11,0.115,0.11,0.115,0.11,0.11,0.11,0.115,0.11,0.115,0.1125,0.12,0.115,0.115,0.115,0.115,0.115,0.125,0.145,0.13,0.135,0.14,0.14,0.145,0.15,0.14,0.13,0.1375,0.135,0.125,0.125,0.125,0.125,0.145,0.13,0.11,0.11,0.105,0.115,0.105,0.11
CUF,24/07/2026,0.057,0.057,0.055,0.056,6120,0.009,0.011,0.011,0.012,0.012,0.012,0.013,0.012,0.011,0.012,0.012,0.017,0.04,0.043,0.05,0.045,0.041,0.04,0.039,0.04,0.037,0.033,0.03,0.029,0.035,0.042,0.045,0.047,0.046,0.052,0.049,0.046,0.043,0.042,0.038,0.039,0.039,0.035,0.038,0.04,0.039,0.057,0.051,0.06,0.073,0.058,0.06,0.065,0.06,0.061,0.06,0.061,0.056
CUFO,24/07/2026,0.034,0.034,0.034,0.034,0,0.003,0.003,0.003,0.002,0.003,0.003,0.003,0.003,0.003,0.002,0.002,0.006,0.014,0.015,0.022,0.019,0.017,0.016,0.016,0.018,0.02,0.014,0,0.015,0.015,0.019,0.025,0.025,0.022,0.032,0.03,0.025,0.027,0.021,0.022,0.021,0,0,0.021,0.021,0.02,0.03,0.031,0.033,0.044,0.036,0.031,0.035,0.034,0.031,0,0.034,0.034
CUIV,24/07/2026,1.38,1.38,1.37,1.37,3116,1.465,1.465,1.465,1.48,1.51,1.45,1.43,1.425,1.435,1.455,1.455,1.47,1.515,1.51,1.475,1.475,1.51,1.5,1.52,1.495,1.47,1.485,1.48,1.48,1.445,1.445,1.43,1.445,1.465,1.495,1.52,1.5,1.505,1.47,1.47,1.485,1.48,0,1.465,1.455,1.465,1.425,1.42,1.44,1.44,1.4075,1.445,1.435,1.5,1.36,1.35,1.355,1.37
CUL,24/07/2026,0.005,0.005,0.005,0.005,0,0.005,0.005,0.006,0.006,0.006,0.006,0.007,0.007,0.007,0.006,0.007,0.007,0.009,0.008,0.008,0.009,0.008,0.007,0.008,0.008,0.008,0.008,0.009,0.007,0.008,0.008,0.008,0.008,0.008,0.008,0.008,0.008,0.008,0.009,0.007,0.008,0.008,0,0.008,0.008,0.009,0.007,0.007,0.007,0.007,0.007,0.005,0.0065,0.006,0.006,0.006,0.006,0.005
CUP,24/07/2026,1.02,1.045,1.02,1.045,3491,0.95,0.93,0.94,0.91,0.895,1.035,1.045,1.07,1.04,1.03,1.04,1.045,1.05,1.09,1.08,1.08,1.075,1.07,1.11,1.105,1.1,1.11,1.1,1.125,1.105,1.1,1.1,1.13,1.055,1.04,1.005,1.12,1.08,1.125,1.2,1.14,1.065,1.06,1.09,1.175,1.17,1.085,1.06,1.05,1.075,1.03,1.05,1.0475,1.045,1.05,1.055,1.04,1.045
CURE,24/07/2026,74.56,74.56,73,73.63,880,45.58,45.17,44.91,47,47.67,47.08,48.51,48.61,49.69,49.94,53,55.53,56.61,56.12,57.9,57.2,58.5,59.9,64.1,63.53,63,61.99,63.3,61.84,63.21,63.72,65.95,61.66,59.34,59.03,60.92,60.41,60.44,59.43,58.75,61.48,62.25,63.06,64.59,64.44,62.07,63.37,63.58,63.24,64.19,63.49,63.72,68.14,75.3,79.1,80.43,73,73.63
CUV,24/07/2026,10,10.12,9.81,10.06,77255,11.89,12.43,12.22,12.31,12.93,10.65,11.28,10.6,11.54,11.3,12.48,12.51,11.56,11.59,11.5,10.77,11.08,10.75,11.9,12.33,12.29,13.23,12.78,12.71,12.64,12.69,12.18,11,11.06,10.6,11.67,10.01,10.16,9.93,9.64,9.9,9.02,9.09,9.15,9.04,9.17,9.47,9.47,9.1,9.13,9.13,8.96,10.3,9.99,10.25,10.27,9.92,10.06
CVB,24/07/2026,0.017,0.018,0.017,0.018,127862,0.074,0.085,0.115,0.13,0.17,0.1175,0.115,0.13,0.12,0.11,0.1,0.09,0.087,0.088,0.09,0.075,0.078,0.077,0.071,0.07,0.075,0.071,0.075,0.076,0.083,0.079,0.081,0.082,0.076,0.08,0.069,0.069,0.066,0.061,0.055,0.051,0.051,0.061,0.065,0.059,0.06,0.059,0.058,0.051,0.049,0.051,0.041,0.033,0.027,0.018,0.017,0.017,0.018
CVC,24/07/2026,1.82,1.82,1.82,1.82,0,2.1,2.1,2.02,2.02,2.1,2.01,2,2,2,2.15,2.16,2.16,2,2.06,2.06,2.07,2.07,2.07,2.07,2.07,2.07,2.15,2.15,2.02,2.01,2.01,2.1,2.1,2.2,2.14,2.06,2.12,2.05,2.05,2.2,2.01,2.08,2.15,2.15,2.09,2.1,2,2.04,2,2,2,1.845,1.75,1.85,1.85,1.82,1.82,1.82
CVCHB,24/07/2026,100.2,100.2,100.2,100.2,47,0,0,0,0,0,0,0,0,0,0,0,0,0,0,0,0,0,0,0,0,102,101,0,101.68,100.02,100.5,101.68,100.9,101.45,101.95,101.95,101.4,101.4,99.5,99.1,99.4,0,0,99.88,100.95,99.9,100.5,100.8,101.02,101.02,101.05,99.84,98.25,99.77,99.31,0,100.2,100.2
CVL,24/07/2026,1.695,1.71,1.68,1.695,682631,1.21,1.2,1.195,1.17,1.17,1.2,1.275,1.33,1.33,1.39,1.47,1.45,1.345,1.435,1.46,1.36,1.37,1.375,1.39,1.37,1.4,1.4,1.44,1.465,1.67,1.625,1.68,1.635,1.525,1.56,1.735,1.71,1.67,1.64,1.51,1.44,1.425,1.475,1.41,1.45,1.585,1.59,1.645,1.675,1.73,1.76,1.85,1.995,1.935,1.88,1.81,1.71,1.695
CVN,24/07/2026,0.098,0.1025,0.098,0.1,1347099,0.115,0.11,0.105,0.105,0.105,0.1,0.1,0.105,0.098,0.097,0.098,0.098,0.098,0.099,0.096,0.092,0.093,0.091,0.092,0.092,0.089,0.087,0.086,0.089,0.088,0.094,0.094,0.098,0.094,0.091,0.097,0.088,0.1,0.098,0.091,0.095,0.105,0.105,0.115,0.11,0.11,0.115,0.115,0.125,0.13,0.12,0.11,0.11,0.105,0.1,0.1,0.105,0.1
CVR,24/07/2026,0.28,0.29,0.28,0.29,60051,0.29,0.31,0.275,0.265,0.255,0.26,0.265,0.26,0.3,0.375,0.34,0.335,0.36,0.38,0.38,0.335,0.34,0.32,0.34,0.42,0.385,0.38,0.34,0.34,0.34,0.38,0.405,0.395,0.34,0.395,0.405,0.365,0.36,0.34,0.32,0.295,0.365,0,0.315,0.34,0.34,0.3,0.29,0.275,0.24,0.25,0.25,0.25,0.22,0.235,0.25,0.31,0.29
CVV,24/07/2026,0.27,0.27,0.255,0.265,381865,0.155,0.155,0.16,0.155,0.145,0.15,0.145,0.15,0.145,0.15,0.17,0.17,0.19,0.175,0.185,0.195,0.225,0.225,0.23,0.27,0.29,0.28,0.295,0.29,0.35,0.375,0.47,0.45,0.39,0.41,0.4,0.39,0.365,0.355,0.31,0.295,0.31,0.305,0.33,0.295,0.255,0.285,0.305,0.315,0.28,0.27,0.265,0.29,0.245,0.245,0.25,0.24,0.265
CVW,24/07/2026,0.65,0.65,0.645,0.645,89809,0.47,0.42,0.46,0.455,0.45,0.52,0.565,0.545,0.575,0.58,0.595,0.595,0.57,0.595,0.595,0.585,0.575,0.54,0.56,0.56,0.55,0.545,0.55,0.57,0.58,0.555,0.535,0.52,0.51,0.515,0.55,0.63,0.625,0.6275,0.6325,0.635,0.63,0.625,0.635,0.64,0.63,0.63,0.64,0.635,0.635,0.635,0.64,0.64,0.65,0.64,0.645,0.645,0.645
CWP,24/07/2026,7,7.02,6.84,6.89,68075,7.5,7.25,7.27,7.37,7.65,7.49,7.6,7.52,7.55,7.5,7.69,7.5,7.52,8.33,9.03,8.84,8.33,8.56,8.9,8.1,8.08,8.94,8.74,8.53,8.39,8.27,8.51,8.09,7.4,7.58,8.06,9.07,8.55,8.08,7.49,7.3,6.99,7.26,7.15,7.18,7,7.15,7.15,6.84,6.7,6.64,7.05,6.78,7.05,7,6.85,7.1,6.89
CWY,24/07/2026,2.33,2.37,2.315,2.36,19700324,2.88,2.87,2.89,2.87,2.77,2.78,2.76,2.76,2.79,2.8,2.92,2.94,2.76,2.61,2.55,2.55,2.51,2.58,2.69,2.65,2.63,2.55,2.61,2.6,2.6,2.54,2.49,2.47,2.41,2.37,2.39,2.55,2.54,2.35,2.31,2.31,2.31,2.36,2.31,2.34,2.26,2.25,2.25,2.24,2.29,2.37,2.42,2.37,2.38,2.38,2.33,2.35,2.36
CXL,24/07/2026,0.36,0.36,0.335,0.34,437932,0.62,0.555,0.48,0.485,0.445,0.425,0.37,0.42,0.41,0.39,0.42,0.42,0.46,0.435,0.425,0.39,0.465,0.56,0.67,0.575,0.515,0.66,0.73,1.13,1.21,1.39,1.55,1.27,1.33,1.65,1.05,1.115,0.86,0.68,0.565,0.535,0.74,0.68,0.62,0.59,0.53,0.565,0.525,0.52,0.485,0.435,0.41,0.39,0.405,0.4,0.375,0.32,0.34
CXO,24/07/2026,0.25,0.255,0.235,0.24,15893035,0.115,0.097,0.1,0.12,0.13,0.11,0.105,0.1,0.105,0.115,0.105,0.11,0.13,0.12,0.125,0.145,0.2,0.22,0.225,0.215,0.23,0.25,0.285,0.275,0.33,0.28,0.29,0.235,0.21,0.195,0.205,0.26,0.255,0.23,0.205,0.235,0.255,0.295,0.38,0.325,0.325,0.335,0.325,0.295,0.295,0.27,0.28,0.305,0.255,0.29,0.25,0.24,0.24
CXU,24/07/2026,0.155,0.16,0.15,0.15,4118925,0.01,0.008,0.008,0.008,0.008,0.008,0.009,0.011,0.013,0.019,0.022,0.021,0.023,0.019,0.021,0.017,0.019,0.022,0.018,0.022,0.02,0.02,0.022,0.023,0.026,0.027,0.035,0.035,0.028,0.029,0.028,0.032,0.029,0.026,0.023,0.024,0.043,0.062,0.056,0.052,0.069,0.06,0.055,0.044,0.051,0.057,0.058,0.12,0.096,0.105,0.115,0.125,0.15
CXZ,24/07/2026,0.023,0.023,0.023,0.023,2257042,0.026,0.026,0.027,0.026,0.027,0.026,0.027,0.026,0.0265,0.026,0.026,0.027,0.026,0.026,0.027,0.026,0.026,0.026,0.0265,0.027,0.026,0.027,0.026,0.026,0.026,0.026,0.028,0.026,0.025,0.026,0.027,0.026,0.026,0.027,0.026,0.026,0.025,0.025,0.025,0.024,0.023,0.025,0.023,0.021,0.024,0.024,0.024,0.024,0.024,0.023,0.022,0.022,0.023
CY5,24/07/2026,0.135,0.14,0.135,0.135,4241391,0.1,0.09,0.093,0.088,0.084,0.084,0.093,0.1,0.1,0.1,0.125,0.125,0.15,0.14,0.155,0.13,0.13,0.115,0.125,0.135,0.15,0.15,0.175,0.2,0.195,0.22,0.23,0.225,0.17,0.185,0.175,0.21,0.18,0.16,0.13,0.12,0.125,0.135,0.13,0.125,0.12,0.125,0.12,0.105,0.125,0.13,0.135,0.12,0.115,0.125,0.125,0.13,0.135
CYB,24/07/2026,0.042,0.042,0.042,0.042,0,0.083,0.072,0.077,0.079,0.074,0.071,0.079,0.082,0.076,0.076,0.078,0.08,0.08,0.08,0.08,0.082,0.078,0.072,0.07,0.07,0.071,0.082,0.081,0.081,0.081,0.071,0.074,0.073,0.075,0.067,0.06,0.06,0.057,0.055,0.055,0.058,0.058,0,0.058,0.057,0.054,0.054,0.048,0.05,0.047,0.051,0.05,0.043,0.04,0.04,0.04,0.041,0.042
CYC,24/07/2026,0.565,0.565,0.56,0.56,2402,1.075,1.04,0.99,1.04,0.98,0.985,0.87,0.885,0.88,0.84,0.855,0.67,0.73,0.655,0.635,0.63,0.635,0.765,0.79,0.95,0.995,0.95,0.965,0.985,0.94,0.95,0.88,1.17,0.985,0.83,0.86,0.845,0.73,0.75,0.72,0.75,0.85,0.8,0.72,0.705,0.725,0.845,0.805,0.73,0.71,0.63,0.575,0.565,0.5,0.495,0.525,0.6,0.56
CYG,24/07/2026,0.385,0.385,0.3775,0.3775,57005,0.8,0.765,0.68,0.735,0.69,0.715,0.7,0.705,0.61,0.585,0.585,0.58,0.605,0.575,0.58,0.6,0.585,0.595,0.55,0.57,0.57,0.58,0.565,0.62,0.6,0.6,0.55,0.485,0.45,0.475,0.505,0.48,0.445,0.425,0.44,0.41,0.4,0.41,0.39,0.4,0.38,0.39,0.37,0.345,0.3,0.285,0.305,0.335,0.315,0.32,0.32,0.395,0.3775
CYL,24/07/2026,5.85,5.86,5.49,5.63,949349,4.73,5.08,6.3,6.76,6.95,7.25,7.73,7.82,8.04,7.92,8.06,7.26,8.22,6.86,6.79,7.03,7.31,6.82,6.77,6.55,6.34,7.49,7.67,7.38,7.23,9,9.45,8.62,7.14,7.53,7.92,8.51,7.04,6.3,6.58,6,6.12,6.81,6.43,6.28,5.21,5.45,5.93,5.31,5.2,5.19,5.02,6.29,5.35,6.09,5.76,5.34,5.63
CYM,24/07/2026,0.415,0.425,0.41,0.42,456975,0.034,0.028,0.031,0.029,0.031,0.031,0.028,0.029,0.029,0.037,0.046,0.042,0.038,0.035,0,0.36,0.35,0.325,0.385,0.42,0.4,0.44,0.435,0.58,0.53,0.56,0.53,0.565,0.46,0.48,0.465,0.55,0.45,0.41,0.35,0.37,0.365,0.32,0.355,0.37,0.365,0.415,0.45,0.395,0.41,0.365,0.375,0.38,0.41,0.455,0.43,0.425,0.42
CYP,24/07/2026,0.012,0.012,0.0115,0.012,862739,0.165,0.17,0.185,0.195,0.19,0.21,0.19,0.19,0.195,0.22,0.225,0.23,0.245,0.295,0.26,0.23,0.245,0.255,0.285,0.27,0.265,0.275,0.305,0.355,0.39,0.3,0.315,0.32,0.345,0.37,0.36,0.365,0.34,0.31,0.29,0.3,0.295,0.295,0.36,0.35,0.3225,0.335,0.32,0.28,0.28,0.285,0.26,0.018,0.012,0.013,0.013,0.012,0.012
CYQ,24/07/2026,0.006,0.006,0.006,0.006,500164,0.003,0.004,0.005,0.005,0.005,0.006,0.006,0.005,0.007,0.007,0.007,0.006,0.007,0.007,0.007,0.007,0.006,0.006,0.006,0.005,0.004,0.004,0.004,0.004,0.004,0.003,0.004,0.003,0.003,0.004,0.004,0.004,0.004,0.004,0.004,0.004,0.004,0.005,0.006,0.006,0.005,0.005,0.005,0.005,0.005,0.005,0.005,0.004,0.004,0.0045,0.005,0.005,0.006
CYV,24/07/2026,0.012,0.012,0.012,0.012,4832765,0,0,0,0,0,0,0,0,0,0,0,0,0,0,0,0,0,0,0,0,0,0,0,0,0,0,0,0,0,0,0,0,0,0,0,0,0,0,0,0,0,0,0,0,0,0,0,0,0,0,0.012,0.013,0.012
CZN,24/07/2026,0.083,0.085,0.078,0.078,710338,0.002,0.0025,0.003,0.003,0.0025,0.003,0.002,0.003,0.0035,0.004,0.005,0,0.23,0.1925,0.165,0.15,0.2,0.165,0.18,0.15,0.135,0.13,0.135,0.165,0.145,0.145,0.17,0.15,0.16,0.155,0.185,0.18,0.185,0.17,0.15,0.16,0.155,0.195,0.18,0.18,0.15,0.2,0.2,0.145,0.145,0.135,0.14,0.135,0.12,0.11,0.096,0.084,0.078
CZNOA,24/07/2026,0.007,0.007,0.007,0.007,0,0.001,0.001,0.001,0.001,0.001,0.001,0.001,0.001,0.001,0.001,0.001,0,0,0.042,0.028,0.028,0.045,0.038,0.035,0.035,0.035,0.035,0,0.025,0.025,0.025,0.035,0.035,0.033,0.033,0.03,0.03,0.033,0.015,0.024,0.024,0,0,0.024,0.024,0.024,0.024,0.024,0.024,0.024,0.024,0.024,0.013,0.008,0.008,0,0.008,0.007
CZR,24/07/2026,0.215,0.22,0.215,0.22,74691,0.24,0.24,0.245,0.235,0.235,0.245,0.27,0.27,0.27,0.265,0.265,0.28,0.34,0.35,0.335,0.365,0.39,0.37,0.38,0.38,0.415,0.41,0.44,0.475,0.435,0.44,0.39,0.345,0.355,0.335,0.32,0.335,0.29,0.275,0.265,0.26,0.275,0.27,0.255,0.28,0.275,0.255,0.245,0.25,0.245,0.23,0.195,0.22,0.19,0.21,0.21,0.22,0.22
D3E,24/07/2026,0.355,0.38,0.355,0.38,158168,0.34,0.32,0.375,0.3,0.315,0.285,0.375,0.5,0.445,0.415,0.515,0.47,0.52,0.475,0.47,0.405,0.4,0.4,0.33,0.35,0.355,0.265,0.33,0.375,0.355,0.39,0.335,0.365,0.365,0.345,0.38,0.37,0.38,0.485,0.47,0.42,0.39,0.4,0.4,0.44,0.42,0.405,0.375,0.375,0.375,0.355,0.335,0.33,0.3,0.34,0.325,0.345,0.38
DACE,24/07/2026,18.53,18.53,18.39,18.43,45268,17.68,17.57,17.98,18.25,18.45,18.54,18.56,18.56,18.45,18.48,18.72,18.68,18.75,18.73,18.67,18.28,18.27,17.79,18.32,18.3,18.43,18.35,18.6,18.49,18.63,18.96,19.01,18.91,18.3,18.66,19.06,19.42,18.74,18.2,17.76,17.95,17.91,18.6,18.68,18.44,18.35,18.4,18.34,18.29,18.505,18.38,18.7,18.78,18.53,18.63,18.45,18.38,18.43
DAF,24/07/2026,0.01,0.01,0.01,0.01,0,0.016,0.013,0.013,0.013,0.013,0.013,0.013,0.015,0.016,0.016,0.015,0.022,0.018,0.016,0.016,0.015,0.014,0.014,0.014,0.014,0.018,0.018,0.026,0.019,0.018,0.018,0.02,0.018,0.018,0.02,0.017,0.019,0.019,0.019,0.018,0.018,0.018,0,0.018,0.018,0.015,0.015,0.015,0.015,0.016,0.015,0.014,0.013,0.01,0.01,0.01,0.01,0.01
DAI,24/07/2026,0.385,0.395,0.375,0.395,334153,0.495,0.49,0.45,0.54,0.55,0.66,0.71,0.94,0.94,0.8,0.815,0.765,0.635,0.8,0.835,0.655,0.725,0.6,0.62,0.61,0.54,0.63,0.64,0.615,0.585,0.53,0.545,0.445,0.38,0.4,0.41,0.44,0.42,0.39,0.38,0.38,0.395,0.51,0.535,0.625,0.74,0.725,0.725,0.595,0.56,0.55,0.46,0.48,0.45,0.445,0.435,0.41,0.395
DAL,24/07/2026,0.064,0.066,0.062,0.066,43181,0.03,0.029,0.025,0.04,0.04,0.039,0.048,0.049,0.047,0.048,0.045,0.054,0.058,0.051,0.047,0.035,0.041,0.039,0.042,0.054,0.048,0.045,0.042,0.043,0.046,0.074,0.08,0.063,0.058,0.067,0.055,0.069,0.059,0.057,0.052,0.05,0.048,0.058,0.069,0.066,0.085,0.075,0.073,0.068,0.066,0.063,0.07,0.074,0.073,0.074,0.073,0.072,0.066
DALO,24/07/2026,0.04,0.04,0.04,0.04,125000,0,0,0,0,0,0,0,0,0,0,0,0,0,0,0,0,0,0,0,0,0,0,0,0,0,0,0,0,0,0,0,0,0,0,0,0,0,0,0.022,0.022,0.05,0.05,0.05,0.05,0.05,0.05,0.05,0.05,0.05,0.05,0,0.05,0.04
DAOR,24/07/2026,1.78,1.79,1.78,1.785,126912,2.01,2,1.97,1.97,1.975,1.985,1.98,1.975,1.965,1.925,1.94,1.97,1.925,1.99,1.975,1.935,1.925,1.875,1.94,1.95,1.96,1.96,1.96,1.955,1.985,1.995,1.955,1.875,1.83,1.8,1.83,1.86,1.83,1.785,1.76,1.74,1.77,1.81,1.865,1.865,1.865,1.85,1.815,1.86,1.875,1.88,1.84,1.825,1.81,1.825,1.77,1.825,1.785
DAVA,24/07/2026,30.86,30.86,30.75,30.75,2,27.65,27.52,28.06,28.88,29.35,29.61,29.68,29.76,29.43,29.73,29.91,29.85,30.07,30.17,30.36,29.98,30.32,29.4,30.05,30.36,30.77,30.49,30.94,30.69,30.64,31.57,31.48,31.81,31.22,32.15,32.82,33.31,32.34,31.79,31.37,31.47,31.62,32.56,32.24,31.64,31.5,31.245,31.42,31.48,31.37,31,31.42,31.35,31.04,30.22,30.36,30.36,30.75
DBBF,24/07/2026,25.76,25.76,25.67,25.67,125,26.5,26.52,26.65,26.85,26.88,26.89,26.63,26.94,26.96,26.75,26.86,26.93,27.02,27.16,26.94,26.68,26.5,26.2,26.67,26.44,26.4,26.25,26.34,26.15,26.21,26.34,26.07,25.75,25.53,25.48,25.58,25.67,25.45,24.82,24.71,24.74,24.63,25.01,25.27,25.32,25.17,25.23,25.17,25.32,25.55,25.38,25.93,26,26.13,26.23,26.03,25.98,25.67
DBF,24/07/2026,0.48,0.49,0.48,0.485,28050,1,0.98,1.01,1.035,1,0.985,0.95,0.99,1.08,1.125,1.08,0.915,0.98,0.91,0.875,0.85,0.845,0.845,0.845,0.81,0.78,0.785,0.81,0.805,0.86,0.915,0.77,0.84,0.78,0.775,0.77,0.76,0.735,0.7,0.705,0.685,0.69,0.655,0.64,0.65,0.61,0.615,0.6,0.575,0.55,0.535,0.5,0.455,0.465,0.46,0.46,0.45,0.485
DBI,24/07/2026,5.65,5.78,5.6,5.72,5559062,4.49,4.66,4.8,4.77,4.8,4.37,4.36,4.26,4.23,4.39,4.46,4.43,4.25,4.37,4.43,4.33,4.29,4.34,4.51,4.41,4.85,5.02,4.91,4.93,4.88,4.82,4.82,4.86,4.95,5.08,5.09,5.16,4.84,4.93,4.91,5.08,5.02,5.26,5.13,5.43,5.55,5.23,5.31,5.6,5.54,5.72,5.89,5.8,5.82,5.7,5.65,5.58,5.72
DBO,24/07/2026,0.013,0.013,0.013,0.013,253846,0.02,0.018,0.016,0.026,0.033,0.033,0.031,0.03,0.034,0.038,0.047,0.047,0.043,0.035,0.024,0.024,0.027,0.027,0.026,0.026,0.023,0.019,0.021,0.025,0.028,0.026,0.026,0.026,0.024,0.022,0.025,0.024,0.023,0.021,0.017,0.017,0.018,0.018,0.018,0.015,0.019,0.017,0.019,0.017,0.018,0.016,0.015,0.014,0.014,0.014,0.014,0.011,0.013
DCC,24/07/2026,0.028,0.028,0.026,0.026,1580688,0.095,0.0835,0.073,0.075,0.069,0.068,0.068,0.071,0.066,0.057,0.066,0.064,0.058,0.058,0.059,0.05,0.049,0.047,0.046,0.044,0.044,0.04,0.04,0.04,0.04,0.045,0.039,0.038,0.033,0.034,0.032,0.034,0.032,0.03,0.028,0.027,0.026,0.028,0.0295,0.035,0.033,0.032,0.031,0.03,0.028,0.026,0.025,0.026,0.024,0.025,0.026,0.025,0.026
DCOR,24/07/2026,51.76,51.76,51.72,51.72,11567,51.11,51.19,51.34,51.4,51.37,51.4,51.5,51.5,51.54,51.6,51.66,51.7,51.73,51.67,51.7,51.74,51.79,51.71,51.7,51.79,51.84,51.79,51.81,51.87,51.93,51.97,51.94,51.93,51.86,51.99,51.77,51.86,51.83,51.69,51.55,51.49,51.55,51.69,51.51,51.66,51.78,51.78,51.83,51.66,51.76,51.83,51.83,51.78,51.81,51.61,51.63,51.68,51.72
DDR,24/07/2026,12.38,12.38,12.17,12.25,335884,8.78,8.68,9.01,8.77,8.86,9.13,9.69,9.84,9.88,9.85,10.05,10.28,10.46,10.58,10.25,10.19,9.83,9.94,10.68,10.35,10.09,10.23,10.16,10.15,10.21,10.31,10.28,10.05,9.84,9.7,10.41,10.05,8.61,9.01,8.57,8.54,8.32,8.59,8.95,8.96,9.19,9.27,8.87,8.89,10.36,11.16,11.45,12.43,12.35,11.79,11.99,11.63,12.25
DDT,24/07/2026,0.003,0.003,0.003,0.003,0,0.004,0.005,0.004,0.004,0.004,0.0045,0.004,0.004,0.004,0.004,0.004,0.004,0.004,0.0045,0.004,0.005,0.005,0.004,0.004,0.004,0.004,0.005,0.005,0.005,0.004,0.004,0.004,0.004,0.004,0.004,0.004,0.005,0.004,0.004,0.004,0.004,0.004,0,0.004,0.004,0.0035,0.0035,0.003,0.004,0.003,0.003,0.003,0.003,0.003,0.003,0.003,0.003,0.003
DEL,24/07/2026,0.092,0.092,0.092,0.092,15000,0.175,0.175,0.17,0.165,0.16,0.155,0.13,0.1575,0.165,0.17,0.15,0.15,0.155,0.145,0.145,0.14,0.145,0.145,0.145,0.13,0.14,0.11,0.096,0.11,0.1125,0.099,0.11,0.095,0.094,0.092,0.11,0.098,0.11,0.091,0.091,0.095,0.095,0.098,0.105,0.098,0.088,0.089,0.09,0.098,0.093,0.093,0.093,0.093,0.091,0.099,0.1,0.094,0.092
DEM,24/07/2026,0.099,0.1,0.097,0.097,309333,0.11,0.125,0.11,0.115,0.105,0.1125,0.11,0.105,0.11,0.1,0.1,0.1,0.105,0.105,0.11,0.12,0.12,0.11,0.1,0.105,0.11,0.105,0.11,0.11,0.105,0.115,0.11,0.105,0.099,0.095,0.095,0.1,0.095,0.095,0.088,0.095,0.093,0.086,0.091,0.088,0.076,0.073,0.0745,0.0665,0.069,0.065,0.061,0.066,0.097,0.095,0.089,0.099,0.097
DES,24/07/2026,0.12,0.12,0.12,0.12,50000,0.17,0.17,0.16,0.195,0.19,0.195,0.21,0.2,0.17,0.185,0.17,0.21,0.2,0.18,0.18,0.155,0.165,0.15,0.18,0.22,0.195,0.17,0.125,0.145,0.15,0.155,0.18,0.155,0.15,0.15,0.16,0.165,0.16,0.17,0.14,0.15,0.155,0.15,0.16,0.16,0.145,0.145,0.13,0.12,0.12,0.105,0.1,0.12,0.13,0.115,0.135,0.12,0.12
DESO,24/07/2026,0.022,0.022,0.022,0.022,0,0.062,0.062,0.059,0.06,0.062,0.062,0.071,0.071,0.05,0.05,0.05,0.05,0.07,0.065,0.065,0.065,0.065,0.055,0.055,0.06,0.06,0.055,0,0.055,0.055,0.03,0.03,0.036,0.036,0.036,0.036,0.036,0.036,0.047,0.047,0.036,0,0,0.036,0.036,0.036,0.036,0.036,0.023,0.023,0.023,0.021,0.021,0.017,0.019,0,0.022,0.022
DEV,24/07/2026,0.29,0.29,0.26,0.26,1797200,0.081,0.076,0.077,0.079,0.0835,0.084,0.094,0.089,0.094,0.155,0.125,0.13,0.125,0.11,0.14,0.12,0.12,0.14,0.17,0.2,0.17,0.175,0.17,0.17,0.19,0.19,0.235,0.245,0.2,0.21,0.255,0.25,0.22,0.205,0.185,0.15,0.175,0.215,0.22,0.205,0.195,0.205,0.195,0.18,0.205,0.19,0.205,0.32,0.225,0.275,0.245,0.255,0.26
DFGH,24/07/2026,43.05,43.05,42.98,43.05,3658,37.78,37.34,37.59,38.45,38.08,38.63,38.68,39.14,39.3,39.03,39.74,39.66,39,39.9,40,39.48,39.87,38.86,40.39,40.63,41.11,40.53,41.09,41.03,41.68,42.29,42.19,41.98,41.79,42.35,42.72,43.06,42.17,41.17,40.8,40.59,40.62,42.34,43.23,43.34,43.9,44.3,44.55,44.77,45.52,45.48,45.01,45.45,45.12,43.41,43.24,43.05,43.05
DFND,24/07/2026,33.33,33.5,32.94,32.94,45496,35.7,35.97,36.09,36.44,35.75,35.95,35.53,36.61,37.84,38.78,40.67,39.9,37.86,39.65,38.95,37.43,37.22,36,36.05,35.98,36.91,36.36,37.13,36.79,42.78,44.25,42.4,41.43,38.55,37.53,41.26,39.72,41.36,41.05,40.84,39.35,39.58,39.67,39.54,38.3,37.27,35.65,34.63,35.52,36.93,35.75,35.73,34.2,32.16,34.32,32.85,31.36,32.94
DGCE,24/07/2026,31.84,31.85,31.74,31.79,8995,28.54,28.66,28.57,29.32,29.4,29.27,29.38,29.21,29.52,29.54,29.99,29.94,29.86,30.33,30.22,30.16,30.19,29.69,30.56,30.42,30.57,30.39,30.39,30.22,30.57,31.02,30.32,29.86,29.69,29.67,30.09,29.9,29.55,28.66,28.37,28.9,28.87,29.62,29.82,30.03,30.18,30.37,30.61,31.03,31.28,31.44,31.58,31.86,32.18,32.12,32.04,31.72,31.79
DGGF,24/07/2026,28.12,28.12,27.79,27.81,27,28.73,28.71,28.78,29.21,29.36,29.19,29.13,29.25,29.31,29.09,29.32,29.37,29.28,29.48,29.33,28.96,28.82,28.37,28.92,28.72,28.81,28.46,28.7,28.42,28.59,28.62,28.2,27.74,27.36,27.24,27.47,27.41,27.29,26.55,26.24,26.27,26.27,26.74,27.16,27.08,27.1,27.1,27.21,27.32,27.49,27.47,28,28.29,28.46,28.39,28.28,28.12,27.81
DGH,24/07/2026,0.83,0.83,0.83,0.83,0,0.925,0.9,0.9,0.9,0.9,0.93,0.995,0.95,0.96,0.96,0.96,0.96,0.96,0.96,0.925,0.93,0.85,0.85,0.925,0.935,0.85,0.85,0.85,0.84,0.835,0.835,0.85,0.85,0.85,0.85,0.845,0.84,0.78,0.78,0.78,0.78,0.78,0,0.78,0.775,0.79,0.82,0.82,0.8,0.8,0.8,0.8,0.8,0.75,0.755,0.8,0.83,0.83
DGL,24/07/2026,0.3,0.3,0.3,0.3,9343,0.395,0.385,0.405,0.47,0.46,0.44,0.45,0.48,0.47,0.53,0.535,0.535,0.535,0.535,0.535,0.535,0.535,0.535,0.535,0.535,0.535,0.535,0.535,0.535,0.535,0.535,0.535,0.535,0.535,0.535,0.535,0.535,0.535,0.535,0.535,0.535,0.535,0,0.38,0.405,0.38,0.395,0.37,0.34,0.335,0.335,0.305,0.3,0.31,0.315,0.32,0.3,0.3
DGR,24/07/2026,0.033,0.034,0.032,0.034,1374584,0.007,0.008,0.011,0.013,0.016,0.016,0.019,0.018,0.019,0.019,0.019,0.017,0.023,0.019,0.019,0.017,0.02,0.018,0.025,0.035,0.038,0.035,0.034,0.039,0.037,0.037,0.035,0.034,0.031,0.029,0.028,0.03,0.03,0.035,0.031,0.034,0.034,0,0.032,0.031,0.029,0.028,0.028,0.027,0.028,0.025,0.023,0.031,0.029,0.029,0.028,0.028,0.034
DGSM,24/07/2026,38.54,38.54,38.42,38.42,68,35.33,35.38,35.29,36.13,36.19,36.47,36.53,36.25,35.98,36.33,36.71,36.4,36.57,37.23,36.33,36.32,36.3,35.67,37.18,37.1,37.66,37.33,37.17,36.83,37.99,38.85,38.31,36.99,37.24,37.14,37.86,37.58,36.94,35.41,35.24,36.3,36.25,36.99,37.23,37.41,37.48,37.75,37.59,38.18,38.9,39.01,39.41,39.68,40.6,39.24,38.95,38.44,38.42
DGT,24/07/2026,2.62,2.62,2.54,2.56,683342,3.24,3.25,3.2,3.2,2.85,3.11,3.01,2.97,2.82,2.74,3.05,3.03,2.88,2.8,2.61,2.61,2.37,2.42,2.8,2.53,2.39,2.75,2.76,2.77,2.69,2.8,2.72,2.57,2.27,2.2,2.19,2.06,2.03,1.815,1.78,1.655,1.74,1.85,2.08,2.31,2.37,2.77,2.74,2.66,2.64,2.46,2.44,2.61,2.57,2.41,2.53,2.62,2.56
DGVA,24/07/2026,30.19,30.24,30.11,30.17,26117,25.22,25.17,24.97,25.83,26.11,25.88,26.02,25.85,26.11,26.15,26.25,26.26,26.32,26.59,26.32,26.66,27.06,26.62,27.32,27.3,27.41,27.5,27.69,27.34,27.94,28.38,28.02,27.66,28.13,27.9,28.38,28.16,27.66,26.94,26.93,27.6,27.68,28.12,28.03,28.17,28.48,28.47,29.01,29.39,29.75,30.23,30.44,30.7,31.56,30.01,30.1,29.82,30.17
DHHF,24/07/2026,41.15,41.16,40.87,40.95,70984,38.24,38.3,38.56,39.31,39.43,39.43,39.41,39.27,39.53,39.57,40.1,40.06,40.21,40.6,40.45,40.1,39.88,39.09,40.06,39.93,40.1,39.7,40.2,39.72,39.94,40.6,39.87,39.56,38.96,39.32,39.91,40.01,39.34,38.19,37.74,37.98,38.17,39.27,39.58,39.57,39.57,40.09,40.04,40.4,40.8,40.79,41,41.62,41.38,41.44,41.47,41.03,40.95
DIFF,24/07/2026,10.07,10.08,10.07,10.07,130928,0,0,10.03,10.05,10.06,10.08,10.07,10.1,10.11,10.13,10.06,10.08,10.09,10.1,10.12,10.13,10.13,10.12,10.12,10.13,10.14,10.15,10.16,10.04,10.05,10.06,10.06,10.09,10.1,10.1,10.12,10.13,10.13,10.13,10.13,10.12,10.04,10.06,10.1,10.1,10.11,10.14,10.15,10.14,10.18,10.19,10.2,10.2,10.21,10.03,10.05,10.06,10.07
DIVI,24/07/2026,11.25,11.26,11.22,11.23,6382,0,0,0,0,0,0,0,11.34,11.16,11.15,11.33,11.21,11.34,11.34,11.19,11.08,10.95,10.66,10.89,10.88,11.03,10.99,11.16,11.11,11.1,11.25,11.25,11.33,11.2,11.57,11.69,11.85,11.38,10.83,10.88,10.98,11.04,11.41,11.45,11.24,11.15,11.17,11.13,11.16,11.22,11,11.36,11.36,11.31,11.28,11.26,11.22,11.23
DJRE,24/07/2026,22.95,23.06,22.95,22.99,32773,21.37,21.28,21.32,21.36,21.87,21.83,21.78,21.79,21.74,21.72,21.88,21.52,22.21,22.53,21.66,22.04,22.01,22.08,22.2,21.83,21.56,21.67,21.4,21.34,21.58,21.94,21.18,20.89,21.35,21.56,21.89,21.93,21.78,21.07,20.84,20.71,20.89,21.28,21.47,21.56,21.47,21.52,21.48,21.76,21.65,21.63,22.37,21.97,22.96,22.75,22.6,23.14,22.99
DJW,24/07/2026,2.94,2.94,2.92,2.93,84748,3.18,3.25,3.15,3.14,3.12,3.14,3.1,3.14,3.12,3.12,3.11,3.11,3.1,3.09,3.11,3.1,3.05,3.05,3.06,3.1,3.07,3.09,3.1,3.12,3.12,3.13,3.12,3,2.95,2.99,2.98,2.95,2.87,2.81,2.84,2.83,2.81,2.84,2.84,2.82,2.9,2.83,2.82,2.79,2.8,2.84,2.77,2.72,2.8,2.91,2.92,2.96,2.93
DKM,24/07/2026,0.11,0.11,0.11,0.11,0,0.145,0.125,0.135,0.125,0.12,0.12,0.125,0.15,0.17,0.175,0.175,0.2,0.2,0.185,0.17,0.19,0.19,0.17,0.14,0.145,0.135,0.135,0.14,0.135,0.175,0.16,0.175,0.15,0.145,0.145,0.135,0.135,0.155,0.145,0.14,0.135,0.145,0.145,0.145,0.135,0.145,0.13,0.115,0.12,0.12,0.12,0.11,0.12,0.12,0.13,0.125,0.11,0.11
DLI,24/07/2026,0.16,0.165,0.16,0.165,46025,0.165,0.155,0.165,0.165,0.1625,0.18,0.17,0.17,0.175,0.165,0.18,0.19,0.18,0.16,0.1725,0.1675,0.21,0.225,0.22,0.21,0.205,0.2,0.21,0.225,0.24,0.275,0.325,0.25,0.22,0.215,0.22,0.245,0.215,0.215,0.205,0.2,0.215,0.225,0.245,0.23,0.24,0.245,0.22,0.205,0.215,0.19,0.17,0.195,0.16,0.18,0.17,0.17,0.165
DLY,24/07/2026,0.2,0.2,0.2,0.2,0,0,0,0,0,0,0,0,0,0,0,0,0,0,0,0,0,0,0,0,0,0,0,0,0,0,0,0,0,0,0,0,0,0,0,0,0,0,0,0,0,0,0,0,0,0,0,0,0,0.19,0.2,0.21,0.21,0.2
DM1,24/07/2026,0.008,0.008,0.008,0.008,2945471,0.0225,0.021,0.027,0.028,0.029,0.017,0.016,0.015,0.014,0.014,0.011,0.012,0.012,0.011,0.011,0.008,0.0085,0.0085,0.008,0.0085,0.008,0.008,0.009,0.009,0.009,0.01,0.011,0.009,0.008,0.01,0.009,0.009,0.008,0.008,0.0075,0.007,0.007,0.008,0.008,0.009,0.008,0.009,0.01,0.009,0.011,0.01,0.009,0.009,0.009,0.01,0.01,0.008,0.008
DM1O,24/07/2026,0.002,0.002,0.002,0.002,0,0.004,0.002,0.002,0.003,0.003,0.001,0.001,0.001,0.001,0.001,0.001,0.001,0.001,0.001,0.001,0.001,0.001,0.001,0.001,0.001,0.001,0.001,0,0,0,0,0,0,0,0,0,0,0,0,0,0,0,0,0,0,0,0.004,0.004,0.003,0.003,0.003,0.003,0.003,0.003,0.003,0,0.002,0.002
DME,24/07/2026,0.046,0.046,0.046,0.046,100,0.16,0.16,0.16,0.16,0.16,0.175,0.175,0.175,0.185,0.175,0.175,0.165,0.14,0.125,0.13,0.12,0.135,0.135,0.135,0.115,0.105,0.105,0.105,0.085,0.099,0.115,0.11,0.12,0.1,0.09,0.062,0.084,0.08,0.075,0.065,0.065,0.065,0.051,0.047,0.048,0.052,0.045,0.045,0.039,0.03,0.03,0.03,0.033,0.045,0.041,0.044,0.046,0.046
DMG,24/07/2026,0.006,0.006,0.006,0.006,0,0.003,0.013,0.006,0.006,0.006,0.007,0.007,0.007,0.011,0.009,0.01,0.011,0.01,0.01,0.008,0.008,0.008,0.008,0.007,0.008,0.009,0.008,0.009,0.009,0.009,0.009,0.008,0.007,0.007,0.006,0.007,0.014,0.013,0.013,0.009,0.008,0.008,0,0.007,0.008,0.008,0.008,0.008,0.006,0.006,0.005,0.005,0.005,0.008,0.008,0.008,0.006,0.006
DMNHA,24/07/2026,98.88,99,98.54,98.54,6259,0,0,0,0,0,0,0,0,0,0,0,0,0,98.35,98.7,98,98,97.9,97,97,96.9,98,0,98.35,99.97,99.3,99.4,98.4,98.75,98.06,97.6,95.5,98.12,96.3,96.15,96.7,0,0,95.56,96.75,97.5,98,97.55,98.6,97,95.53,95.07,95.5,96.5,96.65,0,98.2,98.54
DMP,24/07/2026,16.8,16.8,16.28,16.6,238781,18.17,18.24,18.87,19.17,19.32,15.08,14.65,14.17,14.01,13.51,13.5,14.63,15.12,15.36,18.32,18.87,21.78,20.01,21.38,21.61,22.9,22.1,21.08,21.82,22.55,23.97,24.35,22.85,22.12,21.44,22.06,20.33,19.07,18.6,17.22,16.87,15.98,17.8,17.93,17.87,16.31,16.08,15.72,17.04,17.99,16.01,15.9,16.69,16.03,15.86,16.09,17.62,16.6
DN1,24/07/2026,100,100.05,99.7,99.86,2778,103.18,103.12,104.5,102.75,101.925,103.19,101.95,101.5,101.2,100.51,100.15,100.2,99.85,100.28,100.23,100.5,99.7,100,99.65,100.5,100.25,100.6,102.25,101.45,101.7,101.225,101.9,101.9,101.44,99.85,100.45,99.89,98.8,99.95,98.89,98.7,98.7,99,97.75,99,99.65,99.93,99.3,100.6,100.29,98.11,97.52,100.05,99.75,100,99.45,100.05,99.86
DNL,24/07/2026,3.75,3.78,3.69,3.73,7815157,2.93,2.91,2.95,3.06,3.12,3.05,2.97,2.92,2.98,3.07,3.24,3.26,3.27,3.29,3.22,3.21,3.4,3.26,3.41,3.26,3.21,3.25,3.26,3.21,3.39,3.43,3.51,3.51,3.19,3.25,3.33,3.32,3.39,3,2.99,3.12,3.2,3.28,3.23,3.24,3.34,3.32,3.69,3.68,3.76,3.85,3.86,3.79,3.86,3.93,3.71,3.64,3.73
DOC,24/07/2026,0.1175,0.1175,0.115,0.115,16682,0.125,0.135,0.145,0.14,0.135,0.155,0.175,0.185,0.17,0.18,0.175,0.175,0.16,0.135,0.15,0.135,0.13,0.13,0.13,0.135,0.13,0.12,0.145,0.145,0.14,0.145,0.145,0.1425,0.15,0.165,0.17,0.185,0.14,0.14,0.14,0.14,0.135,0.135,0.15,0.145,0.16,0.155,0.14,0.145,0.135,0.135,0.12,0.125,0.125,0.12,0.1225,0.12,0.115
DOW,24/07/2026,7.91,7.93,7.78,7.84,964467,6.84,6.91,6.95,6.89,7.34,7.23,6.96,7.26,7.23,7.32,7.55,7.5,7.53,7.69,7.73,7.75,7.78,7.61,7.91,7.88,7.98,7.94,8.02,7.98,7.88,8.15,7.78,8.05,7.55,7.69,7.8,8.59,7.88,7.51,7.55,7.73,7.77,8.21,7.35,7.48,7.42,7.71,7.72,7.72,8.13,7.89,8.15,8.11,8.18,7.9,7.88,7.93,7.84
DPM,24/07/2026,51.31,51.59,50.84,50.91,18136,0,0,0,0,0,0,0,0,32.51,31.95,34.2,35.3,38,34.11,33.46,32.35,34.53,36,40.38,42.36,44.5,45.42,47,46.79,47.52,49.48,53.67,54.56,48.83,50.88,54.21,60.98,56.16,53.7,45.95,47.5,52.57,55.41,53.37,50.48,47.92,48.35,46.28,45.87,45,49.53,44.87,44.2,45.32,50,50.81,47.06,50.91
DRE,24/07/2026,0.014,0.014,0.013,0.014,1523157,0.011,0.012,0.011,0.012,0.012,0.012,0.017,0.025,0.025,0.032,0.045,0.039,0.035,0.034,0.031,0.033,0.036,0.031,0.03,0.028,0.027,0.025,0.026,0.028,0.027,0.026,0.027,0.026,0.021,0.023,0.023,0.026,0.024,0.025,0.021,0.018,0.018,0.019,0.018,0.02,0.017,0.023,0.02,0.019,0.018,0.017,0.014,0.014,0.014,0.016,0.014,0.014,0.014
DRGN,24/07/2026,12.3,12.3,12.08,12.1,21063,10.82,10.82,10.67,11.4,12.2,12.43,12.18,13.13,13.62,13.97,14.17,13.73,12.88,13.6,13.37,13.47,12.9,12.23,12.9,12.65,12.91,12.81,12.8,12.99,12.88,13.29,12.8,12.505,11.76,11.5,11.59,11.38,11.37,11.48,11.69,11.7,11.25,12.01,12.59,12.42,12.57,12.76,13.18,13.34,14,13.95,13.5,14.06,14.01,13.33,13.29,12.1,12.1
DRIV,24/07/2026,10.98,10.98,10.87,10.88,1613,9.51,9.31,9.23,9.65,9.72,9.85,9.52,9.61,10.06,10.06,10.23,9.96,10.17,10.29,10.29,10.45,10.37,9.7,10.27,10.54,10.5,10.37,10.35,10.3,10.62,10.86,10.81,10.58,10.655,10.81,10.99,10.93,10.4,10.38,10.2,10.31,10.3,10.75,11.01,11.48,11.62,11.69,11.82,11.81,12.31,12.3,11.86,12.105,11.67,11.52,11.45,10.86,10.88
DRO,24/07/2026,2.17,2.175,2.03,2.04,10111570,3.03,3.63,3.95,4.09,3.58,3.3,3.03,3.21,3.22,3.73,5.68,6.36,4.59,4.51,3.83,3.22,2.33,1.715,1.98,1.905,2.08,2.78,3.29,3.33,4.02,4.4,4.47,3.32,2.9,3.03,3.22,3.62,4.07,4.17,4.15,3.88,3.93,3.47,3.61,3.72,3.61,3.63,3.27,3.03,3.39,2.86,2.96,2.74,2.28,2.41,2.29,2.14,2.04
DRR,24/07/2026,4.28,4.34,4.2,4.27,2950382,4.18,4.19,4.37,4.42,4.21,4.19,4.18,4.15,4.13,4,4.19,4.11,4.16,4.11,4.08,3.91,3.92,3.81,4.05,4.13,4.11,4.12,4.16,4.13,4.23,4.46,4.53,4.23,4.11,4.22,4.28,4.32,4.03,3.98,3.73,3.98,4.03,4.18,4.17,4.04,4.22,4.38,4.5,4.54,4.5,4.4,4.49,4.43,4.58,4.66,4.39,4.22,4.27
DRUG,24/07/2026,8.6,8.64,8.6,8.62,224472,7.74,7.43,7.41,7.74,7.85,7.8,7.88,7.94,7.82,7.7,8.2,8.28,8.08,8.31,8.15,8.21,8.59,8.65,8.84,8.7,8.66,8.67,8.76,8.74,8.95,8.9,8.95,8.73,8.78,8.93,9.07,8.91,8.71,8.54,8.33,8.4,8.43,8.57,8.45,8.39,8.31,8.18,8.27,8.42,8.49,8.48,8.55,8.28,8.77,8.8,8.74,8.61,8.62
DRX,24/07/2026,0.014,0.014,0.013,0.013,107962,0.019,0.021,0.021,0.02,0.019,0.023,0.019,0.02,0.019,0.019,0.019,0.02,0.021,0.019,0.02,0.0205,0.02,0.019,0.019,0.018,0.018,0.018,0.0185,0.019,0.018,0.018,0.018,0.018,0.0175,0.018,0.0175,0.018,0.018,0.017,0.017,0.017,0.016,0,0.017,0.0165,0.017,0.017,0.016,0.017,0.017,0.016,0.014,0.0115,0.012,0.011,0.011,0.011,0.013
DSK,24/07/2026,0.675,0.7,0.675,0.7,92104,0.855,0.855,0.95,0.98,0.9,0.9,0.87,0.82,0.815,0.8,0.795,0.91,0.905,0.93,0.895,0.88,0.84,0.82,0.835,0.8,0.78,0.78,0.78,0.83,0.86,0.94,0.9,0.865,0.84,0.915,0.955,0.935,0.905,0.785,0.805,0.8,0.8,0.79,0.795,0.775,0.765,0.745,0.75,0.72,0.75,0.715,0.73,0.74,0.7,0.775,0.76,0.77,0.7
DSM,24/07/2026,0.69,0.71,0.675,0.71,40385,0,0,0,0,0,0,0,0,0,0,0,0,0,0.24,0.23,0.22,0.235,0.22,0.22,0.22,0.23,0.21,0.23,0.225,0.24,0.235,0.235,0.23,0.235,0.27,0.28,0.3,0.27,0.25,0.23,0.21,0.225,0.22,0.235,0.23,0.27,0.34,0.37,0.355,0.34,0.49,0.55,0.645,0.745,0.78,0.775,0.75,0.71
DTEC,24/07/2026,15.64,15.86,15.6,15.7,52353,16.75,16.98,17.07,17.27,17,17.1,16.91,17.47,17.95,18.45,19.27,19.05,18.12,18.71,18.46,17.82,17.62,17.23,17.12,17.08,17.45,17.24,17.61,17.43,19.9,20.72,19.85,19.46,18.31,17.84,19.53,18.98,19.4,19.33,19.08,18.71,18.8,18.82,18.31,17.51,17.02,16.38,15.88,16.33,16.96,16.2,16.41,15.72,15,16.14,15.45,14.81,15.7
DTL,24/07/2026,10.04,10.04,9.66,9.73,254410,7.6,7.4,7.47,7.72,8,9.21,9.29,9.68,9.22,9.32,9.32,9.11,8.68,8.96,8.82,8.89,8.82,8.82,9.08,9.18,9.2,9.21,9.05,9.04,9.58,9.77,9.5,9.78,8.86,8.73,9.1,6.97,7.11,7.07,6.92,6.69,6.57,6.73,7.4,8.01,8.08,8.19,8.19,8.43,9.02,9.51,9.7,9.65,9.8,9.42,9.49,9.48,9.73
DTM,24/07/2026,0.013,0.014,0.013,0.014,537439,0.003,0.003,0.003,0.0025,0.0025,0.0025,0.0025,0.0025,0.002,0.002,0.005,0.006,0.005,0,0.05,0.045,0.036,0.033,0.055,0.049,0.035,0.036,0.038,0.0375,0.039,0.0385,0.047,0.039,0.039,0.035,0.035,0.037,0.036,0.035,0.036,0.033,0.03,0.036,0.034,0.034,0.034,0.032,0.032,0.031,0.023,0.018,0.017,0.016,0.013,0.016,0.014,0.013,0.014
DTMO,24/07/2026,0.001,0.001,0.001,0.001,0,0.001,0.001,0.001,0.001,0.001,0.001,0.001,0.001,0.001,0.001,0.001,0.001,0.001,0,0.01,0.01,0.01,0.005,0.008,0.008,0.005,0.005,0,0.005,0.006,0.006,0.006,0.005,0.003,0.003,0.004,0.004,0.004,0.003,0.003,0.003,0,0,0.003,0.003,0.003,0.004,0.004,0.004,0.002,0.002,0.002,0.001,0.001,0.001,0,0.001,0.001
DTMOC,24/07/2026,0.001,0.001,0.001,0.001,0,0,0,0,0,0,0,0.002,0.002,0.001,0.001,0.003,0.005,0.003,0,0.022,0.014,0.012,0.008,0.015,0.016,0.017,0.015,0,0.012,0.012,0.014,0.012,0.012,0.013,0.013,0.014,0.012,0.01,0.01,0.009,0.007,0,0,0.009,0.009,0.009,0.009,0.008,0.008,0.007,0.003,0.002,0.002,0.001,0.001,0,0.001,0.001
DTR,24/07/2026,0.13,0.135,0.12,0.125,10820690,0.135,0.135,0.125,0.19,0.225,0.265,0.24,0.26,0.32,0.47,0.65,0.54,0.4,0.37,0.285,0.25,0.275,0.265,0.305,0.25,0.245,0.205,0.23,0.22,0.275,0.375,0.42,0.365,0.285,0.29,0.29,0.41,0.395,0.415,0.455,0.455,0.405,0.425,0.33,0.25,0.23,0.24,0.205,0.195,0.18,0.155,0.115,0.175,0.14,0.14,0.135,0.13,0.125
DTRO,24/07/2026,0.11,0.11,0.1,0.1,180673,0.115,0.11,0.105,0.165,0.2,0.245,0.23,0.235,0.295,0.445,0.625,0.51,0.38,0.34,0.27,0.23,0.255,0.24,0.275,0.235,0.22,0.185,0,0.21,0.255,0.35,0.4,0.34,0.275,0.27,0.27,0.38,0.38,0.385,0.425,0.445,0,0,0.31,0.23,0.215,0.225,0.2,0.17,0.16,0.14,0.096,0.15,0.125,0.11,0,0.115,0.1
DTZ,24/07/2026,0.032,0.032,0.03,0.03,74181,0.04,0.04,0.043,0.037,0.037,0.055,0.06,0.055,0.063,0.09,0.09,0.062,0.06,0.059,0.059,0.052,0.048,0.045,0.056,0.05,0.048,0.04,0.04,0.04,0.039,0.039,0.038,0.04,0.037,0.036,0.035,0.037,0.033,0.029,0.029,0.036,0.034,0.032,0.0305,0.028,0.03,0.036,0.046,0.041,0.042,0.041,0.041,0.035,0.034,0.031,0.025,0.025,0.03
DTZO,24/07/2026,0.007,0.007,0.007,0.007,0,0,0,0,0,0,0,0,0,0,0,0,0,0,0,0.01,0.014,0.012,0.01,0.012,0.012,0.012,0.01,0,0.009,0.009,0.009,0.009,0.009,0.009,0.009,0.009,0.009,0.009,0.009,0.009,0.009,0,0,0.009,0.009,0.009,0.009,0.009,0.009,0.009,0.009,0.009,0.009,0.009,0.009,0,0.009,0.007
DUB,24/07/2026,0.0095,0.01,0.009,0.009,209187,0.02,0.019,0.02,0.019,0.022,0.021,0.019,0.021,0.021,0.019,0.018,0.018,0.018,0.017,0.018,0.017,0.017,0.016,0.016,0.017,0.016,0.019,0.017,0.018,0.017,0.018,0.019,0.018,0.015,0.014,0.014,0.015,0.013,0.013,0.011,0.014,0.014,0.013,0.011,0.011,0.012,0.01,0.012,0.012,0.01,0.0105,0.01,0.01,0.009,0.01,0.011,0.0095,0.009
DUG,24/07/2026,2.11,2.11,2.02,2.06,99793,1.43,1.31,1.28,1.34,1.445,1.62,2.17,2.15,2.47,2.73,2.74,2.83,2.67,2.63,2.19,2.21,2.03,2.03,2.1,1.98,2.08,2.13,2.1,2.15,2.1,2.2,2.08,1.87,1.61,1.75,1.935,2.17,2.02,1.985,2.06,2.01,1.955,2.1,1.98,2.02,2.25,2.35,2.38,2.25,2.39,2.3,2.17,2.28,2.28,2.24,2.18,2.09,2.06
DUN,24/07/2026,0.049,0.049,0.048,0.048,40816,0.019,0.016,0.016,0.017,0.018,0.019,0.021,0.02,0.018,0.024,0.029,0.03,0.04,0.045,0.04,0.038,0.04,0.039,0.041,0.042,0.037,0.037,0.042,0.042,0.042,0.039,0.042,0.041,0.041,0.055,0.055,0.052,0.055,0.054,0.047,0.047,0.047,0.044,0.052,0.052,0.048,0.048,0.051,0.05,0.05,0.05,0.049,0.052,0.05,0.05,0.05,0.047,0.048
DUR,24/07/2026,2.26,2.3,2.18,2.27,203239,1.485,1.485,1.435,1.555,1.465,1.85,1.725,1.87,2.01,2.05,2.17,2.06,2.01,2.12,2.13,1.945,1.82,1.775,1.785,1.905,1.84,1.79,1.925,1.835,2,2.12,2.19,2.15,2.12,2.13,2.33,2.1,2.32,2.35,2.33,2.49,2.74,2.77,2.91,2.9,2.73,2.61,2.57,2.38,2.55,2.69,2.63,2.85,2.67,2.37,2.4,2.22,2.27
DVL,24/07/2026,0.028,0.028,0.028,0.028,274670,0.025,0.031,0.037,0.046,0.044,0.05,0.045,0.046,0.043,0.047,0.059,0.059,0.051,0.053,0.05,0.05,0.044,0.04,0.041,0.036,0.031,0.03,0.034,0.032,0.035,0.037,0.041,0.036,0.032,0.034,0.03,0.029,0.029,0.027,0.027,0.028,0.027,0.026,0.03,0.03,0.039,0.04,0.039,0.039,0.045,0.036,0.039,0.041,0.034,0.035,0.03,0.027,0.028
DVP,24/07/2026,5.62,5.62,5.36,5.37,943837,4.58,4.2,4.27,4.29,3.67,3.86,3.75,3.62,3.78,4.25,4.21,4.47,4.32,4.21,3.56,3.35,3.34,3.22,3.72,4.42,4.29,4.36,4.66,4.54,4.96,5.23,5.36,5.27,4.85,5.32,4.77,5.8,5.04,4.63,4.22,4.11,4.52,5.59,5.56,5.56,5.35,6.03,5.71,5.6,6.12,6.39,6.92,6.87,6.22,6.29,6.03,5.54,5.37
DWG,24/07/2026,0.12,0.12,0.12,0.12,21521,0.08,0.08,0.08,0.06,0.063,0.06,0.06,0.065,0.075,0.075,0.071,0.073,0.07,0.068,0.0605,0.056,0.056,0.056,0.056,0.056,0.054,0.071,0.09,0.092,0.099,0.165,0.165,0.15,0.175,0.165,0.205,0.19,0.15,0.125,0.13,0.16,0.16,0,0.135,0.145,0.12,0.14,0.1225,0.165,0.17,0.17,0.17,0.16,0.15,0.15,0.14,0.14,0.12
DXB,24/07/2026,0.245,0.25,0.235,0.25,1091226,0.565,0.48,0.52,0.47,0.455,0.45,0.465,0.515,0.515,0.51,0.545,0.55,0.515,0.515,0.51,0.475,0.48,0.455,0.525,0.56,0.6,0.56,0.535,0.55,0.54,0.535,0.52,0.505,0.49,0.475,0.475,0.475,0.405,0.35,0.325,0.325,0.32,0.34,0.395,0.38,0.215,0.215,0.22,0.205,0.185,0.175,0.165,0.225,0.19,0.24,0.24,0.24,0.25
DXC,24/07/2026,2.69,2.7,2.67,2.68,257749,2.97,2.94,2.97,3.08,3.08,3.07,3.03,3.04,3.07,3.05,2.98,2.98,2.96,2.94,2.93,2.92,2.94,2.87,2.9,2.84,2.78,2.82,2.88,2.83,2.87,2.84,2.78,2.75,2.64,2.78,2.76,2.8,2.76,2.77,2.75,2.72,2.62,2.68,2.67,2.69,2.75,2.78,2.71,2.66,2.62,2.57,2.65,2.66,2.67,2.62,2.65,2.67,2.68
DXI,24/07/2026,2.42,2.44,2.4,2.43,2162221,2.73,2.8,2.91,2.87,2.84,2.81,2.77,2.86,3,2.93,2.85,2.8,2.83,2.89,2.86,2.8,2.78,2.77,2.75,2.77,2.74,2.73,2.72,2.68,2.66,2.66,2.6,2.56,2.52,2.5,2.51,2.58,2.51,2.4,2.36,2.34,2.3,2.38,2.41,2.45,2.49,2.47,2.41,2.39,2.39,2.34,2.5,2.46,2.5,2.41,2.42,2.52,2.43
DXN,24/07/2026,0.155,0.155,0.145,0.155,1559275,0.06,0.062,0.06,0.061,0.061,0.053,0.045,0.054,0.056,0.062,0.058,0.06,0.054,0.054,0.054,0.051,0.049,0.047,0.046,0.041,0.042,0.04,0.04,0.04,0.04,0.039,0.04,0.033,0.032,0.031,0.026,0.026,0.025,0.024,0.023,0.02,0.016,0.016,0.024,0.021,0.024,0.02,0.019,0.021,0.02,0.175,0.13,0.205,0.24,0.19,0.21,0.155,0.155
DXS,24/07/2026,5.63,5.66,5.59,5.64,1807259,6.88,7.04,7.25,7.42,7.54,7.51,7.35,7.33,7.31,7.16,7.25,7.22,7.4,7.65,7.28,7.2,7.17,7.11,7.16,7.07,6.96,7.13,7.12,6.96,6.95,6.98,6.78,6.72,6.4,6.21,6.69,6.71,6.4,6.09,5.96,5.99,5.84,5.97,6.12,6.2,6.26,6.11,6.01,6.08,5.61,5.48,5.91,5.82,5.76,5.46,5.61,5.76,5.64
DYL,24/07/2026,1.4,1.46,1.34,1.34,3913538,1.795,1.51,1.57,1.51,1.51,1.815,1.91,1.86,2,1.985,2.08,2.06,2.32,1.68,1.795,1.51,1.595,1.56,1.635,1.73,1.935,1.8,1.875,1.945,2.04,2.15,2.34,2.84,2.2,2.42,2.65,2.63,2.17,2,1.7,1.685,1.79,1.865,2.03,1.995,1.815,1.73,1.71,1.62,1.58,1.575,1.415,1.55,1.42,1.475,1.445,1.23,1.34
DYM,24/07/2026,0.46,0.46,0.46,0.46,22966,0.25,0.225,0.255,0.26,0.285,0.27,0.275,0.305,0.3,0.3,0.28,0.295,0.29,0.285,0.29,0.325,0.34,0.34,0.365,0.37,0.375,0.385,0.45,0.43,0.49,0.555,0.61,0.54,0.5,0.58,0.63,0.65,0.62,0.56,0.505,0.53,0.56,0.58,0.58,0.57,0.575,0.5725,0.58,0.6,0.56,0.53,0.47,0.485,0.46,0.515,0.46,0.46,0.46
DZZF,24/07/2026,30.7,30.7,30.32,30.43,1341,31.33,31.33,31.45,31.86,32.1,31.9,31.75,32,32,31.8,32.18,32.21,31.92,32.46,32.23,31.68,31.33,30.86,31.95,31.47,31.5,31.16,31.36,31.06,31.24,31.31,30.83,30.11,29.5,29.31,29.64,29.65,29.34,28.49,28.03,28.31,28.19,28.89,29.5,29.37,29.38,29.31,29.48,29.61,29.91,29.94,30.53,30.7,30.83,31.17,30.95,30.78,30.43
E200,24/07/2026,26.76,26.86,26.7,26.74,100611,26.51,26.52,27,27.32,27.58,27.45,27.24,27.33,26.98,27,27.32,27.24,27.42,27.56,27.14,26.88,26.57,25.96,26.47,26.62,26.9,26.72,26.96,26.8,26.76,27.38,27.17,27.36,27.05,27.78,28.35,28.9,27.98,27.38,26.81,27,27.1,28.3,28.09,27.61,27.47,27.31,26.62,26.95,26.95,26.66,27.17,27.22,27.27,26.75,26.79,26.78,26.74
E25,24/07/2026,0.24,0.25,0.2375,0.25,323967,0.28,0.25,0.305,0.295,0.305,0.31,0.34,0.3,0.27,0.27,0.32,0.325,0.38,0.39,0.31,0.29,0.295,0.28,0.32,0.3375,0.31,0.285,0.32,0.33,0.4,0.375,0.415,0.35,0.315,0.36,0.335,0.34,0.365,0.335,0.305,0.35,0.32,0,0.325,0.295,0.29,0.2825,0.295,0.275,0.265,0.235,0.25,0.24,0.21,0.225,0.25,0.235,0.25
E79,24/07/2026,0.024,0.027,0.024,0.027,457200,0.026,0.022,0.02,0.023,0.022,0.022,0.026,0.021,0.021,0.024,0.034,0.03,0.028,0.025,0.026,0.023,0.024,0.025,0.026,0.025,0.025,0.026,0.028,0.027,0.03,0.031,0.034,0.033,0.032,0.04,0.041,0.042,0.035,0.032,0.03,0.03,0.025,0.027,0.031,0.031,0.026,0.025,0.034,0.03,0.026,0.027,0.024,0.025,0.022,0.026,0.025,0.023,0.027
EAFZ,24/07/2026,8.46,8.46,8.46,8.46,3,7.27,7.3,7.24,7.47,7.56,7.46,7.5,7.72,7.75,7.75,7.89,7.91,7.78,7.93,8.05,7.94,7.89,7.68,7.67,7.61,7.58,7.55,7.64,7.66,7.91,8.02,7.84,7.86,7.71,7.89,7.74,8.07,7.64,7.54,7.54,7.5,7.33,7.9,8.01,8.37,8.53,8.92,8.93,8.99,9.28,9.13,9.25,9.92,9.55,9.27,9.05,8.3,8.46
EARN,24/07/2026,20.01,20.01,20.01,20.01,0,0,0,0,0,0,0,0,0,0,0,0,0,20.03,20.05,20.06,20,20.04,20.04,20.05,20.01,20,20.05,20.06,20.05,20.03,20.06,20.06,20.08,19.99,20.01,20.04,20.04,19.98,19.97,20,20,20.01,20,20,20.03,20,20,20.01,20.03,20.06,20.01,20.01,20.03,20.06,19.99,19.98,20,20.01
EAX,24/07/2026,0.35,0.35,0.35,0.35,0,0.34,0.34,0.35,0.35,0.38,0.395,0.45,0.48,0.5,0.5,0.5,0.5,0.505,0.48,0.48,0.48,0.48,0.51,0.48,0.56,0.56,0.525,0.505,0.485,0.485,0.5025,0.485,0.485,0.405,0.45,0.48,0.435,0.43,0.43,0.5,0.43,0.43,0,0.43,0.43,0.4,0.4,0.4,0.42,0.34,0.365,0.34,0.38,0.415,0.435,0.4,0.34,0.35
EBND,24/07/2026,10.68,10.68,10.62,10.62,79939,10.65,10.66,10.73,10.84,10.88,10.82,10.8,10.83,10.91,10.92,10.85,10.86,10.98,11,11.03,11.01,11.06,11.12,11.09,11.07,10.96,11.03,11.02,10.99,11,11.04,11.01,10.94,10.92,10.92,11.01,10.93,10.75,10.58,10.54,10.69,10.63,10.69,10.75,10.78,10.67,10.67,10.63,10.62,10.64,10.67,10.71,10.77,10.87,10.77,10.79,10.73,10.62
EBO,24/07/2026,18,18.3,17.85,18.25,44148,37.68,36.46,37.57,37.3,36,29.3,27.65,26.15,24.93,26.5,26.47,25.95,25.2,25.02,25.25,24.81,25.06,25.25,24.79,24.29,23.8,24.06,24.18,23.5,23.44,22.7,22.84,22.1,21.41,20.3,20.6,20.02,19.18,18.3,18.16,18.98,19.21,18.41,18.35,17.45,17.42,17.49,17.09,16.56,16.29,16.72,17.59,16.91,16.76,17.47,17.98,18.99,18.25
EBR,24/07/2026,0.31,0.31,0.265,0.3,9099854,1.33,1.4,1.385,1.38,1.305,1.275,1.21,1.105,1.21,1.145,1.18,1.315,1.345,1.27,1.22,1.15,1.12,1.05,1.06,0.89,0.91,0.85,0.91,0.915,0.985,1.055,0.94,0.855,0.74,0.815,0.78,0.735,0.695,0.74,0.71,0.64,0,0,0.65,0.65,0.595,0.6,0.565,0.49,0.455,0.38,0.375,0.38,0.37,0.435,0.4,0.355,0.3
ECH,24/07/2026,0.36,0.36,0.36,0.36,4025,0.35,0.35,0.36,0.35,0.355,0.35,0.365,0.37,0.35,0.365,0.355,0.345,0.35,0.35,0.355,0.345,0.345,0.35,0.345,0.345,0.345,0.335,0.33,0.34,0.345,0.34,0.345,0.355,0.35,0.33,0.335,0.35,0.37,0.37,0.43,0.39,0.4,0.4,0.4,0.38,0.37,0.355,0.36,0.36,0.36,0.35,0.355,0.35,0.345,0.345,0.35,0.355,0.36
ECL,24/07/2026,0.94,0.94,0.94,0.94,12,3.36,3.22,3.25,3.25,3.22,3.2,3.16,3.36,3.36,3.35,3.36,3.38,3.26,3.42,3.42,3.32,3.3,4.31,4.34,4.35,4.33,4.36,4.4,4.35,4.35,4.29,4.25,4.25,4.25,4.26,4.31,4.39,1.305,1.25,1.28,1.26,0.95,0.955,0.935,0.94,0.94,0.945,0.9,0.9,0.895,0.865,0.905,0.905,0.885,0.9,0.89,0.93,0.94
ECP,24/07/2026,0.76,0.76,0.76,0.76,0,1.26,1.27,1.36,1.34,1.27,1.27,1.27,1.285,1.23,1.25,1.25,1.25,1.155,1.115,1.19,1.17,1.26,1.1775,1.21,1.18,1.14,1.14,1.12,1.11,1.11,1.1,1.085,1.07,0.985,0.91,0.99,0.92,0.87,0.86,0.85,0.85,0.825,0.85,0.845,0.835,0.865,0.865,0.795,0.745,0.78,0.78,0.73,0.755,0.675,0.655,0.7,0.725,0.76
ECPGA,24/07/2026,1.42,1.42,1.42,1.42,0,1.44,1.43,1.435,1.435,1.435,1.435,1.435,1.43,1.43,1.43,1.47,1.47,1.47,1.43,1.43,1.43,1.43,1.421,1.43,1.43,1.43,1.44,1.44,1.44,1.44,1.44,1.44,1.4,1.4,1.4,1.4,1.4,1.4,1.41,1.415,1.415,1.415,0,1.41,1.41,1.41,1.41,1.41,1.41,1.41,1.41,1.41,1.41,1.4,1.42,1.42,1.42,1.42
ECRD,24/07/2026,24.93,24.94,24.92,24.93,1041,0,0,0,0,0,0,0,0,0,0,0,0,0,0,0,0,0,0,25.08,25.2,25.21,25.32,25.4,25.26,25.28,25.38,25.49,25.6,25.62,25.6,25.57,25.48,25.23,25.03,24.95,24.9,24.67,24.73,24.86,24.9,24.75,24.77,24.81,24.82,24.83,24.72,24.81,24.84,24.93,24.79,24.88,24.88,24.93
ECS,24/07/2026,0.006,0.006,0.006,0.006,0,0.009,0.0085,0.0085,0.008,0.008,0.007,0.006,0.006,0.006,0.006,0.007,0.008,0.008,0.008,0.008,0.008,0.007,0.005,0.0055,0.005,0.0055,0.007,0.006,0.006,0.006,0.007,0.007,0.006,0.005,0.0055,0.006,0.006,0.005,0.005,0.005,0.005,0.005,0.005,0.005,0.005,0.005,0.005,0.006,0.005,0.005,0.005,0.005,0.0045,0.004,0.005,0.005,0.005,0.006
ECSO,24/07/2026,0.001,0.001,0.001,0.001,0,0,0,0,0,0,0,0,0,0,0,0,0,0,0,0,0,0,0,0,0,0,0,0,0,0,0,0,0.002,0.001,0.001,0.001,0.001,0.001,0.001,0.001,0.001,0,0,0.002,0.002,0.001,0.001,0.002,0.002,0.001,0.001,0.001,0.001,0.001,0.001,0,0.001,0.001
ECT,24/07/2026,0.135,0.135,0.135,0.135,0,0.003,0.003,0.003,0.003,0,0,0.065,0.062,0.071,0.175,0.16,0.145,0.135,0.125,0.125,0.1,0.12,0.11,0.135,0.14,0.14,0.14,0.17,0.19,0.165,0.175,0.165,0.145,0.115,0.12,0.12,0.13,0.11,0.097,0.091,0.084,0.082,0.13,0.13,0.13,0.125,0.13,0.125,0.115,0.13,0.125,0.11,0.11,0.1,0.115,0.115,0.105,0.135
EDE,24/07/2026,0.115,0.115,0.105,0.105,1248634,0.002,0,0,0.041,0.038,0.04,0.036,0.033,0.034,0.032,0.035,0.031,0.034,0.042,0.054,0.051,0.055,0.04,0.042,0.048,0.047,0.052,0.046,0.05,0.066,0.079,0.071,0.115,0.145,0.19,0.2,0.15,0.19,0.145,0.115,0.105,0.11,0.16,0.21,0.19,0.19,0.22,0.225,0.22,0.2,0.175,0.165,0.145,0.145,0.145,0.12,0.105,0.105
EDEO,24/07/2026,0.052,0.052,0.05,0.051,130000,0,0,0,0,0,0,0,0,0,0,0,0,0,0,0,0,0,0,0,0,0,0,0,0,0,0,0,0,0,0.09,0.115,0.084,0.115,0.093,0.06,0.062,0,0,0.115,0.1,0.1,0.115,0.14,0.12,0.098,0.098,0.077,0.079,0.08,0.085,0,0.063,0.051
EDEOD,24/07/2026,0.015,0.015,0.015,0.015,0,0.001,0,0,0.002,0.002,0.002,0.002,0.002,0.002,0.002,0.001,0.001,0.001,0.003,0.002,0.002,0.002,0.002,0.002,0.002,0.002,0.002,0,0.002,0.004,0.006,0.002,0.025,0.021,0.035,0.05,0.026,0.025,0.025,0.017,0.011,0,0,0.039,0.025,0.027,0.03,0.045,0.055,0.04,0.039,0.019,0.019,0.015,0.015,0,0.015,0.015
EDU,24/07/2026,0.98,1,0.965,0.99,98300,0.42,0.445,0.47,0.47,0.475,0.495,0.54,0.515,0.545,0.59,0.64,0.74,0.675,0.635,0.59,0.575,0.68,0.62,0.605,0.77,0.94,0.84,0.825,0.82,0.94,0.855,0.7,0.785,0.64,0.67,0.765,0.75,0.65,0.625,0.63,0.7,0.755,0.87,0.85,0.885,0.845,0.755,0.87,0.875,1.01,0.96,1.01,1.045,1.03,1.06,0.95,0.94,0.99
EDV,24/07/2026,3.34,3.36,3.29,3.35,2534068,4.13,4.04,4.04,4.18,4.2,3.82,3.72,3.64,3.66,3.62,3.63,3.58,3.56,3.63,3.66,3.64,3.67,3.66,3.7,3.7,3.74,3.64,3.68,3.68,3.77,3.94,3.78,3.7,3.64,3.83,3.87,3.91,3.93,3.73,3.66,3.38,3.2,3.25,3.26,3.5,3.42,3.25,3.1,3.08,2.88,2.97,3.22,3.43,3.3,3.37,3.46,3.44,3.35
EE1,24/07/2026,0.005,0.005,0.005,0.005,0,0.006,0.005,0.005,0.005,0.0065,0.006,0.006,0.006,0.006,0.007,0.008,0.008,0.009,0.008,0.008,0.009,0.008,0.008,0.006,0.007,0.006,0.006,0.007,0.009,0.008,0.007,0.007,0.006,0.006,0.006,0.006,0.006,0.005,0.005,0.006,0.005,0.005,0,0.006,0.005,0.005,0.005,0.005,0.005,0.005,0.005,0.005,0.005,0.005,0.005,0.005,0.005,0.005
EFE,24/07/2026,0.031,0.032,0.031,0.032,123370,0.032,0.034,0.032,0.034,0.034,0.035,0.035,0.034,0.032,0.037,0.046,0.0475,0.046,0.042,0.047,0.042,0.042,0.038,0.038,0.04,0.036,0.034,0.035,0.038,0.04,0.038,0.042,0.038,0.038,0.038,0.037,0.037,0.035,0.036,0.033,0.033,0.033,0.032,0.038,0.035,0.033,0.035,0.033,0.033,0.032,0.032,0.029,0.032,0.032,0.034,0.032,0.032,0.032
EG1,24/07/2026,0.026,0.026,0.025,0.025,560181,0.033,0.033,0.03,0.031,0.032,0.023,0.027,0.027,0.032,0.042,0.059,0.06,0.068,0.052,0.045,0.041,0.038,0.038,0.04,0.037,0.03,0.03,0.03,0.03,0.035,0.035,0.045,0.048,0.043,0.035,0.035,0.031,0.03,0.028,0.025,0.027,0.027,0.027,0.029,0.025,0.032,0.026,0.024,0.023,0.022,0.021,0.023,0.023,0.024,0.025,0.024,0.026,0.025
EGA,24/07/2026,0.18,0.185,0.165,0.165,119259,0,0,0,0,0,0,0,0,0,0,0,0,0,0,0,0,0,0,0,0,0,0,0,0,0,0,0,0,0,0,0,0.205,0.195,0.195,0.2,0.18,0.17,0,0.16,0.175,0.16,0.155,0.1575,0.13,0.16,0.13,0.14,0.125,0.16,0.135,0.135,0.16,0.165
EGG,24/07/2026,0.28,0.3,0.275,0.3,33706,0.96,0.965,0.94,0.98,0.95,0.985,0.945,0.815,0.76,0.77,0.765,0.78,0.7,0.67,0.68,0.655,0.635,0.62,0.625,0.585,0.62,0.61,0.63,0.625,0.635,0.66,0.625,0.62,0.6,0.58,0.59,0.575,0.5,0.4775,0.465,0.48,0.475,0.435,0.41,0.44,0.45,0.455,0.39,0.32,0.35,0.29,0.295,0.34,0.28,0.3,0.3,0.275,0.3
EGH,24/07/2026,0.68,0.68,0.655,0.675,47892,0.555,0.5575,0.56,0.57,0.56,0.5,0.505,0.525,0.53,0.53,0.52,0.535,0.525,0.515,0.53,0.51,0.495,0.495,0.5,0.49,0.49,0.48,0.475,0.48,0.47,0.4975,0.47,0.49,0.475,0.47,0.485,0.52,0.525,0.53,0.54,0.54,0.535,0.54,0.57,0.555,0.57,0.585,0.57,0.58,0.585,0.59,0.595,0.65,0.665,0.66,0.645,0.645,0.675
EGL,24/07/2026,0.094,0.095,0.093,0.094,47317,0.275,0.28,0.255,0.27,0.26,0.225,0.245,0.275,0.275,0.265,0.255,0.25,0.24,0.235,0.245,0.23,0.23,0.23,0.24,0.24,0.23,0.23,0.23,0.235,0.235,0.255,0.255,0.25,0.245,0.255,0.23,0.245,0.23,0.22,0.185,0.205,0.205,0.205,0.21,0.2075,0.215,0.215,0.2,0.14,0.098,0.115,0.098,0.088,0.088,0.094,0.09,0.095,0.094
EGR,24/07/2026,0.25,0.2525,0.2475,0.2475,72838,0.325,0.3,0.325,0.365,0.365,0.33,0.355,0.34,0.365,0.38,0.39,0.46,0.46,0.6,0.495,0.49,0.545,0.475,0.42,0.42,0.35,0.39,0.395,0.38,0.375,0.37,0.375,0.38,0.365,0.41,0.37,0.39,0.38,0.385,0.38,0.4,0.38,0.385,0.385,0.395,0.37,0.33,0.31,0.285,0.38,0.345,0.31,0.3,0.265,0.275,0.27,0.255,0.2475
EGY,24/07/2026,0.02,0.02,0.02,0.02,200000,0.03,0.03,0.03,0.028,0.028,0.023,0.024,0.025,0.025,0.024,0.025,0.028,0.028,0.026,0.025,0.025,0.022,0.022,0.024,0.019,0.02,0.02,0.021,0.021,0.021,0.021,0.023,0.02,0.02,0.02,0.02,0.02,0.02,0.017,0.017,0.024,0.024,0.025,0.025,0.025,0.025,0.025,0.026,0.026,0.025,0.024,0.022,0.022,0.02,0.02,0.02,0.021,0.02
EHL,24/07/2026,0.975,0.975,0.94,0.96,529238,0.9,0.88,0.87,0.93,1.05,1.07,1.045,1.08,1.185,1.275,1.29,1.245,1.17,1.215,1.2,1.14,1.225,1.27,1.38,1.36,1.33,1.28,1.26,1.23,1.255,1.365,1.35,1.315,1.245,1.37,1.33,1.35,1.295,1.235,1.195,1.2,1.215,1.28,1.22,1.24,1.105,1.07,1.06,1.045,1.065,1.05,0.98,0.96,0.965,0.975,0.99,0.98,0.96
EIGA,24/07/2026,3.8,3.8,3.73,3.73,2687,3.74,3.75,3.81,3.86,3.88,3.87,3.8,3.8,3.75,3.75,3.79,3.77,3.8,3.8,3.77,3.7,3.66,3.54,3.61,3.63,3.65,3.64,3.7,3.68,3.63,3.71,3.69,3.73,3.71,3.81,3.85,3.91,3.76,3.68,3.63,3.69,3.72,3.82,3.8,3.74,3.72,3.71,3.69,3.68,3.74,3.7,3.74,3.73,3.71,3.74,3.74,3.72,3.73
EIQ,24/07/2026,1.29,1.33,1.25,1.315,3214934,0.235,0.22,0.205,0.2125,0.215,0.21,0.235,0.285,0.2,0.19,0.205,0.185,0.19,0.195,0.215,0.195,0.215,0.23,0.25,0.245,0.275,0.27,0.26,0.255,0.28,0.35,0.52,0.495,0.455,0.525,0.575,0.62,0.73,0.7,0.64,0.94,0.865,0.895,1.21,1.17,1.005,1.02,1.15,1.4,1.35,1.29,1.15,1.225,1.59,1.65,1.66,1.5,1.315
EL8,24/07/2026,0.245,0.245,0.23,0.23,322576,0.265,0.25,0.245,0.275,0.3,0.305,0.3,0.29,0.325,0.4,0.475,0.425,0.45,0.365,0.355,0.265,0.265,0.245,0.285,0.315,0.27,0.27,0.31,0.3,0.34,0.35,0.395,0.47,0.335,0.35,0.37,0.37,0.33,0.305,0.27,0.265,0.285,0.285,0.32,0.33,0.265,0.265,0.26,0.255,0.245,0.26,0.245,0.26,0.22,0.235,0.245,0.235,0.23
ELD,24/07/2026,5.59,5.59,5.485,5.52,686372,7.19,7.28,7.48,7.65,7.57,7.44,7.67,7.68,7.65,7.44,7.46,7.53,7.62,7.43,7.09,6.69,6.97,7.57,7.35,7.09,6.99,6.86,6.97,6.81,7.35,7.51,7.28,7.37,6.8,7.06,7.27,7.26,7.32,6.62,6.9,7.29,7.34,7.64,7.51,7.35,7.18,6.9,7.2,5.88,5.56,5.31,5.3,5.21,5.02,5.3,5.58,5.58,5.52
ELS,24/07/2026,6.12,6.2,5.84,5.94,2279262,1.92,1.83,2.24,2.1,1.83,1.69,1.745,1.67,1.59,1.56,2.16,2.09,1.345,1.255,1.615,1.4,1.51,1.525,1.86,1.945,2.67,3.07,3.21,3.42,3.55,3.94,4.5,4.25,3.68,3.58,3.54,4.73,5.48,5.69,5.9,5.6,6.25,6.76,7.14,6.82,6.82,6.77,6.25,5.78,7.61,7.62,8.38,7.88,6.73,8.01,7.74,6.66,5.94
ELT,24/07/2026,0.31,0.335,0.31,0.335,245568,0.135,0.13,0.14,0.175,0.175,0.15,0.14,0.155,0.15,0.14,0.18,0.235,0.26,0.36,0.34,0.32,0.325,0.285,0.275,0.285,0.27,0.285,0.345,0.33,0.325,0.4,0.44,0.36,0.36,0.35,0.445,0.47,0.39,0.39,0.37,0.375,0.345,0.35,0.35,0.46,0.395,0.4,0.415,0.375,0.375,0.4,0.4,0.4,0.405,0.395,0.33,0.325,0.335
ELV,24/07/2026,8.15,8.16,7.67,7.75,1541154,0,0,0,0,0,0,0,0,0,3.69,3.64,4.13,4.48,4.06,4.45,3.83,5.18,4.92,5.78,5.62,6.85,7.31,8.14,7.92,8.67,9.21,9.59,6.7,6.42,7.38,7.29,8.16,7.56,7.57,6.82,8,8.39,8.73,10.38,12.04,13.52,13.51,11.01,13.73,12.89,11.03,11.98,11.85,9.57,10.56,8.86,8.37,7.75
EM2,24/07/2026,0.006,0.006,0.006,0.006,715310,0.007,0.006,0.006,0.006,0.006,0.007,0.006,0.006,0.005,0.012,0.009,0.009,0.01,0.008,0.009,0.008,0.01,0.009,0.009,0.008,0.009,0.008,0.008,0.01,0.01,0.01,0.01,0.008,0.009,0.007,0.008,0.008,0.007,0.008,0.006,0.007,0.009,0.008,0.008,0.011,0.009,0.007,0.008,0.007,0.007,0.007,0.007,0.006,0.006,0.006,0.007,0.006,0.006
EM2O,24/07/2026,0.002,0.002,0.002,0.002,0,0.001,0.001,0.001,0.001,0.001,0.001,0.001,0.001,0.001,0.001,0.001,0.001,0.001,0.001,0.001,0.001,0.001,0.001,0.001,0.001,0.001,0.001,0,0.001,0.001,0.002,0.002,0.002,0.002,0.002,0.002,0.002,0.002,0.002,0.002,0.002,0,0,0.002,0.002,0.002,0.002,0.002,0.002,0.002,0.002,0.002,0.002,0.002,0.002,0,0.002,0.002
EM3,24/07/2026,0.135,0.135,0.13,0.13,102750,0,0,0,0,0,0,0,0,0,0,0,0,0,0,0,0,0,0,0,0,0.086,0.09,0.085,0.089,0.085,0.088,0.089,0.089,0.09,0.13,0.145,0.18,0.215,0.28,0.15,0.255,0.18,0.22,0.21,0.215,0.2,0.205,0.205,0.21,0.19,0.2,0.195,0.195,0.18,0.165,0.19,0.12,0.13
EMA,24/07/2026,0.04,0.04,0.04,0.04,0,0,0,0,0,0,0,0,0,0,0,0,0,0,0,0,0,0,0,0,0.076,0.064,0.053,0.06,0.066,0.062,0.062,0.061,0.06,0.064,0.054,0.054,0.045,0.05,0.051,0.044,0.043,0.047,0.049,0.049,0.045,0.05,0.051,0.056,0.051,0.051,0.054,0.045,0.044,0.038,0.038,0.043,0.04,0.04
EMAO,24/07/2026,0.009,0.009,0.009,0.009,0,0,0,0,0,0,0,0,0,0,0,0,0,0,0,0,0,0,0,0,0.023,0.023,0.023,0,0.023,0.023,0.023,0.023,0.023,0.016,0.016,0.016,0.01,0.01,0.01,0.01,0.01,0,0,0.01,0.01,0.01,0.01,0.01,0.01,0.01,0.01,0.01,0.01,0.01,0.009,0,0.009,0.009
EMB,24/07/2026,8.1,8.1,8.1,8.1,0,8.33,8.15,8.15,8.15,8.15,8.15,8.15,8.15,8.15,7.99,8,7.45,7.51,7.51,7.51,7.7,8.15,8.15,8.15,8.1,8.1,8.1,8.1,8.1,8.08,8.08,8.08,8.08,8.08,8.08,8.08,8.08,8.08,8.08,8.08,8.09,8.09,0,8.09,8.09,8.09,8.09,8.09,8.09,8.25,8.65,8.31,8.31,8.31,8,8,8,8.1
EMC,24/07/2026,0.13,0.13,0.12,0.125,118614,0.145,0.13,0.12,0.11,0.12,0.12,0.125,0.13,0.125,0.125,0.13,0.125,0.13,0.125,0.125,0.11,0.105,0.115,0.12,0.125,0.125,0.12,0.125,0.125,0.12,0.12,0.16,0.17,0.15,0.145,0.145,0.135,0.12,0.115,0.12,0.11,0.115,0.12,0.12,0.12,0.1125,0.11,0.11,0.105,0.105,0.1,0.11,0.1,0.096,0.098,0.098,0.115,0.125
EMD,24/07/2026,0.045,0.045,0.044,0.044,418373,0.041,0.046,0.046,0.045,0.045,0.048,0.049,0.047,0.05,0.06,0.072,0.069,0.068,0.064,0.057,0.071,0.065,0.061,0.057,0.055,0.052,0.051,0.054,0.057,0.061,0.055,0.061,0.058,0.051,0.054,0.056,0.053,0.047,0.044,0.04,0.047,0.047,0.047,0.048,0.05,0.05,0.047,0.039,0.042,0.049,0.043,0.042,0.038,0.037,0.041,0.038,0.049,0.044
EME,24/07/2026,0.084,0.084,0.084,0.084,0,0.08,0.08,0.085,0.074,0.074,0.073,0.07,0.073,0.069,0.105,0.094,0.1,0.1,0.1,0.098,0.089,0.089,0.083,0.08,0.08,0.079,0.075,0.075,0.081,0.082,0.09,0.11,0.11,0.095,0.095,0.094,0.095,0.091,0.09,0.089,0.089,0.089,0.091,0.092,0.092,0.088,0.089,0.087,0.087,0.09,0.08,0.081,0.078,0.075,0.072,0.072,0.072,0.084
EMH,24/07/2026,0.24,0.24,0.235,0.235,13251,0.17,0.18,0.19,0.2,0.18,0.195,0.17,0.175,0.19,0.205,0.225,0.21,0.25,0.265,0.25,0.24,0.215,0.22,0.38,0.43,0.42,0.385,0.32,0.36,0.36,0.38,0.39,0.33,0.285,0.325,0.305,0.315,0.295,0.27,0.27,0.245,0.265,0.3,0.29,0.3,0.305,0.31,0.315,0.34,0.33,0.29,0.275,0.315,0.26,0.2675,0.255,0.23,0.235
EMKT,24/07/2026,34.6,34.79,34,34.18,63283,28.67,28.44,28.66,29.1,29.06,28.72,28.79,29.22,29.75,29.36,29.93,30.02,30.97,31.17,31.52,31.11,31.64,30.79,30.89,30.87,31.04,30.35,30.76,31.35,32.15,33.02,32.96,33.3,32.61,33.44,33.85,34.85,32.03,31.63,31.62,31.3,31,33.11,33.51,34.48,34.61,37,36.92,37.84,40.39,39.15,39.83,42.03,40.13,36.5,35.95,33,34.18
EML,24/07/2026,0.325,0.325,0.31,0.31,444838,1.135,1.09,1.05,1.02,1.065,1.13,1.07,1.04,0.975,0.955,0.985,0.975,0.92,0.96,0.965,0.895,0.875,0.83,0.855,0.8,0.805,0.83,0.895,0.92,0.9,0.88,0.88,0.82,0.76,0.735,0.735,0.645,0.615,0.64,0.595,0.575,0.545,0.575,0.395,0.39,0.42,0.395,0.39,0.365,0.39,0.375,0.33,0.295,0.295,0.33,0.355,0.325,0.31
EMN,24/07/2026,0.088,0.088,0.088,0.088,25677,0.185,0.165,0.17,0.16,0.17,0.17,0.175,0.18,0.17,0.16,0.165,0.155,0.21,0.165,0.18,0.16,0.165,0.17,0.16,0.16,0.165,0.155,0.175,0.16,0.165,0.175,0.215,0.205,0.2,0.205,0.185,0.19,0.2,0.18,0.155,0.16,0.165,0.145,0.145,0.145,0.13,0.125,0.13,0.125,0.125,0.11,0.105,0.105,0.091,0.087,0.091,0.087,0.088
EMP,24/07/2026,0.076,0.076,0.076,0.076,5950,0.032,0.034,0.043,0.039,0.035,0.035,0.039,0.05,0.062,0.068,0.084,0.08,0.074,0.072,0.075,0.075,0.078,0.074,0.075,0.073,0.088,0.097,0.096,0.115,0.11,0.11,0.115,0.1,0.093,0.135,0.135,0.135,0.14,0.13,0.12,0.11,0.12,0.115,0.1,0.099,0.13,0.1225,0.1175,0.105,0.105,0.096,0.087,0.098,0.095,0.095,0.087,0.08,0.076
EMR,24/07/2026,5.44,5.44,5.15,5.19,748225,3.69,3.36,3.59,3.53,3.7,3.78,4.12,4.27,4.34,4.79,5.12,5.02,5.56,4.85,4.74,5.14,5.29,5.07,5.32,5.18,5.9,6.36,6.44,6.36,6.3,6.84,7.51,7.45,6.37,6.37,6.45,7.08,6.25,5.81,4.97,5.04,5.66,6.16,6.48,6.33,5.85,6.1,6.02,5.88,5.92,5.87,5.36,6,5.63,5.7,5.34,4.97,5.19
EMT,24/07/2026,0.045,0.046,0.044,0.044,270500,0.004,0.004,0.005,0.006,0.005,0.005,0.005,0.005,0.005,0.006,0.006,0.006,0.006,0.005,0.0055,0.0065,0.007,0.006,0.006,0.005,0.005,0.005,0.005,0.006,0.006,0.006,0.006,0.006,0.006,0.005,0.009,0.01,0.012,0.011,0.009,0.011,0.009,0.009,0.008,0.0065,0.0065,0.007,0.007,0.007,0.0065,0.005,0.0065,0.006,0.005,0,0.056,0.05,0.044
EMU,24/07/2026,0.022,0.022,0.02,0.02,90000,0.021,0.021,0.023,0.023,0.026,0.025,0.023,0.018,0.021,0.024,0.021,0.027,0.032,0.045,0.049,0.043,0.051,0.044,0.045,0.039,0.05,0.049,0.044,0.045,0.039,0.034,0.029,0.029,0.029,0.029,0.035,0.03,0.027,0.026,0.026,0.025,0.027,0.024,0.022,0.023,0.023,0.023,0.021,0.025,0.025,0.027,0.026,0.025,0.023,0.023,0.022,0.021,0.02
EMUCA,24/07/2026,0.002,0.002,0.002,0.002,0,0.002,0.002,0.002,0.002,0.002,0.002,0.002,0.002,0.002,0.002,0.002,0.002,0.002,0.002,0.002,0.002,0.002,0.002,0.002,0.002,0.002,0.002,0,0.002,0.002,0.002,0.002,0.002,0.002,0.002,0.002,0.002,0.002,0.002,0.002,0.002,0,0,0.002,0.002,0.002,0.002,0.002,0.002,0.002,0.002,0.002,0.002,0.002,0.002,0,0.002,0.002
EMV,24/07/2026,1.625,1.625,1.525,1.54,41760,1.805,1.74,1.72,1.75,1.84,2,1.99,2.32,2.12,1.94,1.88,1.835,1.91,1.85,1.845,1.85,1.87,1.765,1.92,1.85,1.765,1.78,1.76,1.77,1.85,1.8,1.78,1.77,1.76,1.8,1.75,1.765,1.66,1.58,1.54,1.55,1.6,1.555,1.695,1.8,1.88,1.9075,1.745,1.67,1.72,1.64,1.57,1.59,1.515,1.57,1.5,1.62,1.54
EMVO,24/07/2026,0.072,0.072,0.072,0.072,0,0,0,0,0,0,0,0,0,0,0,0,0,0,0,0,0.12,0.13,0.13,0.13,0.125,0.155,0.155,0,0.135,0.14,0.14,0.14,0.145,0.145,0.145,0.145,0.145,0.15,0.15,0.13,0.13,0,0,0.13,0.1,0.095,0.095,0.095,0.095,0.03,0.03,0.03,0.04,0.065,0.07,0,0.07,0.072
EMXC,24/07/2026,40.78,40.78,39.74,39.81,35933,28.98,29.22,29.41,29.61,29.31,29.24,29.22,29.96,30.63,30.4,31.11,31.51,32.21,32.72,33.16,32.61,32.65,32.11,32.26,32.29,32.35,32.17,32.47,33.19,33.91,34.82,34.77,34.83,34.48,35.75,36.18,37.09,34.27,33.68,33.62,33.71,33.34,36.09,36.7,37.26,37.95,39.58,39.03,40.38,42.6,41.75,41.46,44.63,42.65,42.82,42.32,38.83,39.81
ENL,24/07/2026,0.007,0.007,0.007,0.007,336836,0.031,0.031,0.034,0.039,0.041,0.041,0.035,0.037,0.038,0.034,0.034,0.03,0.033,0.03,0.027,0.022,0.023,0.022,0.026,0.028,0.025,0.022,0.019,0.018,0.0195,0.016,0.014,0.012,0.011,0.01,0.009,0.007,0.007,0.007,0.006,0.008,0.009,0.011,0.009,0.01,0.01,0.012,0.009,0.009,0.008,0.007,0.007,0.006,0.005,0.006,0.008,0.007,0.007
ENN,24/07/2026,0.086,0.089,0.086,0.086,89367,0.82,0.82,0.82,0.82,0.82,0.82,0.82,0.82,0.82,0.82,0.82,0.82,0.82,0.82,0.82,0.82,0.82,0.82,0.82,0.82,0.82,0.82,0.82,0.82,0.82,0.82,0.82,0.82,0.82,0.82,0.82,0.82,0.82,0.82,0.82,0.82,0.82,0,0.82,0.82,0.82,0.82,0.82,0.82,0.82,0.82,0.057,0.065,0.06,0.098,0.098,0.099,0.086
ENP,24/07/2026,0.036,0.037,0.0355,0.037,333664,0,0,0,0,0,0,0,0,0,0,0,0,0,0,0,0,0,0.035,0.035,0.033,0.034,0.034,0.031,0.032,0.033,0.037,0.0345,0.031,0.031,0.032,0.035,0.034,0.033,0.034,0.032,0.03,0.03,0.03,0.028,0.033,0.037,0.0365,0.039,0.037,0.033,0.033,0.031,0.03,0.032,0.032,0.035,0.036,0.037
ENPO,24/07/2026,0.01,0.01,0.01,0.01,0,0,0,0,0,0,0,0,0,0,0,0,0,0,0,0,0,0,0,0,0,0,0,0,0,0,0,0,0,0,0,0,0,0,0,0,0,0,0,0,0,0,0,0,0,0,0,0,0,0,0,0,0.01,0.01
ENR,24/07/2026,0.235,0.235,0.23,0.23,429195,0.28,0.26,0.33,0.33,0.33,0.355,0.35,0.335,0.34,0.36,0.465,0.55,0.495,0.515,0.495,0.425,0.43,0.4,0.42,0.415,0.415,0.375,0.38,0.4,0.405,0.43,0.425,0.38,0.37,0.345,0.365,0.36,0.35,0.29,0.28,0.245,0.25,0.27,0.275,0.275,0.32,0.315,0.285,0.245,0.31,0.24,0.25,0.27,0.26,0.29,0.25,0.24,0.23
ENT,24/07/2026,0.003,0.003,0.002,0.002,53431,0.003,0.003,0.003,0.003,0.005,0.007,0.006,0.006,0.007,0.007,0.008,0.008,0.006,0.0055,0.006,0.004,0.005,0.004,0.005,0.006,0.005,0.004,0.004,0.0045,0.004,0.004,0.0045,0.004,0.004,0.005,0.005,0.004,0.004,0.004,0.004,0.0045,0.004,0,0.0045,0.004,0.004,0.004,0.004,0.003,0.003,0.0025,0.003,0.003,0.003,0.003,0.0035,0.0035,0.002
ENV,24/07/2026,0.002,0.002,0.002,0.002,81748,0.006,0.007,0.007,0.0065,0.007,0.007,0.006,0.0065,0.007,0.008,0.009,0.01,0.01,0.0085,0.008,0.007,0.007,0.007,0.007,0.007,0.006,0.007,0.006,0.006,0.006,0.007,0.007,0.007,0.006,0.007,0.007,0.005,0.005,0.0055,0.005,0.005,0.005,0.0045,0.005,0.005,0.005,0.004,0.0045,0.004,0.004,0.004,0.004,0.004,0.003,0.003,0.003,0.002,0.002
ENVO,24/07/2026,0.001,0.001,0.001,0.001,0,0.003,0.003,0.003,0.003,0.003,0.003,0.003,0.003,0.003,0.003,0.004,0.004,0.003,0.003,0.003,0.003,0.002,0.003,0.003,0.003,0.002,0.002,0,0.002,0.003,0.002,0.002,0.0015,0.002,0.002,0.002,0.002,0.002,0.002,0.002,0.002,0,0,0.002,0.002,0.002,0.002,0.002,0.002,0.002,0.001,0.001,0.001,0.001,0.001,0,0.001,0.001
EOL,24/07/2026,10.84,10.89,10.495,10.54,25998,12.99,13.25,13.05,14.2,14.1,14.14,15.45,16.05,17.95,18.4,18.36,19.62,18.1,19.33,19.11,18.07,17.59,16.01,17.66,17.84,17.58,17.08,17.07,17.17,17,17.42,16.75,16.65,13.07,14.11,13.88,15.44,14.49,13.68,13.53,12.99,12.64,13.37,14.49,14.24,14.43,13.87,14.05,12.25,12.72,12.79,12.5,12.21,11.76,12.29,12.13,11.08,10.54
EOS,24/07/2026,7.07,7.27,6.78,6.87,2194056,3.16,3.03,4.92,5.96,4.92,5.8,7.46,7.67,7.2,8.35,8.75,8.12,5.39,5.64,6.21,5.06,4.78,4.58,4.55,4.46,5.01,8.49,9.25,9.95,9.8,9.86,10.35,8.68,6,5.86,7.32,8.98,9.91,11.74,9.9,8.46,9,9.28,10.31,10.01,9.3,8.94,8.82,8.88,11.13,10.97,9.33,10.66,9.44,10.15,8.41,7.03,6.87
EPI,24/07/2026,0.3,0.3,0.3,0.3,0,0,0,0,0,0,0,0,0,0,0,0,0,0,0,0,0,0,0,0,1.005,1.15,1.04,1.03,1.03,0.935,0.92,0.92,0.81,0.77,0.84,0.9,0.85,0.815,0.7,0.63,0.64,0.6175,0.6,0.49,0.6,0.555,0.435,0.43,0.39,0.395,0.38,0.37,0.335,0.32,0.36,0.345,0.34,0.3
EPM,24/07/2026,0.014,0.014,0.014,0.014,925000,0.02,0.019,0.022,0.033,0.0295,0.03,0.029,0.026,0.031,0.029,0.031,0.032,0.033,0.029,0.023,0.02,0.019,0.02,0.023,0.022,0.021,0.02,0.022,0.023,0.032,0.027,0.028,0.024,0.021,0.022,0.021,0.021,0.018,0.02,0.0175,0.02,0.018,0.0185,0.019,0.016,0.018,0.016,0.015,0.015,0.0135,0.0135,0.014,0.014,0.015,0.016,0.015,0.014,0.014
EPMO,24/07/2026,0.01,0.01,0.01,0.01,0,0,0,0,0,0,0,0,0,0,0,0,0,0,0,0,0,0,0,0,0.007,0.005,0.005,0,0.009,0.023,0.018,0.02,0.017,0.016,0.016,0.016,0.019,0.016,0.016,0.019,0.013,0,0,0.01,0.011,0.011,0.008,0.009,0.007,0.005,0.005,0.007,0.01,0.01,0.008,0,0.008,0.01
EPN,24/07/2026,0.023,0.024,0.023,0.024,3095,0.024,0.024,0.024,0.024,0.024,0.024,0.024,0.024,0.024,0.024,0.024,0.024,0.024,0.024,0.024,0.024,0.024,0.024,0.024,0.024,0.024,0.035,0.034,0.032,0.031,0.033,0.032,0.032,0.032,0.03,0.028,0.026,0.026,0.025,0.023,0.021,0.022,0.021,0.02,0.02,0.02,0.02,0.023,0.023,0.024,0.023,0.023,0.022,0.022,0.022,0.022,0.022,0.024
EPX,24/07/2026,0.155,0.155,0.155,0.155,0,0.028,0.027,0.032,0.028,0.03,0.034,0.034,0.036,0.039,0.042,0.039,0.035,0.034,0.033,0.035,0.033,0.03,0.026,0.027,0,0.21,0.28,0.28,0.28,0.26,0.26,0.255,0.25,0.24,0.24,0.255,0.25,0.245,0.225,0.2,0.2,0.195,0,0.28,0.23,0.22,0.23,0.22,0.21,0.2,0.2,0.19,0.15,0.17,0.17,0.165,0.165,0.155
EPY,24/07/2026,0.115,0.115,0.115,0.115,2029,0.2,0.205,0.205,0.2,0.205,0.21,0.2125,0.205,0.21,0.2125,0.2125,0.215,0.21,0.21,0.21,0.21,0.21,0.21,0.215,0.21,0.21,0.205,0.195,0.19,0.185,0.18,0.1775,0.185,0.175,0.1775,0.17,0.16,0.16,0.16,0.16,0.15,0.155,0.16,0.16,0.15,0.15,0.15,0.14,0.125,0.125,0.13,0.11,0.125,0.12,0.13,0.125,0.13,0.115
EQIN,24/07/2026,3.83,3.83,3.83,3.83,7830,0,0,0,0,0,0,4.01,4,3.98,3.95,3.98,3.97,3.98,3.99,3.95,3.93,3.92,3.86,3.91,3.87,3.91,3.9,3.92,3.86,3.87,3.9,3.87,3.91,3.92,3.87,3.95,3.94,3.91,3.8,3.78,3.82,3.77,3.86,3.83,3.82,3.81,3.76,3.76,3.73,3.74,3.73,3.73,3.83,3.86,3.84,3.81,3.84,3.83
EQR,24/07/2026,0.265,0.275,0.255,0.26,20940284,0.038,0.036,0.035,0.036,0.037,0.041,0.035,0.032,0.028,0.029,0.03,0.041,0.047,0.05,0.04,0.042,0.052,0.046,0.064,0.062,0.067,0.077,0.081,0.083,0.094,0.105,0.155,0.185,0.18,0.205,0.225,0.28,0.345,0.365,0.29,0.315,0.315,0.34,0.32,0.275,0.255,0.26,0.245,0.24,0.23,0.23,0.235,0.27,0.275,0.3,0.275,0.22,0.26
EQT,24/07/2026,18,18,17.24,17.35,24664,32.38,32.23,32.2,29.9,31.99,29.44,27.3,27.11,26.58,24.1,23.37,23.13,21.24,22.55,25.09,24.17,23.37,23.25,26.15,25,25.16,24.41,23.67,23.81,24.58,25.55,24.78,24.55,22.88,21.85,22.44,21.86,20.43,19.37,20.37,20.11,20.01,20.33,20.59,20.22,19.52,18.46,18.68,16.23,15.83,15.7,17.83,18.77,16,17.23,17.95,18.33,17.35
EQU,24/07/2026,0.32,0.32,0.31,0.32,33829,0,0,0,0,0,0,0,0,0,0,0,0,0,0,0,0,0,0,0,0,0,0.26,0.29,0.385,0.49,0.395,0.405,0.38,0.395,0.415,0.42,0.415,0.4,0.38,0.435,0.435,0.44,0.425,0.42,0.4,0.41,0.41,0.415,0.405,0.3625,0.365,0.33,0.32,0.33,0.31,0.33,0.335,0.32
EQX,24/07/2026,0.16,0.16,0.16,0.16,0,0.17,0.15,0.17,0.185,0.18,0.19,0.19,0.23,0.22,0.22,0.2,0.195,0.205,0.21,0.23,0.215,0.2,0.22,0.22,0.205,0.19,0.19,0.19,0.17,0.19,0.185,0.195,0.15,0.19,0.2,0.21,0.21,0.195,0.2,0.2,0.185,0.19,0.18,0.19,0.18,0.16,0.15,0.15,0.165,0.17,0.15,0.16,0.155,0.14,0.175,0.155,0.16,0.16
ERA,24/07/2026,0.002,0.002,0.002,0.002,0,0.0025,0.0025,0.002,0.002,0.002,0.002,0.002,0.0025,0.0025,0.0025,0.002,0.0025,0.002,0.0025,0.0025,0.003,0.002,0.003,0.002,0.003,0.0025,0.0025,0.0025,0.003,0.003,0.003,0.003,0.004,0.0035,0.0035,0.0035,0.003,0.0035,0.0035,0.003,0.003,0.0035,0.004,0.0035,0.0035,0.004,0.004,0.003,0.0025,0.0025,0.0025,0.002,0.002,0.002,0.002,0.002,0.002,0.002
ERD,24/07/2026,0.82,0.82,0.82,0.82,240014,1.27,1.42,1.77,2.11,2.2,2.22,2.29,2.36,2.55,2.22,2.22,2.4,1.7,1.835,1.7,1.37,1.28,1.235,1.305,1.115,1.01,1.05,1.045,1.125,1.045,1.13,1.135,1.01,0.895,0.775,0.75,0.75,0.72,0.72,0.685,0.71,0.74,0.745,0.85,0.77,0.795,0.85,0.8,0.815,0.865,0.875,0.87,0.82,0.82,0.86,0.845,0.8,0.82
ERE,24/07/2026,0.015,0.015,0.015,0.015,400000,0,0,0,0,0,0,0,0,0,0,0,0,0,0,0,0,0,0,0,0,0,0,0.013,0.016,0.014,0.016,0.013,0.012,0.014,0.017,0.017,0.03,0.023,0.022,0.019,0.017,0.018,0.019,0.018,0.016,0.013,0.014,0.012,0.011,0.011,0.011,0.009,0.009,0.007,0.01,0.012,0.015,0.015
EREO,24/07/2026,0.003,0.003,0.003,0.003,0,0,0,0,0,0,0,0,0,0,0,0,0,0,0,0,0,0,0,0,0,0,0,0,0.005,0.005,0.005,0.005,0.005,0.005,0.005,0.006,0.008,0.007,0.007,0.004,0.004,0,0,0.005,0.005,0.004,0.004,0.002,0.003,0.002,0.002,0.002,0.002,0.002,0.002,0,0.002,0.003
ERG,24/07/2026,0.016,0.016,0.016,0.016,0,0.012,0.014,0.014,0.014,0.013,0.013,0.015,0.015,0.014,0.014,0.016,0.014,0.014,0.016,0.016,0.015,0.014,0.016,0.016,0.015,0.015,0.015,0.015,0.015,0.017,0.016,0.016,0.016,0.016,0.017,0.016,0.016,0.016,0.016,0.016,0.022,0.014,0.015,0.015,0.013,0.013,0.013,0.013,0.013,0.015,0.015,0.015,0.015,0.015,0.015,0.015,0.015,0.016
ERL,24/07/2026,0.007,0.007,0.007,0.007,0,0.004,0.004,0.005,0.004,0.004,0.004,0.006,0.005,0.006,0.0055,0.0055,0.006,0.006,0.007,0.007,0.006,0.008,0.008,0.009,0.008,0.009,0.009,0.008,0.008,0.008,0.008,0.008,0.008,0.008,0.01,0.017,0.013,0.013,0.013,0.012,0.01,0.013,0.012,0.011,0.011,0.013,0.013,0.012,0.01,0.01,0.009,0.008,0.009,0.007,0.007,0.007,0.007,0.007
ERTH,24/07/2026,10.4,10.43,10.38,10.38,9161,9.63,9.37,9.38,9.56,9.74,9.76,9.66,9.46,9.84,9.86,10.11,10.1,10.3,10.32,10.25,10.27,10.06,9.72,10.17,10.15,10.19,10.05,10.05,9.98,10.12,10.38,10.25,10.15,10.015,10.18,10.37,10.22,10.04,9.89,9.85,10.03,9.94,10.2,10.33,10.71,10.9,10.96,11.12,11.11,11.32,11.24,10.89,11.13,11.02,10.99,10.8,10.44,10.38
ESGI,24/07/2026,36.91,36.96,36.71,36.77,7903,36.2,35.6,35.3,36.07,36.16,35.94,35.61,35.36,36.03,35.95,36.72,36.5,36.56,37.19,36.8,36.5,36.22,35.35,36.88,36.39,36.65,36.44,36.26,36.39,36.99,37.24,36.15,34.99,33.87,33.62,34.09,33.97,33.66,32.17,32.08,32.52,32.68,33.08,33.25,33.25,33.32,33.77,33.95,35.06,34.43,36.39,36.63,37.01,37.75,37.88,37.61,37.23,36.77
ESK,24/07/2026,0.52,0.52,0.52,0.52,17067,0.48,0.45,0.475,0.49,0.565,0.5225,0.46,0.405,0.375,0.36,0.405,0.5,0.65,0.6,0.635,0.72,0.72,0.645,0.57,0.6,0.58,0.575,0.55,0.56,0.615,0.595,0.57,0.565,0.535,0.56,0.555,0.57,0.505,0.555,0.56,0.585,0.65,0.64,0.63,0.585,0.605,0.53,0.55,0.525,0.51,0.5,0.5,0.51,0.54,0.53,0.53,0.53,0.52
ESPO,24/07/2026,13.55,13.55,13.4,13.5,4459,19.52,19.85,20.5,21.06,20.77,20.98,20.82,21.45,21.88,21.62,22.14,21.55,21.21,21.45,20.88,20.71,20.31,19.86,20.12,19.81,19.38,19.07,18.79,19,18.72,19.17,18.5,18.05,16.2,15.8,15.91,16.11,15.82,15.87,15.5,15.62,15.56,15.33,16,15.58,15.3,15.21,14.97,15.26,14.95,15.25,15.12,15.14,14.9,14.17,14.14,13.85,13.5
ESR,24/07/2026,0.026,0.027,0.025,0.025,668974,0.035,0.039,0.042,0.038,0.035,0.035,0.028,0.031,0.035,0.037,0.034,0.034,0.032,0.03,0.029,0.0305,0.033,0.033,0.03,0.03,0.029,0.03,0.031,0.031,0.035,0.038,0.037,0.037,0.029,0.034,0.032,0.03,0.031,0.027,0.033,0.0295,0.03,0.03,0.03,0.029,0.033,0.033,0.036,0.03,0.028,0.029,0.026,0.022,0.024,0.024,0.0245,0.027,0.025
ESROB,24/07/2026,0.006,0.008,0.006,0.008,520804,0.023,0.022,0.022,0.02,0.016,0.017,0.016,0.015,0.016,0.02,0.019,0.014,0.015,0.016,0.015,0.015,0.015,0.019,0.018,0.016,0.016,0.016,0,0.016,0.018,0.021,0.021,0.02,0.018,0.018,0.018,0.018,0.016,0.016,0.018,0.018,0,0,0.016,0.017,0.017,0.017,0.018,0.018,0.017,0.017,0.014,0.006,0.01,0.01,0,0.009,0.008
ESTX,24/07/2026,107.1,107.1,105.42,105.42,27536,105.24,103.45,104.87,107.88,108.37,105.73,105.6,104.6,107.06,107.19,110.67,109.26,111.66,111.84,110.72,109.93,112.43,108.26,110.49,111.32,112.2,112.06,111.44,111.59,113.49,115,112.3,111.12,110.27,111.02,111.67,112.55,105.81,102.99,101.07,102.87,103.82,107.83,107.44,106.49,106.8,107.05,105.78,109.1,110,110.52,112.84,114.39,114.37,110.34,107.9,106.28,105.42
ETHI,24/07/2026,16.78,16.78,16.67,16.68,109982,15.81,15.83,15.75,16.17,16.21,16.19,16.27,16.25,16.4,16.37,16.57,16.58,16.55,16.83,16.8,16.57,16.5,16.19,16.59,16.5,16.68,16.5,16.47,16.43,16.53,16.52,16.06,15.59,15.28,15.27,15.4,15.21,15.29,14.74,14.48,14.73,14.67,14.98,15.27,15.44,15.32,15.35,15.66,15.85,15.99,16.19,16.36,16.61,16.81,17.03,16.96,16.83,16.68
ETM,24/07/2026,0.052,0.052,0.05,0.05,215436,0.049,0.044,0.055,0.095,0.088,0.084,0.068,0.065,0.065,0.073,0.072,0.08,0.094,0.095,0.08,0.073,0.087,0.077,0.076,0.08,0.08,0.076,0.079,0.095,0.195,0.155,0.19,0.135,0.11,0.1,0.105,0.1,0.095,0.095,0.086,0.093,0.054,0.058,0.069,0.067,0.068,0.067,0.064,0.064,0.064,0.059,0.064,0.059,0.052,0.043,0.045,0.043,0.05
ETMO,24/07/2026,0.003,0.003,0.003,0.003,0,0.006,0.006,0.004,0.013,0.013,0.011,0.009,0.009,0.009,0.01,0.009,0.017,0.028,0.028,0.014,0.011,0.014,0.014,0.014,0.014,0.014,0.014,0,0.018,0.07,0.057,0.075,0.031,0.035,0.035,0.028,0.023,0.024,0.028,0.028,0.017,0,0,0.009,0.009,0.009,0.007,0.009,0.006,0.006,0.006,0.006,0.006,0.003,0.003,0,0.003,0.003
ETPMAG,24/07/2026,75.87,76.06,75.03,75.45,71154,54.69,52.64,54.15,53.94,54.62,54.87,57.68,58.34,59.02,63.17,65.97,69.55,77.48,69.01,68.7,68.93,74.8,71.05,76.76,80.29,87.7,91.17,98.59,101.04,105.37,124.57,132.52,146.1,96.1,100.39,102.3,115.47,110.11,109.78,95.48,92.79,96.04,98.62,101.11,96.81,94.27,102.5,99.93,98.08,96.8,93.14,87.05,84.2,75.2,82.44,79.67,73.16,75.45
ETPMPD,24/07/2026,164.73,164.73,162.77,162.77,65,173.62,172.93,163.09,162.88,162.18,158.1,169.66,171.01,166.4,180.5,176,197.78,235,203.08,205.36,200,205.12,196,200,205.61,209,236.31,261.67,225.44,246.93,241.94,255.99,253.97,217.11,216.35,220.62,234.9,217.5,212.95,191.82,185.97,193.64,203.4,200.33,190.1,194.99,192.47,181,176.94,176.5,167.83,168.42,164.52,156.24,170.01,168,163.78,162.77
ETPMPM,24/07/2026,367.5,367.5,357.2,357.2,512,310.75,306.72,312.43,310.04,311.8,312.13,326.26,329,330.82,347.5,356.72,371.39,416.94,382.33,376.37,376.43,392.96,379.91,394.68,398.5,408.5,428.74,454.17,439.16,455.44,488.11,517,537.61,443,453.79,457.88,489.32,476.73,470.53,428.84,414.16,432.45,438.8,439.63,425.17,418,432.62,422.96,414,410,403.31,382.9,376.56,361.13,380.23,372.66,355.89,357.2
ETPMPT,24/07/2026,210.75,211.6,207.09,208.22,753,196.7,185.63,190.56,192.71,193.19,190.46,196,194.31,194.17,218.25,218.75,225,244.21,230.4,227.52,220.26,225.25,215.98,236.5,230.19,235.15,268.36,324.59,289.88,308.81,322.99,356.09,331.47,261,263.65,270,306.64,282.88,279,261.68,251.25,255.99,269.03,268.5,256.87,252.93,263.14,257.92,251.71,245.81,243.28,225.72,217.79,209.7,219.66,216,209.6,208.22
EUR,24/07/2026,0.28,0.285,0.275,0.275,4157953,0.088,0.078,0.081,0.098,0.098,0.097,0.092,0.09,0.096,0.091,0.11,0.225,0.465,0.255,0.26,0.195,0.19,0.155,0.175,0.2,0.16,0.165,0.165,0.155,0.235,0.27,0.305,0.235,0.21,0.23,0.225,0.27,0.255,0.24,0.235,0.215,0.225,0.23,0.245,0.285,0.43,0.455,0.415,0.435,0.485,0.445,0.415,0.42,0.38,0.4,0.355,0.285,0.275
EUROC,24/07/2026,0.19,0.19,0.19,0.19,27000,0.025,0.018,0.02,0.024,0.027,0.033,0.03,0.028,0.03,0.028,0.035,0.13,0.315,0.14,0.165,0.115,0.098,0.073,0.09,0.125,0.105,0.083,0,0.084,0.14,0.17,0.2,0.14,0.12,0.135,0.135,0.17,0.155,0.135,0.145,0.12,0,0,0.15,0.185,0.33,0.355,0.305,0.34,0.385,0.345,0.315,0.33,0.3,0.3,0,0.205,0.19
EV1,24/07/2026,0.011,0.011,0.01,0.011,4250969,0.014,0.013,0.012,0.017,0.012,0.012,0.013,0.012,0.013,0.017,0.018,0.016,0.015,0.014,0.014,0.012,0.012,0.011,0.011,0.011,0.011,0.011,0.0115,0.01,0.01,0.012,0.02,0.022,0.017,0.018,0.016,0.014,0.014,0.013,0.013,0.011,0.01,0.012,0.012,0.012,0.011,0.01,0.011,0.01,0.01,0.008,0.008,0.009,0.01,0.011,0.009,0.008,0.011
EV1O,24/07/2026,0.004,0.004,0.004,0.004,0,0,0,0,0,0,0,0,0,0.006,0.01,0.009,0.011,0.011,0.008,0.008,0.006,0.004,0.004,0.005,0.005,0.005,0.005,0,0.005,0.005,0.005,0.007,0.009,0.008,0.005,0.005,0.005,0.005,0.004,0.004,0.004,0,0,0.003,0.003,0.003,0.003,0.003,0.003,0.002,0.002,0.003,0.003,0.003,0.003,0,0.004,0.004
EV8,24/07/2026,0.46,0.46,0.45,0.45,34387,0,0,0,0,0,0,0,0,0,0.44,0.35,0.365,0.365,0.34,0.35,0.36,0.36,0.405,0.39,0.375,0.36,0.37,0.37,0.405,0.42,0.405,0.4,0.41,0.45,0.455,0.42,0.42,0.45,0.435,0.435,0.435,0.44,0,0.455,0.43,0.4,0.405,0.4,0.4,0.38,0.395,0.41,0.43,0.5,0.49,0.46,0.465,0.45
EVE,24/07/2026,0.017,0.017,0.017,0.017,0,0.036,0.035,0.033,0.032,0.03,0.032,0.027,0.026,0.029,0.031,0.035,0.034,0.03,0.027,0.029,0.025,0.028,0.024,0.025,0.025,0.024,0.023,0.023,0.02,0.023,0.021,0.021,0.021,0.02,0.02,0.02,0.02,0.02,0.021,0.019,0.022,0.023,0.025,0.031,0.031,0.029,0.029,0.027,0.025,0.023,0.024,0.022,0.022,0.02,0.019,0.017,0.017,0.017
EVG,24/07/2026,0.024,0.024,0.023,0.023,4996967,0.031,0.033,0.03,0.034,0.0325,0.031,0.032,0.032,0.029,0.031,0.026,0.025,0.022,0.038,0.033,0.031,0.03,0.031,0.028,0.033,0.03,0.03,0.032,0.0305,0.031,0.032,0.03,0.027,0.028,0.028,0.028,0.027,0.03,0.029,0.025,0.025,0.028,0.024,0.026,0.03,0.034,0.037,0.048,0.055,0.05,0.039,0.036,0.037,0.03,0.034,0.034,0.026,0.023
EVN,24/07/2026,11.3,11.36,11.06,11.29,7176685,7.3,7.05,7.66,8.01,8.11,8.66,9.06,9.9,9.5,10.28,10.98,10.93,11.67,10.5,10.86,10.66,11.57,10.89,11.88,12,12.76,12.62,12.94,12.68,12.82,13.12,14.86,14.71,14.34,15.44,15.05,16.58,14.79,13.51,12.41,12.46,13.02,13.55,13.58,12.76,12.15,13.05,12.5,12.17,12.14,11.73,11.75,12.54,12.23,12.82,11.63,10.53,11.29
EVO,24/07/2026,0.415,0.42,0.41,0.42,493812,0.68,0.68,0.695,0.72,0.7,0.66,0.68,0.69,0.7,0.6825,0.68,0.655,0.635,0.645,0.66,0.655,0.64,0.66,0.66,0.63,0.635,0.62,0.615,0.65,0.66,0.64,0.625,0.61,0.6,0.58,0.55,0.55,0.505,0.465,0.42,0.425,0.41,0.41,0.4,0.425,0.43,0.4,0.405,0.445,0.41,0.41,0.4,0.385,0.4,0.43,0.42,0.415,0.42
EVR,24/07/2026,0.005,0.005,0.0045,0.005,1451055,0.009,0.01,0.009,0.011,0.01,0.011,0.01,0.014,0.012,0.014,0.0125,0.012,0.012,0.011,0.011,0.009,0.01,0.009,0.009,0.009,0.009,0.008,0.008,0.0085,0.008,0.008,0.009,0.009,0.007,0.008,0.009,0.01,0.009,0.0085,0.008,0.009,0.008,0.009,0.009,0.009,0.01,0.011,0.009,0.008,0.0075,0.0075,0.007,0.007,0.006,0.006,0.006,0.005,0.005
EVROA,24/07/2026,0.001,0.001,0.001,0.001,0,0.001,0.0015,0.0015,0.001,0.002,0.001,0.002,0.005,0.003,0.005,0.004,0.004,0.004,0.003,0.003,0.003,0.003,0.002,0.002,0.001,0.002,0.001,0,0.002,0.002,0.002,0.002,0.002,0.001,0.001,0.002,0.0015,0.0015,0.001,0.001,0.002,0,0,0.002,0.002,0.002,0.002,0.001,0.001,0.001,0.001,0.001,0.001,0.001,0.001,0,0.001,0.001
EVT,24/07/2026,12.15,12.15,11.92,12.06,86109,15.95,17,17.06,17.5,17.14,14.04,14.06,13.79,13.32,13.08,13.48,13.23,12.88,14.22,14.49,14.66,14.1,13.66,13.76,14.21,13.8,13.42,12.96,12.57,12.56,12.81,12.57,12.55,12.54,12.57,13.22,13.3,12.69,12.32,12.66,12.77,13.19,13.59,13.57,12.79,12.08,11.67,11.99,11.97,12.57,12,12.5,12.97,12.93,12.73,12.47,12.44,12.06
EVZ,24/07/2026,0.5575,0.5575,0.52,0.55,72372,0.16,0.165,0.16,0.17,0.17,0.17,0.17,0.17,0.175,0.175,0.18,0.2,0.195,0.2,0.22,0.2,0.225,0.22,0.23,0.225,0.225,0.23,0.225,0.225,0.23,0.23,0.225,0.26,0.26,0.27,0.3,0.295,0.28,0.305,0.305,0.305,0.29,0.31,0.32,0.345,0.44,0.53,0.55,0.54,0.645,0.735,0.64,0.695,0.635,0.61,0.52,0.56,0.55
EWC,24/07/2026,0.058,0.058,0.056,0.057,698937,0.055,0.05,0.059,0.057,0.061,0.064,0.061,0.057,0.06,0.058,0.059,0.057,0.057,0.058,0.057,0.06,0.061,0.057,0.058,0.048,0.046,0.051,0.047,0.054,0.046,0.041,0.0375,0.041,0.0325,0.033,0.033,0.035,0.035,0.039,0.038,0.037,0.031,0,0.031,0.045,0.039,0.043,0.043,0.041,0.036,0.058,0.059,0.057,0.055,0.061,0.057,0.056,0.057
EX20,24/07/2026,21.6,21.6,21.36,21.42,32596,23.05,22.8,23.53,23.83,23.96,23.85,23.93,24.02,23.96,24.06,24.46,24.71,24.69,24.57,24.21,23.61,23.67,23,24,23.69,23.71,23.62,23.99,23.59,23.85,24.32,24.51,24.06,22.77,22.84,23.2,23.7,22.83,21.85,20.99,21.27,21.55,22.49,22.75,22.31,22.2,22.16,21.92,21.61,22.18,22.1,22.41,22.61,22.29,22.26,21.9,21.61,21.42
EXL,24/07/2026,0.007,0.007,0.007,0.007,100000,0.02,0.02,0.016,0.017,0.017,0.018,0.017,0.017,0.013,0.012,0.0135,0.014,0.014,0.013,0.012,0.012,0.012,0.01,0.01,0.011,0.01,0.009,0.009,0.009,0.0115,0.012,0.01,0.011,0.01,0.01,0.01,0.009,0.01,0.008,0.008,0.007,0.007,0.007,0.007,0.008,0.007,0.007,0.015,0.007,0.008,0.008,0.008,0.007,0.006,0.0065,0.006,0.006,0.007
EXLO,24/07/2026,0.001,0.001,0.001,0.001,0,0.001,0.001,0.001,0.001,0.002,0.002,0.002,0.001,0.001,0.001,0.001,0.001,0.001,0.001,0.001,0.001,0.001,0.001,0.001,0.001,0.001,0.001,0,0.001,0.001,0.001,0.001,0.001,0.001,0.001,0.001,0.001,0.001,0.001,0.001,0.001,0,0,0.001,0.001,0.001,0.001,0.001,0.001,0.001,0.001,0.001,0.001,0.001,0.001,0,0.001,0.001
EXLOA,24/07/2026,0.001,0.001,0.001,0.001,0,0,0,0,0,0,0,0,0,0,0,0,0,0,0,0,0,0,0,0,0,0,0.002,0,0.001,0.001,0.002,0.002,0.002,0.001,0.001,0.002,0.001,0.001,0.001,0.001,0.001,0,0,0.001,0.001,0.001,0.001,0.002,0.001,0.002,0.002,0.001,0.001,0.001,0.001,0,0.001,0.001
EXP,24/07/2026,0.098,0.098,0.098,0.098,0,0.12,0.125,0.115,0.12,0.12,0.15,0.155,0.165,0.16,0.15,0.155,0.15,0.145,0.15,0.15,0.145,0.14,0.12,0.135,0.115,0.12,0.12,0.13,0.13,0.125,0.125,0.12,0.12,0.11,0.105,0.105,0.098,0.1,0.094,0.091,0.1,0.092,0.098,0.083,0.081,0.093,0.09,0.091,0.088,0.088,0.08,0.083,0.079,0.075,0.077,0.081,0.098,0.098
EXR,24/07/2026,0.105,0.105,0.096,0.096,2622927,0.033,0.033,0.033,0.032,0.034,0.04,0.04,0.044,0.042,0.05,0.046,0.047,0.043,0.043,0.042,0.041,0.042,0.042,0.063,0.068,0.061,0.064,0.068,0.077,0.075,0.081,0.084,0.081,0.076,0.085,0.093,0.085,0.083,0.084,0.088,0.096,0.105,0.155,0.145,0.15,0.145,0.135,0.135,0.135,0.11,0.11,0.115,0.115,0.12,0.115,0.13,0.093,0.096
EXROB,24/07/2026,0.024,0.024,0.024,0.024,0,0.004,0.004,0.004,0.004,0.004,0.005,0.006,0.008,0.006,0.006,0.007,0.009,0.007,0.007,0.006,0.006,0.007,0.006,0.013,0.013,0.014,0.013,0,0.015,0.017,0.016,0.018,0.013,0.016,0.016,0.017,0.015,0.016,0.016,0.014,0.014,0,0,0.044,0.042,0.045,0.04,0.04,0.035,0.027,0.029,0.027,0.022,0.03,0.031,0,0.016,0.024
EXT,24/07/2026,0.006,0.006,0.006,0.006,7856778,0.01,0.01,0.01,0.01,0.009,0.009,0.01,0.009,0.008,0.008,0.011,0.011,0.01,0.012,0.009,0.009,0.009,0.009,0.01,0.01,0.01,0.009,0.008,0.008,0.0075,0.008,0.008,0.009,0.009,0.009,0.009,0.009,0.009,0.007,0.007,0.008,0.007,0.008,0.008,0.007,0.007,0.0075,0.0065,0.006,0.006,0.007,0.006,0.007,0.007,0.007,0.008,0.006,0.006
EXTOD,24/07/2026,0.001,0.001,0.001,0.001,0,0.002,0.002,0.002,0.002,0.002,0.002,0.003,0.002,0.002,0.002,0.004,0.003,0.003,0.004,0.003,0.003,0.002,0.002,0.002,0.002,0.002,0.002,0,0.002,0.002,0.002,0.002,0.002,0.001,0.002,0.002,0.002,0.002,0.001,0.001,0.001,0,0,0.001,0.001,0.001,0.001,0.001,0.001,0.001,0.001,0.001,0.001,0.001,0.001,0,0.001,0.001
EXUS,24/07/2026,37.24,37.24,37,37,23495,0,0,0,0,0,0,0,0,0,0,0,0,0,0,0,0,35.71,34.76,35.54,35.47,35.73,35.89,35.89,35.93,36.47,37.08,36.24,35.98,35.96,36.48,36.72,36.9,35.47,34.47,33.89,34.65,34.98,35.7,35.75,35.52,35.56,36.26,35.535,36.42,36.66,36.65,36.87,37.38,37.67,38.03,37.65,36.99,37
EYE,24/07/2026,0.135,0.135,0.125,0.125,194371,0.15,0.145,0.145,0.145,0.145,0.15,0.145,0.1425,0.165,0.155,0.155,0.16,0.155,0.16,0.135,0.13,0.13,0.13,0.125,0.14,0.14,0.1325,0.135,0.14,0.155,0.16,0.19,0.185,0.165,0.165,0.17,0.15,0.15,0.15,0.13,0.13,0.125,0.12,0.125,0.135,0.125,0.1275,0.125,0.115,0.11,0.1175,0.12,0.11,0.105,0.105,0.115,0.12,0.125
EZL,24/07/2026,1.33,1.33,1.31,1.33,63341,1,0.915,0.9,0.91,0.94,1.005,1.02,1.005,0.965,0.96,0.975,0.97,1.025,1.015,1.01,1.005,1.005,0.98,1.03,1.05,1.05,1.08,1.09,1.19,1.24,1.25,1.3,1.24,1.16,1.25,1.255,1.44,1.39,1.225,1.17,1.245,1.23,1.205,1.24,1.18,1.14,1.105,1.115,1.11,1.145,1.285,1.26,1.265,1.26,1.36,1.36,1.335,1.33
EZZ,24/07/2026,0.515,0.515,0.505,0.515,4807,2.14,2.03,2.15,2.39,2.59,2.35,2.2,2.25,2.18,2.19,2.48,2.6,2.66,3.2,2.25,2.42,2.44,2.4,1.7,1.52,1.495,1.445,1.39,1.4475,2.04,1.79,1.85,1.77,1.53,1.6,1.525,1.54,1.085,1.02,0.86,0.88,0.81,0,0.8,0.755,0.64,0.625,0.63,0.59,0.6325,0.56,0.54,0.51,0.38,0.445,0.45,0.49,0.515
F100,24/07/2026,15.17,15.17,15.05,15.05,16664,14.05,13.97,14.08,14.47,14.64,14.35,14.35,14.28,14.28,14.21,14.5,14.5,14.66,14.82,14.76,14.82,14.84,14.48,14.84,14.8,14.79,15.01,15.07,14.99,15.1,15.3,14.97,14.97,14.97,15,15.26,15.47,14.9,14.63,14.33,14.58,14.92,15.18,15.08,14.81,14.82,14.52,14.49,14.97,14.83,14.82,14.99,14.84,15.23,15.27,15.08,15.11,15.05
FAIR,24/07/2026,18.35,18.35,18.16,18.23,9550,21.96,22.03,22.23,22.53,22.67,22.49,22.22,22.16,22.13,21.69,22.21,22.09,21.84,22.05,21.57,21.14,20.82,20.5,21.05,20.56,20.44,20.3,20.47,20.16,20.19,20.28,20.03,19.73,19.01,18.39,18.82,19.15,18.74,18.13,17.83,17.97,17.93,18.42,18.88,18.56,18.48,18.24,18.1,18.03,18.06,18.09,18.83,18.82,18.84,18.78,18.65,18.56,18.23
FAL,24/07/2026,0.45,0.45,0.385,0.4,250313,0.48,0.5,0.63,0.8,0.77,1.095,0.875,0.885,0.85,0.795,0.83,0.74,0.76,0.69,0.68,0.615,0.585,0.55,0.645,0.535,0.48,0.53,0.58,0.59,0.67,0.68,0.82,0.85,0.715,0.81,0.74,0.76,0.675,0.61,0.505,0.485,0.485,0.52,0.525,0.5,0.485,0.505,0.6,0.525,0.52,0.51,0.495,0.465,0.365,0.45,0.41,0.375,0.4
FANG,24/07/2026,33.31,33.75,33.03,33.11,180999,33.79,34.57,34.17,34.96,34.2,34.86,35.29,35.2,36.29,36.02,36.16,36.73,36.1,36.95,38.58,37.21,36.59,35.88,37.16,36.78,36.29,34.94,35.07,34.92,34.36,34.12,32.78,32.09,29.85,29.44,30.01,29.84,31.34,30.72,30,29.36,29.32,30.85,32.37,32.91,33.2,34.45,35.23,35.7,37.03,36.47,35.35,36.51,34.5,34.1,34.43,33.57,33.11
FAR,24/07/2026,0.29,0.295,0.29,0.295,20102,0.39,0.415,0.39,0.39,0.39,0.46,0.405,0.4,0.445,0.435,0.42,0.445,0.42,0.41,0.405,0.41,0.41,0.42,0.42,0.42,0.415,0.415,0.415,0.415,0.42,0.435,0.45,0.47,0.47,0.465,0.5,0.49,0.545,0.56,0.6,0.62,0.605,0.615,0.595,0.595,0.62,0.6175,0.605,0.615,0.625,0.275,0.285,0.285,0.285,0.28,0.28,0.285,0.295
FASI,24/07/2026,11.11,11.11,10.94,10.94,5659,11.14,11.23,11.24,11.52,11.75,11.52,11.61,11.79,12.09,12.01,12.33,12.38,12.37,12.51,12.42,12.38,12.39,12.11,12.13,12.02,11.83,11.77,11.76,11.92,11.99,12.12,11.88,11.84,11.67,11.76,11.93,12.1,11.55,11.22,10.99,10.94,10.98,11.38,11.27,11.31,11.32,11.75,11.59,11.68,11.82,11.67,11.78,12.39,12.17,11.64,11.7,10.86,10.94
FAU,24/07/2026,0.007,0.007,0.007,0.007,0,0.005,0.005,0.005,0.0055,0.005,0.005,0.006,0.008,0.0085,0.008,0.009,0.009,0.009,0.009,0.009,0.007,0.007,0.007,0.007,0.007,0.008,0.007,0.008,0.007,0.007,0.008,0.011,0.011,0.016,0.017,0.016,0.016,0.016,0.016,0.013,0.013,0.013,0.011,0.012,0.01,0.01,0.009,0.0095,0.008,0.009,0.008,0.007,0.008,0.007,0.008,0.008,0.007,0.007
FBRDD,24/07/2026,0.115,0.135,0.115,0.125,328219,0,0,0,0,0,0,0,0,0,0,0,0,0,0,0,0,0,0,0,0,0,0,0,0,0,0,0,0,0,0,0,0,0,0,0,0,0,0,0,0,0,0,0,0,0,0,0,0,0,0,0,0.14,0.125
FBU,24/07/2026,3.2,3.2,3.08,3.12,673608,2.7,2.76,2.74,2.84,2.78,2.88,2.9,2.72,2.79,2.84,3.07,2.9,2.78,2.85,2.86,3.04,2.97,2.91,2.93,3.21,3.22,3.15,3.13,3.15,3.22,3.36,3.36,3.25,3.03,3.09,2.98,2.95,2.91,2.82,2.71,2.6,2.36,2.51,2.36,2.3,2.39,2.35,2.48,2.51,2.62,2.58,2.61,2.66,2.76,2.76,2.96,3.16,3.12
FCAP,24/07/2026,11.69,11.69,11.65,11.65,216,11.75,11.795,11.74,11.93,11.96,11.92,11.92,11.905,12,11.83,11.92,11.72,11.81,11.95,11.84,11.82,11.84,11.56,11.86,11.77,11.8,11.68,11.71,11.6,11.89,12.03,11.73,11.36,11,10.75,11.04,11.06,10.86,10.34,10.36,10.57,10.63,10.99,11.21,11.45,11.49,11.48,11.55,11.62,11.75,11.96,12.09,12.23,12.2,11.92,11.89,11.64,11.65
FCG,24/07/2026,0.037,0.037,0.037,0.037,0,0.037,0.037,0.037,0.037,0.037,0.037,0.037,0.037,0.037,0.037,0.037,0.037,0.037,0.037,0.037,0.037,0.037,0.037,0.037,0.037,0.037,0.037,0.037,0.037,0.037,0.037,0.037,0.037,0.037,0.037,0.037,0.037,0.037,0.037,0.037,0.037,0.037,0,0.037,0.037,0.037,0.037,0.037,0.037,0.037,0.037,0.037,0.037,0.037,0.037,0.037,0.037,0.037
FCL,24/07/2026,1.845,1.845,1.6,1.805,372009,2.68,2.7,2.62,3.05,2.95,3,3.13,2.88,3.03,2.81,3.08,3.12,3.2,2.88,2.9,2.7,3.2,2.83,3.05,2.82,2.65,2.69,2.82,3,3.23,2.9,2.6,2.23,2.13,2.13,2.41,2.58,2.36,2.36,2.39,2.34,2.35,2.1,2.54,2.68,2.86,2.8,2.61,2.7,2.57,2.37,2.09,2,2.03,2.11,2.04,1.9,1.805
FCT,24/07/2026,0.0075,0.008,0.0075,0.008,154448,0.017,0.017,0.014,0.014,0.014,0.017,0.015,0.016,0.017,0.017,0.01,0.011,0.012,0.014,0.011,0.011,0.009,0.01,0.01,0.008,0.009,0.008,0.007,0.007,0.007,0.006,0.007,0.005,0.005,0.005,0.005,0.004,0.004,0.004,0.003,0.004,0.004,0.004,0.003,0.004,0.004,0.004,0.006,0.008,0.007,0.008,0.0065,0.007,0.009,0.01,0.008,0.007,0.008
FDC,24/07/2026,3.38,3.46,3.33,3.41,603503,0,0,0,0,0,0,0,0,0,0,0,0,0,0,0,0,0,0,0,0,0,0,0,0,0,0,0,0,0,0,0,0,0,0,0,0,0,0,0,0,0,0,0,0,0,0,0,0,0,0,3.48,3.37,3.41
FDR,24/07/2026,0.36,0.37,0.35,0.37,254898,0.068,0.08,0.082,0.09,0.115,0.115,0.175,0.18,0.19,0.385,0.55,0.585,0.55,0.445,0.49,0.45,0.49,0.455,0.47,0.42,0.36,0.355,0.42,0.385,0.36,0.41,0.425,0.4,0.405,0.545,0.57,0.635,0.6,0.62,0.58,0.565,0.575,0.605,0.635,0.58,0.435,0.39,0.405,0.39,0.38,0.345,0.355,0.285,0.275,0.285,0.34,0.33,0.37
FDV,24/07/2026,0.32,0.32,0.32,0.32,243134,0.325,0.33,0.35,0.35,0.2975,0.29,0.35,0.365,0.395,0.49,0.525,0.505,0.445,0.485,0.485,0.415,0.415,0.38,0.38,0.345,0.31,0.29,0.275,0.24,0.29,0.265,0.31,0.305,0.265,0.26,0.27,0.25,0.26,0.315,0.33,0.345,0.33,0.365,0.385,0.385,0.38,0.38,0.375,0.36,0.35,0.33,0.3,0.315,0.32,0.355,0.345,0.345,0.32
FEG,24/07/2026,0.15,0.15,0.14,0.145,109822,0.165,0.175,0.175,0.185,0.185,0.155,0.145,0.14,0.13,0.15,0.135,0.13,0.13,0.13,0.135,0.155,0.14,0.16,0.165,0.16,0.155,0.155,0.16,0.155,0.145,0.17,0.175,0.19,0.165,0.17,0.16,0.16,0.16,0.14,0.12,0.135,0.135,0.125,0.13,0.115,0.125,0.125,0.1,0.0985,0.125,0.16,0.145,0.16,0.165,0.15,0.155,0.155,0.145
FEIF,24/07/2026,1.14,1.14,1.14,1.14,0,0,0,0,0,0,0,0,0,0,0,0,0,0,0,0,0,0,0,0,0,0,0,0,0,0,0,0,0,0,0,0,0,0,0,0,0,0,0,0,0,0,0,0,0,0,0,0,1.135,1.135,1.14,1.14,1.14,1.14
FEL,24/07/2026,0.006,0.007,0.006,0.007,511250,0,0,0,0,0,0,0,0,0,0,0,0,0,0,0,0,0,0,0,0,0,0,0,0,0,0,0,0,0,0.006,0.006,0.006,0.006,0.007,0.007,0.005,0.007,0,0.007,0.006,0.006,0.004,0.007,0.006,0.005,0.005,0.006,0.006,0.005,0.005,0.007,0.006,0.007
FEMX,24/07/2026,7.25,7.25,7.15,7.16,14125,6.61,6.57,6.61,6.76,6.81,6.75,6.77,6.9,7.09,7.07,7.21,7.19,7.26,7.36,7.34,7.26,7.28,7.18,7.22,7.19,7.13,7.2,7.17,7.29,7.41,7.54,7.32,7.44,7.4,7.5,7.59,7.66,7.23,7.09,7.04,7.03,6.91,7.34,7.34,7.45,7.38,7.83,7.7,7.78,8.01,7.89,8.1,8.23,8.13,7.5,7.43,7.13,7.16
FEX,24/07/2026,0.275,0.28,0.265,0.265,574711,0.31,0.295,0.3,0.33,0.305,0.32,0.37,0.38,0.43,0.485,0.46,0.46,0.5,0.505,0.525,0.425,0.42,0.39,0.415,0.46,0.48,0.455,0.485,0.48,0.505,0.505,0.475,0.44,0.405,0.415,0.405,0.405,0.375,0.375,0.305,0.32,0.32,0.34,0.33,0.32,0.33,0.33,0.325,0.3,0.305,0.275,0.26,0.25,0.255,0.255,0.255,0.27,0.265
FFG,24/07/2026,0.007,0.007,0.007,0.007,0,0.007,0.007,0.007,0.007,0.007,0.007,0.007,0.007,0.007,0.007,0.007,0.007,0.007,0.007,0.007,0.007,0.007,0.007,0.007,0.007,0.007,0.007,0.007,0.007,0.007,0.007,0.007,0.007,0.007,0.007,0.007,0.007,0.007,0.007,0.007,0.007,0.007,0,0.007,0.007,0.007,0.007,0.007,0.007,0.007,0.007,0.007,0.007,0.007,0.007,0.007,0.007,0.007
FFGO,24/07/2026,0.002,0.002,0.002,0.002,0,0.002,0.002,0.002,0.002,0.002,0.002,0.002,0.002,0.002,0.002,0.002,0.002,0.002,0.002,0.002,0.002,0.002,0.002,0.002,0.002,0.002,0.002,0,0.002,0.002,0.002,0.002,0.002,0.002,0.002,0.002,0.002,0.002,0.002,0.002,0.002,0,0,0.002,0.002,0.002,0.002,0.002,0.002,0.002,0.002,0.002,0.002,0.002,0.002,0,0.002,0.002
FFI,24/07/2026,4.46,4.46,4.46,4.46,0,4.16,4.2,4.2,4.18,4.4,4.4,4.52,4.49,4.3,4.3,4.55,4.75,4.8,4.77,4.55,4.49,4.5,4.41,4.8,4.8,4.53,4.805,4.8,4.83,4.7,4.55,4.83,4.9,4.5,4.5,4.51,4.79,4.64,4.95,4.85,4.89,4.78,0,4.68,4.62,4.69,4.5,4.5,4.5,4.35,4.345,4.45,4.4,4.13,4.25,4.25,4.31,4.46
FFM,24/07/2026,1.74,1.75,1.645,1.65,2301436,1.15,1.03,1.085,1.185,1.195,1.24,1.23,1.21,1.205,1.365,1.275,1.33,1.605,1.6,1.9,1.62,1.78,1.63,1.87,1.8,2,2.02,2.11,2.06,1.92,1.975,2.08,2.1,1.775,1.815,1.87,2.15,1.89,1.755,1.575,1.64,1.695,2.09,2.1,2.14,1.805,1.925,2.09,1.98,2.04,1.98,1.905,1.89,1.67,1.92,1.8,1.655,1.65
FG1,24/07/2026,0.022,0.022,0.02,0.02,240909,0.029,0.028,0.028,0.029,0.028,0.028,0.029,0.026,0.025,0.024,0.023,0.026,0.027,0.023,0.0235,0.022,0.023,0.021,0.02,0.021,0.022,0.022,0.022,0.024,0.026,0.025,0.024,0.023,0.023,0.027,0.026,0.026,0.025,0.026,0.021,0.021,0.02,0.027,0.027,0.026,0.026,0.025,0.024,0.022,0.022,0.022,0.021,0.022,0.018,0.02,0.02,0.02,0.02
FG1O,24/07/2026,0.001,0.001,0.001,0.001,0,0.004,0.004,0.003,0.003,0.003,0.003,0.002,0.002,0.002,0.003,0.003,0.003,0.003,0.003,0.003,0.003,0.001,0.001,0.001,0.001,0.001,0.001,0,0.001,0.001,0.001,0.004,0.004,0.004,0.004,0.001,0.001,0.001,0.001,0.001,0.001,0,0,0.001,0.001,0.001,0.001,0.001,0.001,0.001,0.001,0.001,0.001,0.001,0.001,0,0.001,0.001
FG1OA,24/07/2026,0.003,0.003,0.003,0.003,158750,0,0,0,0,0,0,0,0,0,0,0,0,0.01,0.006,0.006,0.006,0.007,0.006,0.005,0.005,0.006,0.006,0,0.007,0.006,0.006,0.006,0.005,0.005,0.006,0.006,0.005,0.005,0.004,0.005,0.005,0,0,0.005,0.005,0.004,0.004,0.003,0.003,0.003,0.004,0.004,0.004,0.003,0.003,0,0.003,0.003
FGG,24/07/2026,1.69,1.69,1.675,1.69,145803,1.545,1.55,1.56,1.57,1.575,1.56,1.575,1.58,1.575,1.595,1.615,1.62,1.625,1.625,1.625,1.62,1.625,1.525,1.575,1.565,1.56,1.535,1.525,1.53,1.555,1.56,1.545,1.53,1.5075,1.56,1.595,1.64,1.605,1.58,1.58,1.535,1.535,1.59,1.62,1.65,1.675,1.725,1.65,1.64,1.65,1.73,1.68,1.705,1.69,1.71,1.75,1.675,1.69
FGH,24/07/2026,0.011,0.011,0.01,0.011,204332,0.01,0.011,0.009,0.01,0.01,0.012,0.012,0.013,0.016,0.023,0.038,0.034,0.031,0.032,0.034,0.032,0.035,0.034,0.034,0.037,0.039,0.038,0.038,0.039,0.037,0.037,0.037,0.035,0.028,0.028,0.021,0.023,0.025,0.025,0.023,0.02,0.022,0.022,0.019,0.02,0.021,0.019,0.013,0.014,0.015,0.014,0.014,0.013,0.012,0.01,0.012,0.011,0.011
FGR,24/07/2026,0.06,0.061,0.058,0.06,2172233,0.04,0.037,0.036,0.042,0.04,0.052,0.062,0.07,0.067,0.064,0.084,0.084,0.095,0.094,0.085,0.098,0.085,0.073,0.069,0.07,0.064,0.069,0.07,0.071,0.076,0.08,0.089,0.09,0.085,0.082,0.081,0.084,0.071,0.068,0.066,0.064,0.066,0.063,0.06,0.067,0.064,0.066,0.06,0.058,0.056,0.061,0.06,0.056,0.063,0.062,0.072,0.06,0.06
FGRO,24/07/2026,0.007,0.007,0.007,0.007,0,0.005,0.005,0.005,0.006,0.006,0.006,0.007,0.008,0.01,0.008,0.014,0.008,0.015,0.02,0.024,0.024,0.029,0.018,0.012,0.012,0.01,0.011,0,0.013,0.011,0.008,0.013,0.015,0.014,0.014,0.015,0.015,0.015,0.012,0.019,0.019,0,0,0.016,0.016,0.016,0.01,0.01,0.01,0.01,0.007,0.007,0.007,0.006,0.006,0,0.011,0.007
FGSE,24/07/2026,3.59,3.59,3.59,3.59,0,0,0,0,0,0,0,0,0,0,0,0,0,0,0,0,0,0,0,0,0,0,0,0,0,0,0,0,0,0,0,0,0,0,0,0,0,0,0,0,0,0,0,0,0,0,0,0,0,0,3.6,3.59,3.57,3.59
FGX,24/07/2026,1.36,1.36,1.35,1.35,131026,1.245,1.255,1.285,1.31,1.305,1.315,1.325,1.31,1.335,1.32,1.36,1.365,1.385,1.385,1.37,1.355,1.305,1.295,1.285,1.3,1.28,1.32,1.305,1.305,1.315,1.35,1.34,1.345,1.33,1.37,1.43,1.415,1.36,1.335,1.305,1.3,1.32,1.355,1.345,1.36,1.31,1.315,1.315,1.31,1.325,1.34,1.345,1.36,1.36,1.34,1.38,1.35,1.35
FHCO,24/07/2026,6.18,6.2,6.15,6.15,445,8.53,8.59,8.73,8.85,8.865,8.87,8.76,8.81,8.77,8.78,9,8.95,8.82,8.83,8.66,8.45,8.2,7.99,8.2,8.14,8.15,8.12,8.35,8.14,8.15,8.3,8.26,8.17,7.88,8.09,8.28,8.44,8.14,7.87,7.68,7.65,7.59,8.12,8.21,7.94,7.89,8,7.89,7.94,7.82,7.95,7.95,8.2,8,6.29,6.27,6.18,6.15
FHE,24/07/2026,0.19,0.195,0.18,0.19,5408079,0.205,0.205,0.215,0.215,0.22,0.22,0.235,0.24,0.3,0.3,0.29,0.285,0.255,0.3,0.3,0.305,0.29,0.285,0.29,0.26,0.255,0.23,0.24,0.245,0.24,0.225,0.22,0.24,0.205,0.205,0.215,0.225,0.215,0.215,0.215,0.22,0.245,0.225,0.27,0.27,0.265,0.285,0.2825,0.265,0.265,0.225,0.225,0.25,0.26,0.26,0.23,0.215,0.19
FHNG,24/07/2026,12,12.05,11.85,11.9,274271,12.02,12.02,12.03,12.29,11.87,12.29,12.47,12.67,12.94,12.71,12.92,13.04,12.64,12.96,13.65,12.98,12.92,12.46,13.11,13.12,13.03,12.47,12.7,12.62,12.43,12.36,12.12,12.2,11.21,11.29,11.42,11.52,11.93,11.79,11.55,10.96,10.94,11.78,12.44,12.61,12.8,13.39,13.58,13.72,14.35,14.33,13.33,14.13,12.73,12.3,12.45,12.1,11.9
FHS,24/07/2026,0.0015,0.0015,0.001,0.001,12000491,0.0045,0.0045,0.004,0.004,0.004,0.004,0.004,0.004,0.004,0.004,0.004,0.004,0.004,0.0045,0.004,0.004,0.004,0.004,0.004,0.004,0.004,0.004,0.004,0.004,0.004,0.004,0.0035,0.004,0.004,0.003,0.004,0.003,0.003,0.003,0.002,0.002,0.0015,0.0015,0.002,0.002,0.002,0.0015,0.002,0.002,0.002,0.0015,0.001,0.001,0.001,0.001,0.002,0.002,0.001
FID,24/07/2026,8.46,8.59,8.3,8.39,32653,11.05,11.18,11.5,11.28,12.85,13.36,12.48,12.03,12.78,13,12.48,12.37,12.57,13.48,12.15,11.63,12.29,11.7,11.91,11.76,12.15,11.75,11.51,11.64,11.7,11.66,11.48,10.76,10.4,10.17,10.77,10.57,10.38,10,9.6,9.98,8.46,8.72,8.85,8.69,9.32,9.03,8.99,8.82,8.67,8.99,8.9,8.36,8.28,8.55,8.51,8.5,8.39
FIIN,24/07/2026,7.57,7.58,7.52,7.53,6512,9.4,9.4,9.19,9.24,9.52,9.18,9.21,9.15,9.33,9.12,9.1,9.25,9.52,9.5,9.36,9.29,9.32,9.52,9.35,9.16,9.06,9.15,9.12,9.1,9,8.85,8.45,8.19,8.43,8.22,8.28,8.19,8.02,7.47,7.33,7.41,7.29,7.68,7.66,7.45,7.44,7.51,7.28,7.31,7.4,7.37,7.46,7.73,7.86,7.93,7.89,7.76,7.53
FIN,24/07/2026,0.005,0.005,0.005,0.005,0,0.004,0.004,0.004,0.004,0.005,0.005,0.005,0.006,0.005,0.005,0.0055,0.009,0.009,0.009,0.01,0.009,0.009,0.009,0.008,0.009,0.009,0.009,0.009,0.01,0.011,0.013,0.015,0.011,0.013,0.012,0.013,0.013,0.013,0.014,0.011,0.012,0.011,0.0105,0.011,0.011,0.011,0.012,0.013,0.009,0.008,0.008,0.008,0.006,0.006,0.005,0.005,0.006,0.005
FIRE,24/07/2026,10.92,10.93,10.88,10.88,537,0,0,0,0,0,0,0,0,0,0,0,0,0,0,0,0,0,0,0,0,0,0,0,0,0,0,0,0,0,0,0,0,11.4,11.23,10.71,10.65,10.82,11.31,11.45,11.31,11.25,11.23,11.16,11.28,11.45,11.4,11.48,11.63,11.47,11.34,11,10.79,10.88
FL1,24/07/2026,0.14,0.14,0.14,0.14,0,0.11,0.1,0.105,0.12,0.1,0.12,0.125,0.115,0.11,0.105,0.11,0.11,0.11,0.12,0.115,0.115,0.105,0.125,0.115,0.11,0.125,0.105,0.105,0.11,0.13,0.16,0.195,0.19,0.18,0.18,0.175,0.18,0.155,0.135,0.14,0.14,0.14,0,0.14,0.14,0.14,0.14,0.14,0.14,0.14,0.14,0.14,0.14,0.14,0.14,0.14,0.14,0.14
FL1O,24/07/2026,0.014,0.014,0.014,0.014,0,0.009,0.009,0.009,0.009,0.009,0.009,0.009,0.013,0.013,0.013,0.013,0.013,0.013,0.013,0.013,0.013,0.013,0.013,0.014,0.014,0.014,0.014,0,0.014,0.014,0.014,0.02,0.015,0.015,0.015,0.015,0.014,0.014,0.014,0.014,0.014,0,0,0.014,0.014,0.014,0.014,0.014,0.014,0.014,0.014,0.014,0.014,0.014,0.014,0,0.014,0.014
FLC,24/07/2026,0.085,0.086,0.084,0.084,123716,0.057,0.051,0.054,0.061,0.067,0.062,0.056,0.056,0.056,0.058,0.063,0.082,0.082,0.087,0.125,0.135,0.12,0.105,0.105,0.105,0.105,0.1,0.098,0.1,0.097,0.095,0.089,0.092,0.09,0.088,0.08,0.082,0.077,0.08,0.078,0.076,0.078,0.086,0.096,0.094,0.079,0.081,0.085,0.0865,0.09,0.095,0.079,0.08,0.072,0.075,0.085,0.084,0.084
FLG,24/07/2026,0.16,0.175,0.15,0.15,30976,0.056,0.055,0.054,0.064,0.066,0.053,0.077,0.085,0.0935,0.12,0.17,0.15,0.16,0.18,0.18,0.155,0.17,0.155,0.195,0.2,0.18,0.19,0.185,0.24,0.235,0.255,0.245,0.24,0.21,0.235,0.27,0.295,0.29,0.295,0.255,0.23,0.24,0.255,0.255,0.245,0.255,0.265,0.27,0.23,0.23,0.22,0.185,0.205,0.195,0.175,0.17,0.16,0.15
FLN,24/07/2026,0.1,0.1,0.097,0.1,86205,0.27,0.275,0.305,0.29,0.27,0.225,0.225,0.24,0.25,0.26,0.275,0.245,0.24,0.22,0.23,0.25,0.255,0.225,0.24,0.225,0.23,0.24,0.24,0.24,0.23,0.225,0.225,0.215,0.205,0.22,0.2,0.2,0.19,0.175,0.16,0.15,0.155,0.135,0.125,0.1525,0.145,0.135,0.14,0.13,0.135,0.135,0.14,0.12,0.105,0.105,0.115,0.1,0.1
FLOT,24/07/2026,25,25.01,24.99,24.99,73949,24.97,24.93,24.94,24.99,25,25.04,24.93,24.97,25,25.01,24.96,24.96,24.98,25.02,25.03,24.94,24.99,24.99,25.02,24.94,24.94,24.96,25.02,25.02,24.95,24.97,25.01,25.01,24.97,24.97,25.01,25.03,24.95,24.93,24.94,24.96,24.92,24.94,24.94,24.97,24.91,24.93,24.95,24.97,24.99,24.92,24.98,24.98,25,24.95,24.97,24.99,24.99
FLT,24/07/2026,11.88,11.91,11.7,11.71,930184,13.15,12.32,12.8,13.28,12.99,13.03,12.38,12.09,12.09,12.07,11.92,12.01,12.15,12.38,12.31,11.46,13,12.06,13.53,13.65,14.81,15.41,15.23,15,15.02,15.69,15.52,16.2,13.81,14.05,14.01,12.9,12.17,11.32,11.47,10.97,10.74,11.4,11.82,10.6,10.15,10.74,10.28,10.02,10.93,11.03,11.07,11.92,11.99,12.18,12.18,12.18,11.71
FLX,24/07/2026,0.05,0.05,0.05,0.05,0,0.215,0.22,0.22,0.22,0.215,0.2,0.205,0.215,0.22,0.22,0.23,0.22,0.23,0.22,0.22,0.185,0.17,0.16,0.16,0.16,0.15,0.16,0.17,0.165,0.16,0.16,0.145,0.135,0.14,0.13,0.14,0.1275,0.115,0.115,0.11,0.096,0.105,0.098,0.09,0.085,0.081,0.08,0.074,0.072,0.07,0.071,0.06,0.067,0.055,0.05,0.05,0.05,0.05
FME,24/07/2026,0.014,0.014,0.012,0.012,507011,0.022,0.015,0.017,0.019,0.017,0.018,0.018,0.017,0.019,0.032,0.037,0.033,0.032,0.027,0.025,0.024,0.027,0.024,0.026,0.025,0.025,0.026,0.035,0.029,0.035,0.036,0.035,0.034,0.026,0.024,0.026,0.0275,0.023,0.022,0.018,0.017,0.017,0.019,0.022,0.021,0.02,0.02,0.02,0.019,0.018,0.017,0.016,0.016,0.015,0.018,0.014,0.013,0.012
FMEOA,24/07/2026,0.003,0.003,0.003,0.003,0,0.004,0.004,0.004,0.004,0.004,0.004,0.004,0.004,0.004,0.01,0.013,0.013,0.012,0.013,0.013,0.012,0.012,0.012,0.015,0.015,0.015,0.015,0,0.017,0.016,0.013,0.013,0.013,0.013,0.013,0.005,0.005,0.005,0.005,0.005,0.005,0,0,0.005,0.005,0.005,0.005,0.005,0.005,0.005,0.006,0.005,0.004,0.004,0.004,0,0.003,0.003
FMG,24/07/2026,18.7,18.78,18.5,18.57,3488223,18.35,17.98,18.85,19.84,19.5,19.3,18.87,18.8,18.72,19.13,19.29,19.16,20.18,20.52,21.29,20.08,20.23,20.06,21.41,22.11,22.98,21.88,22.29,22.14,22.71,22.82,21.51,21,21.23,21.21,20.04,21.14,19.25,20.48,18.96,20.19,20.25,20.26,21.23,19.78,20.01,21.27,22.6,21.5,22.31,20.53,20.21,19.75,19.07,18.36,18.47,18.87,18.57
FML,24/07/2026,1.895,1.895,1.795,1.825,177958,0.39,0.37,0.37,0.43,0.42,0.53,0.585,0.67,0.97,0.925,1.58,2.38,2.17,1.98,2.59,2.64,2.92,2.58,3.32,3.02,3.2,3.46,3.54,3.34,3.63,3.37,3.96,4.01,3.15,3.18,3.17,3.74,3.27,2.82,2.6,2.33,2.44,2.7,2.56,2.6,2.31,2.4,2.04,1.945,1.955,1.92,1.8,1.81,1.66,1.73,1.64,1.515,1.825
FMN,24/07/2026,0.2,0.2,0.195,0.195,115000,0,0,0,0,0,0,0,0,0,0,0,0,0,0,0,0,0,0,0,0,0,0,0,0,0,0,0,0,0,0,0,0,0,0,0,0,0,0,0,0,0,0,0,0.18,0.195,0.21,0.18,0.175,0.165,0.165,0.155,0.15,0.195
FMR,24/07/2026,0.395,0.395,0.375,0.375,233982,0.365,0.33,0.385,0.4,0.365,0.415,0.42,0.395,0.4,0.35,0.37,0.36,0.335,0.42,0.365,0.335,0.385,0.355,0.26,0.305,0.295,0.26,0.25,0.3,0.3,0.255,0.275,0.25,0.225,0.21,0.265,0.325,0.29,0.27,0.28,0.275,0.195,0.195,0.2,0.22,0.22,0.2,0.29,0.38,0.375,0.385,0.335,0.33,0.315,0.34,0.35,0.37,0.375
FND,24/07/2026,0.405,0.405,0.405,0.405,0,3.74,3.72,3.87,4.01,3.87,3.74,3.66,3.56,3.37,3.3,3.3,2.8,2.62,2.35,1.87,1.81,1.555,1.53,1.55,1.55,1.55,1.55,1.55,1.55,1.55,1.17,1.17,1.07,0.815,0.875,0.78,0.8,1.045,0.91,0.71,0.705,0.8,0.83,0.805,0.825,0.87,0.73,0.675,0.635,0.61,0.485,0.41,0.405,0.405,0.405,0.405,0.405,0.405
FNR,24/07/2026,0.12,0.12,0.12,0.12,0,0.14,0.14,0.14,0.185,0.195,0.18,0.18,0.205,0.17,0.185,0.175,0.17,0.19,0.16,0.15,0.14,0.145,0.15,0.145,0.135,0.135,0.12,0.12,0.12,0.12,0.12,0.12,0.145,0.15,0.165,0.16,0.17,0.15,0.135,0.135,0.17,0.17,0.15,0.17,0.165,0.165,0.165,0.15,0.125,0.15,0.12,0.1,0.12,0.12,0.11,0.11,0.12,0.12
FNX,24/07/2026,0.18,0.18,0.18,0.18,0,0.275,0.275,0.275,0.18,0.15,0.145,0.145,0.145,0.145,0.145,0.145,0.145,0.145,0.145,0.145,0.145,0.155,0.17,0.18,0.18,0.18,0.19,0.19,0.19,0.19,0.19,0.18,0.18,0.18,0.18,0.18,0.18,0.18,0.18,0.18,0.18,0.18,0,0.18,0.18,0.18,0.18,0.18,0.18,0.18,0.18,0.18,0.18,0.18,0.18,0.18,0.18,0.18
FOOD,24/07/2026,8.23,8.23,8.15,8.18,9261,7.09,6.97,6.985,7.04,7.18,7.22,7.19,7.21,7.16,7.13,7.15,7.15,7.08,7.25,7,7.02,7.16,6.97,7.22,7.28,7.35,7.31,7.3,7.24,7.38,7.78,7.78,7.9,8.13,8.49,8.56,8.59,8.25,8.66,8.3,8.58,8.7,8.7,8.57,8.5,8.63,8.41,8.49,8.31,8.34,8.32,8.05,7.95,8.02,7.83,7.79,7.99,8.18
FOS,24/07/2026,0.13,0.13,0.13,0.13,24308,0.31,0.305,0.31,0.325,0.32,0.275,0.3,0.305,0.3,0.3,0.29,0.275,0.255,0.26,0.275,0.28,0.255,0.245,0.255,0.27,0.25,0.25,0.25,0.25,0.25,0.215,0.22,0.215,0.215,0.205,0.2,0.155,0.145,0.15,0.13,0.14,0.125,0.125,0.12,0.125,0.125,0.14,0.125,0.13,0.115,0.14,0.14,0.11,0.1,0.1,0.12,0.13,0.13
FPC,24/07/2026,1.32,1.32,1.29,1.29,32467,1.18,1.185,1.17,1.265,1.32,1.27,1.3,1.35,1.33,1.4,1.5,1.5,1.52,1.455,1.42,1.43,1.415,1.34,1.39,1.39,1.4,1.355,1.44,1.47,1.5,1.565,1.61,1.675,1.55,1.635,1.595,1.585,1.53,1.455,1.385,1.33,1.44,1.47,1.5,1.52,1.4,1.48,1.47,1.46,1.41,1.435,1.355,1.37,1.33,1.3,1.265,1.305,1.29
FPH,24/07/2026,33.05,33.64,32.51,32.68,306867,33.01,32.89,33.8,34,34.07,32.85,33.89,34.15,34,31.85,33.2,31.68,31.31,31.4,32.33,33.26,32.68,31.67,33.34,33.09,32.57,32.29,32.79,32.37,33,33.45,33.35,33.65,32.82,31.12,31.66,34.46,33.51,31.95,30,30.95,30.28,32.02,31.23,29.42,29.61,29,26.99,27.65,31.17,30.68,32.23,31.53,31.57,32.74,32.93,33.31,32.68
FPR,24/07/2026,2.81,2.87,2.76,2.81,143585,2.86,2.79,2.73,2.67,2.72,2.82,2.78,2.69,2.91,2.86,2.94,2.8,3,2.89,2.92,2.83,2.86,2.81,3.06,3.04,3.03,2.87,2.88,2.84,2.94,2.82,2.89,2.86,2.65,2.63,2.71,2.65,2.47,2.62,2.3,2.44,2.48,2.53,2.46,2.38,2.36,2.79,2.83,2.8,2.84,2.8,2.83,2.81,2.84,2.94,2.98,2.9,2.81
FRAR,24/07/2026,1.045,1.045,1.04,1.045,95726,1.04,1.035,1.045,1.045,1.045,1.045,1.045,1.05,1.05,1.05,1.045,1.0475,1.05,1.055,1.055,1.055,1.045,1.045,1.045,1.05,1.05,1.05,1.045,1.05,1.045,1.045,1.045,1.05,1.045,1.0475,1.05,1.045,1.045,1.035,1.04,1.04,1.04,0,1.04,1.045,1.04,1.05,1.05,1.045,1.05,1.045,1.05,1.05,1.055,1.04,1.035,1.035,1.045
FRB,24/07/2026,0.19,0.19,0.17,0.17,103980,0.13,0.125,0.12,0.175,0.165,0.175,0.16,0.155,0.165,0.17,0.19,0.165,0.17,0.165,0.14,0.14,0.13,0.13,0.16,0.16,0.155,0.145,0.165,0.16,0.225,0.3,0.3,0.27,0.24,0.26,0.29,0.29,0.26,0.24,0.19,0.17,0.2,0.205,0.22,0.21,0.195,0.195,0.1975,0.185,0.17,0.185,0.185,0.18,0.18,0.17,0.1625,0.19,0.17
FRE,24/07/2026,0.028,0.028,0.027,0.028,116300,0.077,0.08,0.076,0.08,0.075,0.075,0.071,0.068,0.065,0.063,0.065,0.063,0.067,0.063,0.07,0.064,0.064,0.065,0.059,0.058,0.052,0.052,0.05,0.053,0.066,0.063,0.064,0.061,0.068,0.063,0.053,0.055,0.058,0.055,0.059,0.054,0.053,0.057,0.068,0.054,0.053,0.052,0.048,0.044,0.042,0.042,0.039,0.037,0.032,0.037,0.032,0.028,0.028
FREO,24/07/2026,0.004,0.004,0.004,0.004,0,0,0,0,0,0,0,0,0,0,0,0,0,0,0,0,0,0,0,0,0,0,0,0,0,0,0,0,0,0,0,0,0,0,0,0,0,0,0,0,0,0,0,0,0,0,0.007,0.007,0.006,0.005,0.005,0,0.003,0.004
FRGG,24/07/2026,1.535,1.535,1.535,1.535,0,2.15,2.2,2.17,2.19,2.19,2.15,2.12,2.12,2.12,2.07,2.07,2.11,2.08,2.09,2.09,2.09,2.1,2.05,2.09,2.09,2.07,2.06,2.08,2.06,2.08,2.08,2.08,1.95,1.915,1.825,1.85,1.825,1.84,1.775,1.71,1.67,1.67,0,1.67,1.875,1.875,1.85,1.8,1.81,1.845,1.845,1.9075,1.94,1.945,1.65,1.57,1.55,1.535
FRI,24/07/2026,0.7,0.7,0.695,0.695,91985,0.67,0.67,0.665,0.71,0.69,0.69,0.795,0.805,0.84,0.8,0.83,0.82,0.82,0.855,0.865,0.9,0.89,0.865,0.89,0.9,0.875,0.85,0.845,0.835,0.835,0.83,0.815,0.825,0.765,0.78,0.765,0.865,0.845,0.79,0.77,0.805,0.795,0.81,0.775,0.765,0.75,0.74,0.71,0.705,0.675,0.695,0.69,0.7,0.695,0.7,0.71,0.7,0.695
FRM,24/07/2026,0.255,0.26,0.25,0.25,10622,0.29,0.275,0.305,0.315,0.33,0.365,0.36,0.335,0.345,0.355,0.325,0.325,0.295,0.2975,0.305,0.275,0.29,0.27,0.25,0.215,0.215,0.2,0.2,0.2,0.2,0.215,0.205,0.24,0.24,0.22,0.23,0.25,0.245,0.22,0.24,0.235,0.23,0,0.245,0.25,0.225,0.205,0.21,0.21,0.22,0.23,0.23,0.22,0.23,0.235,0.24,0.225,0.25
FRS,24/07/2026,0.4,0.4,0.35,0.37,5578144,0.145,0.17,0.175,0.18,0.18,0.18,0.21,0.205,0.29,0.285,0.29,0.28,0.26,0.225,0.205,0.19,0.2,0.265,0.295,0.265,0.26,0.26,0.285,0.33,0.38,0.485,0.47,0.465,0.5,0.57,0.56,0.69,0.65,0.53,0.39,0.48,0.475,0.485,0.48,0.505,0.51,0.485,0.605,0.615,0.57,0.515,0.475,0.49,0.425,0.45,0.4,0.395,0.37
FRW,24/07/2026,11.5,11.5,11.5,11.5,0,10.2,10.2,10.22,10.22,10.22,10.7,10.7,10.7,10.7,11.6,12.06,12.2,12.2,12.22,12.22,12.23,12.2,12.2,12.2,12.2,12.2,12.2,12.2,12.22,12.24,12.2,12.41,12.43,12.43,12.41,12.44,12.38,12.37,11,11.06,11.11,10.11,10.67,10.01,10,10,10,10.5,10.68,10.7,11.01,11.35,11.39,11.42,11.45,11.89,11.56,11.5
FRX,24/07/2026,0.024,0.024,0.022,0.022,32584,0.006,0.006,0.004,0.005,0.005,0.006,0.008,0.009,0.008,0.007,0.007,0.007,0.007,0.007,0.01,0.017,0.015,0.013,0.016,0.014,0.017,0.021,0.022,0.024,0.023,0.024,0.025,0.025,0.024,0.024,0.023,0.023,0.021,0.018,0.017,0.02,0.023,0,0.018,0.02,0.023,0.02,0.02,0.019,0.018,0.018,0.017,0.017,0.018,0.017,0.018,0.023,0.022
FSA,24/07/2026,1.255,1.255,1.25,1.25,1000,0.94,0.92,0.9275,1.01,1.08,1.11,1.04,1.095,1.095,1.115,1.16,1.205,1.16,1.15,1.12,1.25,1.235,1.185,1.3,1.265,1.3,1.29,1.3,1.33,1.29,1.28,1.24,1.24,1.22,1.25,1.23,1.24,1.17,1.16,1.17,1.15,1.155,1.16,1.17,1.17,1.17,1.155,1.165,1.22,1.35,1.26,1.3,1.36,1.38,1.34,1.26,1.29,1.25
FSCF,24/07/2026,100.35,100.35,100.35,100.35,400,0,0,0,0,0,0,0,0,0,0,0,0,0,0,0,0,0,0,0,0,0,0,0,0,0,0,0,0,0,0,0,0,0,0,0,0,0,0,0,0,0,100.06,100.1,100.23,100.49,100.14,100.14,100.33,100.44,100.09,100.18,100.28,100.35
FSI,24/07/2026,1.28,1.28,1.28,1.28,1700,1.985,2.01,2.05,2.16,2.19,2.15,2.12,1.99,2.12,2.1,2.09,2.02,1.97,2.1,2.1,2.05,2.05,1.89,1.835,1.87,1.865,1.77,1.79,1.795,1.77,1.675,1.845,1.7,1.62,1.65,1.7,1.63,1.695,1.59,1.52,1.5,1.415,0,1.355,1.315,1.36,1.275,1.26,1.31,1.27,1.255,1.235,1.305,1.18,1.24,1.295,1.295,1.28
FSIGA,24/07/2026,2.66,2.66,2.66,2.66,0,2.72,2.71,2.7,2.74,2.7,2.7,2.71,2.71,2.71,2.7,2.73,2.7,2.7,2.7,2.71,2.7,2.7,2.71,2.71,2.71,2.71,2.71,2.71,2.71,2.71,2.71,2.71,2.71,2.71,2.71,2.66,2.66,2.6,2.66,2.69,2.69,2.69,0,2.68,2.67,2.68,2.7,2.7,2.73,2.73,2.73,2.73,2.73,2.7,2.71,2.7,2.66,2.66
FSML,24/07/2026,1.995,2,1.965,1.985,356371,1.91,1.885,1.945,1.97,1.99,2.1,2.12,2.14,2.15,2.16,2.24,2.24,2.24,2.23,2.25,2.17,2.19,2.11,2.25,2.21,2.23,2.25,2.3,2.28,2.33,2.37,2.41,2.34,2.16,2.17,2.2,2.33,2.21,2.11,2.01,2.02,2.04,2.15,2.2,2.18,2.14,2.13,2.14,2.12,2.19,2.15,2.16,2.23,2.13,2.05,2,1.95,1.985
FSUB,24/07/2026,24.84,24.86,24.82,24.82,16224,0,0,0,0,0,0,0,0,0,0,0,0,0,0,0,0,0,0,0,0,25.1,25.18,25.3,25.18,25.29,25.29,25.27,28.5,25.32,25.36,25.31,25.4,25.05,24.9,24.76,24.69,24.64,24.8,24.86,24.87,24.72,24.77,24.71,24.88,25.02,24.85,25,25.05,25.21,25.05,25.04,25,24.82
FTI,24/07/2026,0.535,0.555,0.475,0.49,1833826,0,0.145,0.155,0.145,0.12,0.165,0.165,0.165,0.185,0.165,0.17,0.17,0.165,0.155,0.15,0.17,0.21,0.185,0.19,0.19,0.2,0.36,0.37,0.375,0.325,0.295,0.27,0.255,0.24,0.28,0.46,0.505,0.45,0.39,0.32,0.45,0.5,0.555,0.675,0.715,0.73,0.645,0.72,0.63,0.8,0.745,0.78,1.04,1.095,1.065,0.835,0.64,0.49
FUEL,24/07/2026,8.6,8.64,8.58,8.58,155936,6.37,6.46,6.29,6.37,6.41,6.56,6.48,6.52,6.55,6.69,6.58,6.56,6.35,6.6,6.55,6.6,6.78,6.7,6.76,6.92,6.82,6.57,6.69,6.65,6.73,6.97,7.12,7.37,7.51,7.75,8,7.95,8.2,8.4,8.74,8.99,8.81,8.67,8.59,8.65,9.01,8.5,8.76,8.85,8.46,8.7,8.63,8.1,8.1,7.67,7.91,8.15,8.58
FUL,24/07/2026,0.072,0.072,0.072,0.072,0,0.051,0.052,0.05,0.07,0.075,0.08,0.07,0.065,0.065,0.071,0.075,0.075,0.073,0.073,0.069,0.06,0.064,0.076,0.082,0.077,0.075,0.079,0.083,0.085,0.11,0.12,0.12,0.11,0.097,0.105,0.105,0.115,0.105,0.094,0.091,0.085,0.089,0.105,0.13,0.11,0.13,0.13,0.13,0.098,0.1,0.091,0.085,0.08,0.072,0.08,0.065,0.07,0.072
FUN,24/07/2026,0.098,0.098,0.091,0.091,366412,0,0,0,0,0.054,0.061,0.055,0.096,0.11,0.12,0.135,0.14,0.16,0.195,0.145,0.12,0.13,0.115,0.1,0.093,0.098,0.083,0.081,0.079,0.085,0.078,0.11,0.115,0.09,0.093,0.09,0.086,0.083,0.083,0.073,0.077,0.083,0.093,0.089,0.09,0.11,0.11,0.125,0.1275,0.13,0.12,0.11,0.115,0.097,0.11,0.105,0.1025,0.091
FUTR,24/07/2026,35.26,35.315,35.24,35.315,1006,38.55,38.67,37.95,38.91,38.64,38.55,38.11,38.18,38.57,38.64,38.85,39.4,39.2,39.53,39.6,39.12,39.5,37.96,38.66,38.28,38.2,37.54,37.54,38.19,38.89,38.74,37.99,37.44,36.91,36.9,37.22,37.18,36.49,35.44,35.48,35.7,36.01,0,36.56,37.9,37.95,37.69,38.19,38.28,38.94,39.87,39.28,40.44,40.64,36.16,35.86,35.49,35.315
FWD,24/07/2026,2.19,2.2,2.1,2.16,145866,2.62,2.65,2.7,2.82,2.87,2.89,3.05,3.08,2.99,3.03,3.06,3.01,3.02,3.23,2.95,2.77,2.65,2.68,2.58,2.65,2.57,2.47,2.55,2.74,2.66,2.78,2.83,2.79,2.53,2.64,2.68,2.15,2.02,1.865,1.72,1.68,1.675,1.68,1.685,1.645,1.665,1.675,1.63,1.635,1.815,1.665,1.67,1.67,1.74,1.89,1.92,2.31,2.16
FXG,24/07/2026,0.245,0.265,0.24,0.26,445954,0.175,0.15,0.2,0.18,0.175,0.18,0.275,0.28,0.555,0.6,0.615,0.585,0.7,0.66,0.545,0.43,0.5,0.415,0.415,0.415,0.32,0.33,0.37,0.355,0.355,0.38,0.39,0.32,0.35,0.33,0.33,0.35,0.32,0.29,0.23,0.29,0.25,0.305,0.275,0.265,0.26,0.26,0.35,0.39,0.35,0.305,0.31,0.315,0.265,0.26,0.255,0.2275,0.26
FZR,24/07/2026,0.225,0.225,0.225,0.225,150000,0.145,0.145,0.145,0.145,0.16,0.17,0.14,0.165,0.165,0.165,0.16,0.16,0.165,0.17,0.17,0.14,0.17,0.17,0.17,0.17,0.17,0.17,0.16,0.16,0.155,0.155,0.18,0.155,0.165,0.165,0.165,0.17,0.1775,0.175,0.175,0.175,0.165,0,0.18,0.18,0.165,0.165,0.165,0.18,0.185,0.205,0.195,0.2,0.205,0.21,0.21,0.225,0.225
G11,24/07/2026,0.23,0.23,0.215,0.215,941,0.015,0.015,0.014,0.015,0.015,0.017,0.019,0.02,0.02,0.02,0.022,0.022,0.024,0.023,0.022,0.024,0.03,0.027,0,0.36,0.35,0.33,0.33,0.325,0.375,0.37,0.37,0.375,0.34,0.325,0.29,0.34,0.315,0.325,0.305,0.29,0.2775,0,0.34,0.325,0.34,0.36,0.305,0.28,0.27,0.27,0.28,0.2675,0.23,0.22,0.21,0.22,0.215
G1C,24/07/2026,0.05,0.05,0.05,0.05,22645,0,0,0,0,0,0,0,0,0,0,0,0.095,0.087,0.08,0.07,0.069,0.067,0.064,0.06,0.061,0.066,0.065,0.07,0.076,0.13,0.12,0.11,0.099,0.099,0.12,0.098,0.098,0.095,0.096,0.091,0.083,0.084,0,0.079,0.079,0.077,0.076,0.075,0.075,0.075,0.065,0.057,0.061,0.054,0.05,0.05,0.05,0.05
G200,24/07/2026,30.82,30.87,30.5,30.59,2860,30.045,30.02,30.75,31.29,31.79,31.71,31.39,31.32,30.93,30.83,32,31.77,32,32.21,31.46,30.79,30.1,28.97,29.99,30,30.4,30.06,30.71,30.18,30.11,31.11,30.85,30.89,30,31.24,32.12,32.81,31.2,30.02,29.08,29.46,29.84,31.72,31.7,30.9,30.55,30.67,29.97,30.16,30.54,30.01,30.95,31.03,30.64,31.1,30.8,30.63,30.59
G50,24/07/2026,0.64,0.67,0.63,0.66,119406,0.3,0.275,0.32,0.285,0.265,0.28,0.275,0.31,0.365,0.385,0.365,0.6,0.56,0.55,0.5,0.55,0.6,0.57,0.56,0.58,0.535,0.56,0.64,0.72,0.59,0.65,0.79,0.74,0.775,0.8,0.965,0.965,0.895,0.69,0.555,0.55,0.7,0.725,0.72,0.88,0.85,0.9,0.85,0.85,0.88,0.76,0.76,0.665,0.63,0.62,0.54,0.5,0.66
G6M,24/07/2026,0.025,0.025,0.025,0.025,0,0.025,0.025,0.025,0.025,0.025,0,0.025,0.025,0.025,0.025,0.025,0.025,0.025,0.025,0.025,0.025,0.025,0.025,0.025,0.025,0.025,0.025,0.025,0.025,0.025,0.025,0.025,0.025,0.025,0.025,0.025,0.025,0.025,0.025,0.025,0.025,0.025,0,0.025,0.025,0.025,0.025,0.025,0.025,0.025,0.025,0.025,0.025,0.025,0.025,0.025,0.025,0.025
G88,24/07/2026,0.007,0.007,0.007,0.007,1683842,0.01,0.009,0.009,0.009,0.007,0.008,0.0085,0.009,0.01,0.01,0.011,0.01,0.009,0.01,0.009,0.0085,0.008,0.007,0.007,0.007,0.007,0.007,0.007,0.007,0.007,0.007,0.009,0.008,0.007,0.007,0.007,0.007,0.007,0.0065,0.006,0.006,0.006,0.006,0.006,0.007,0.006,0.006,0.006,0.005,0.005,0.008,0.007,0.008,0.008,0.0085,0.008,0.007,0.007
GA8,24/07/2026,0.058,0.058,0.055,0.055,196336,0,0,0,0,0,0,0,0,0.022,0.025,0.031,0.031,0.049,0.048,0.05,0.047,0.052,0.056,0.069,0.065,0.069,0.064,0.066,0.065,0.066,0.066,0.07,0.072,0.066,0.071,0.072,0.068,0.065,0.06,0.051,0.048,0.054,0.058,0.07,0.075,0.077,0.077,0.072,0.07,0.072,0.065,0.065,0.068,0.058,0.057,0.064,0.06,0.055
GA8OC,24/07/2026,0.03,0.03,0.03,0.03,0,0,0,0,0,0,0,0,0,0.008,0.007,0.01,0.01,0.015,0.015,0.014,0.015,0.016,0.02,0.025,0.024,0.028,0.023,0,0.023,0.023,0.024,0.025,0.037,0.035,0.035,0.037,0.04,0.036,0.03,0.028,0.021,0,0,0.032,0.035,0.037,0.04,0.039,0.036,0.033,0.033,0.037,0.033,0.03,0.03,0,0.03,0.03
GAL,24/07/2026,0.12,0.12,0.12,0.12,30282,0.165,0.155,0.145,0.145,0.17,0.18,0.18,0.17,0.17,0.2,0.205,0.205,0.19,0.185,0.225,0.21,0.205,0.16,0.185,0.18,0.17,0.16,0.19,0.185,0.19,0.2,0.275,0.27,0.22,0.25,0.24,0.235,0.205,0.195,0.165,0.155,0.155,0.16,0.155,0.155,0.155,0.165,0.13,0.13,0.125,0.115,0.12,0.13,0.1,0.115,0.125,0.12,0.12
GAME,24/07/2026,13.51,13.51,13.41,13.46,1358,18.53,18.95,19.61,20.14,19.82,20,19.97,20.61,20.76,20.45,20.89,20.55,20.28,20.41,20.04,19.88,19.56,19.28,19.43,19.1,18.83,18.47,18.26,18.53,18.1,18.5,17.68,17.55,15.31,14.86,14.95,15.16,14.99,14.94,14.53,14.44,14.42,14.16,14.85,14.33,14.09,14.11,13.86,13.99,13.51,13.72,13.58,13.66,13.29,14.02,14.22,14,13.46
GAP,24/07/2026,0.082,0.082,0.082,0.082,0,0.094,0.097,0.095,0.097,0.098,0.087,0.094,0.093,0.091,0.099,0.097,0.096,0.0905,0.091,0.095,0.094,0.092,0.095,0.087,0.09,0.09,0.095,0.092,0.091,0.09,0.087,0.089,0.09,0.088,0.086,0.087,0.078,0.081,0.08,0.082,0.078,0.084,0,0.08,0.083,0.081,0.085,0.08,0.08,0.078,0.079,0.079,0.075,0.08,0.075,0.081,0.085,0.082
GARP,24/07/2026,12.19,12.19,12.12,12.13,31017,12.36,12.44,12.28,12.61,12.68,12.64,12.72,12.56,12.77,12.73,12.9,12.99,12.9,13.08,13.05,12.89,12.94,12.78,13.13,12.99,12.97,12.92,12.89,12.88,13.02,13.07,12.8,12.62,12.38,12.3,12.45,12.36,12.3,11.97,11.8,11.93,11.97,12.21,12.31,12.36,12.37,12.41,12.47,12.6,12.67,12.72,12.78,12.87,12.85,12.56,12.5,12.26,12.13
GAS,24/07/2026,0.014,0.014,0.014,0.014,268000,0.023,0.024,0.024,0.025,0.024,0.021,0.017,0.021,0.022,0.03,0.029,0.027,0.03,0.03,0.028,0.023,0.03,0.035,0.031,0.03,0.03,0.025,0.032,0.028,0.028,0.026,0.03,0.027,0.025,0.026,0.025,0.0275,0.026,0.031,0.032,0.033,0.028,0.026,0.029,0.027,0.027,0.023,0.02,0.022,0.02,0.019,0.018,0.017,0.014,0.014,0.014,0.014,0.014
GBE,24/07/2026,0.07,0.07,0.07,0.07,0,0.042,0.055,0.086,0.073,0.072,0.06,0.056,0.063,0.06,0.072,0.072,0.062,0.056,0.059,0.049,0.046,0.048,0.045,0.048,0.051,0.048,0.045,0.049,0.046,0.047,0.059,0.063,0.069,0.068,0.066,0.06,0.067,0.065,0.072,0.074,0.093,0.145,0.125,0.11,0.115,0.105,0.11,0.097,0.09,0.085,0.069,0.065,0.062,0.063,0.072,0.07,0.061,0.07
GBL,24/07/2026,0.017,0.017,0.017,0.017,0,0,0,0,0,0,0,0,0,0,0,0,0,0,0,0,0,0,0,0,0,0,0,0,0,0,0,0,0,0,0,0,0,0,0,0,0,0,0,0,0,0,0,0,0,0,0,0,0.02,0.017,0.019,0.019,0.017,0.017
GBM,24/07/2026,0.017,0.018,0.017,0.018,15862598,0,0,0,0,0,0,0,0,0,0,0,0,0,0,0,0,0,0,0,0,0.032,0.032,0.032,0.033,0.036,0.039,0.042,0.037,0.032,0.036,0.034,0.036,0.031,0.029,0.028,0.028,0.029,0.027,0.028,0.027,0.025,0.024,0.023,0.024,0.025,0.02,0.018,0.018,0.017,0.02,0.017,0.015,0.018
GBND,24/07/2026,20.08,20.08,20.04,20.08,8252,20.63,20.7,20.82,20.77,20.65,20.71,20.71,20.82,20.72,20.68,20.59,20.6,20.86,20.83,20.81,20.73,20.73,20.76,20.83,20.68,20.64,20.59,20.61,20.47,20.51,20.57,20.52,20.62,20.64,20.78,20.8,20.93,20.62,20.44,20.485,20.3,20.16,20.27,20.25,20.26,20.25,20.33,20.23,20.37,20.51,20.46,20.47,20.54,20.7,20.4,20.26,20.16,20.08
GBR,24/07/2026,0.067,0.067,0.064,0.065,3776621,0.062,0.056,0.057,0.06,0.056,0.062,0.066,0.067,0.074,0.075,0.089,0.085,0.089,0.073,0.075,0.073,0.08,0.07,0.079,0.072,0.078,0.08,0.087,0.092,0.098,0.098,0.097,0.099,0.09,0.115,0.14,0.155,0.125,0.105,0.098,0.09,0.091,0.11,0.1,0.1,0.088,0.11,0.105,0.1,0.1,0.087,0.08,0.079,0.07,0.077,0.073,0.065,0.065
GC1,24/07/2026,0.39,0.39,0.385,0.385,34617,0.55,0.53,0.55,0.55,0.54,0.56,0.525,0.52,0.505,0.5,0.535,0.535,0.52,0.515,0.515,0.52,0.485,0.465,0.485,0.47,0.47,0.47,0.46,0.465,0.48,0.475,0.48,0.5,0.5,0.46,0.455,0.445,0.435,0.43,0.395,0.395,0.4,0.425,0.405,0.395,0.39,0.395,0.39,0.39,0.415,0.38,0.39,0.39,0.38,0.385,0.42,0.415,0.385
GC1PA,24/07/2026,9.85,9.85,9.85,9.85,0,10.4,10.3,10.3,10.25,10.25,10.35,10.85,10.85,10.85,10.85,10.85,10.85,10.85,10.85,10.85,10.85,10.85,10.85,10.85,10.85,10.85,10.85,10.85,10.85,10.85,10.85,10.85,10.85,10.25,10.3,10.3,10.3,10.3,10.3,9.2,9.2,9.2,0,9.9,10,10,10,10,9.6,9.6,9.6,9.6,9.6,9.6,9.7,9.7,9.7,9.85
GCAP,24/07/2026,8.91,8.92,8.88,8.92,10562,8.84,8.86,8.88,8.9,8.84,8.89,8.81,8.87,8.89,8.89,8.87,8.92,8.89,8.89,8.95,8.85,8.88,8.87,8.89,8.83,8.85,8.85,8.86,8.91,8.89,8.92,8.91,8.91,8.89,8.89,8.9,8.9,8.81,8.83,8.8,8.75,8.7,8.75,8.8,8.82,8.8,8.81,8.8,8.84,8.83,8.83,8.82,8.84,8.84,8.82,8.86,8.9,8.92
GCI,24/07/2026,2.07,2.08,2.06,2.06,886378,2.06,2.07,2.08,2.08,2.07,2.05,2.06,2.03,2.07,2.08,2.05,2.06,2.04,2.04,2.04,2.04,2.05,2.07,2.05,2.06,2.04,2.05,2.05,2.06,2.07,2.07,2.08,2.06,2.08,2.07,2.07,2.05,2.04,2.01,2.01,2.01,2.02,2.02,2.02,2.05,2.06,2.05,2.05,2.07,2.05,2.05,2.05,2.07,2.08,2.07,2.08,2.08,2.06
GCM,24/07/2026,0.11,0.11,0.105,0.105,364015,0.03,0.03,0.03,0.037,0.03,0.027,0.024,0.025,0.025,0.024,0.023,0.022,0.021,0.018,0.018,0.015,0.015,0.013,0.017,0.016,0.013,0.014,0.015,0.014,0.014,0.014,0.015,0.013,0.013,0.0125,0.013,0.017,0.015,0.012,0.0115,0.012,0.013,0.013,0.013,0.0125,0.013,0.013,0.012,0.012,0.013,0.01,0.008,0.008,0.007,0.01,0,0,0.105
GCQF,24/07/2026,4.01,4.01,3.99,4.01,29844,5.3,5.31,5.23,5.3,5.33,5.38,5.34,5.28,5.36,5.3,5.3,5.27,5.21,5.35,5.24,5.19,5.08,4.96,5,4.89,4.96,4.98,4.98,4.96,4.96,4.89,4.69,4.54,4.27,4.02,4.06,4.13,4.34,4.05,3.95,3.97,3.97,3.95,4.21,4.2,4.19,4.24,4.03,4.05,4.06,3.98,3.91,3.89,3.81,4.2,4.12,4.21,4.01
GCR,24/07/2026,0.002,0.002,0.002,0.002,0,0.002,0.002,0.002,0.002,0.002,0.002,0.002,0.002,0.002,0.002,0.002,0.002,0.002,0.002,0.002,0.002,0.002,0.002,0.002,0.002,0.002,0.002,0.002,0.002,0.002,0.002,0.002,0.002,0.002,0.002,0.002,0.002,0.002,0.002,0.002,0.002,0.002,0,0.002,0.002,0.002,0.002,0.002,0.002,0.002,0.002,0.002,0.002,0.002,0.002,0.002,0.002,0.002
GDF,24/07/2026,1.05,1.0525,1.0375,1.0375,61204,1.225,1.3,1.2575,1.26,1.265,1.25,1.25,1.245,1.24,1.22,1.225,1.185,1.17,1.17,1.17,1.16,1.13,1.16,1.2,1.225,1.23,1.21,1.205,1.16,1.165,1.165,1.175,1.165,1.145,1.185,1.21,1.19,1.18,1.15,1.125,1.105,1.1,1.095,1.07,1.08,1.07,1.055,1.035,1.02,1.03,1.02,1.085,1.065,1.09,1.025,1.025,1.035,1.0375
GDG,24/07/2026,4.68,4.84,4.305,4.34,3895048,5.6,6.02,6.38,6.5,6.29,6.9,6.18,6.77,7.4,6.82,7.15,7.52,6.82,7.31,7.16,6.58,6.33,6.12,6.6,6.11,5.62,5.84,5.87,5.9,6,6.22,5.52,5.38,4.61,4.12,4.66,4.65,4.41,3.84,3.8,4.04,3.9,4.26,4.42,3.61,3.85,3.57,4.07,4.07,4.08,3.95,3.82,3.73,3.37,4.06,3.79,3.56,4.34
GDI,24/07/2026,0.62,0.62,0.615,0.615,159278,0.67,0.67,0.685,0.665,0.685,0.685,0.675,0.685,0.68,0.67,0.67,0.655,0.65,0.66,0.66,0.655,0.64,0.645,0.655,0.65,0.64,0.65,0.655,0.63,0.63,0.625,0.615,0.61,0.585,0.585,0.595,0.63,0.62,0.6,0.6,0.59,0.59,0.6,0.595,0.595,0.61,0.595,0.595,0.595,0.61,0.615,0.625,0.635,0.63,0.615,0.62,0.625,0.615
GDM,24/07/2026,0.335,0.335,0.335,0.335,0,0.42,0.4,0.42,0.38,0.37,0.375,0.385,0.375,0.39,0.365,0.31,0.38,0.36,0.35,0.3275,0.3375,0.3,0.34,0.375,0.31,0.34,0.355,0.3,0.3,0.33,0.315,0.335,0.38,0.4,0.395,0.4,0.415,0.365,0.38,0.375,0.355,0.36,0,0.35,0.365,0.4,0.38,0.34,0.3675,0.34,0.35,0.365,0.37,0.315,0.35,0.34,0.325,0.335
GDR,24/07/2026,0.17,0.17,0.165,0.17,128438,0,0,0,0,0,0,0,0,0,0,0,0,0,0,0.215,0.195,0.2,0.195,0.2,0.2,0.195,0.21,0.205,0.2,0.21,0.2,0.215,0.21,0.195,0.2,0.18,0.185,0.175,0.175,0.17,0.16,0.175,0.165,0.17,0.16,0.165,0.15,0.165,0.155,0.16,0.145,0.15,0.15,0.165,0.15,0.17,0.16,0.17
GDX,24/07/2026,93.72,93.72,91.68,91.68,56204,80.77,80.18,90.05,89.36,91.71,93.65,99.79,105.82,104.71,112.1,116.64,114.64,131.44,112.56,110.62,110.39,119.9,112.81,126,124.18,130.01,129.96,136.05,132.4,137.7,147.29,157.75,151.44,135.78,144.52,150.67,162.24,149,143.97,123.25,125.24,136.87,141.81,139.25,132.81,126,132.2,131,124.07,125.43,122.47,112.92,118.52,112.25,100.54,94.23,87.86,91.68
GEAR,24/07/2026,35.27,35.48,34.82,35.01,200786,34.84,34.78,36.02,37.17,37.58,37.72,37.05,37.05,36.2,36.25,38.01,37.7,38.01,38.21,37,35.95,34.91,33,34.64,34.75,35.36,34.63,35.78,35.13,34.93,36.55,36.1,36.15,34.65,36.53,38.04,39.15,36.46,34.46,32.79,33.54,34.07,37.26,37.13,35.74,35.19,35.36,34.37,34.64,35.09,34.31,35.75,35.98,35.33,35.86,35.38,35.3,35.01
GED,24/07/2026,0.042,0.043,0.041,0.043,250000,0.026,0.022,0.026,0.036,0.043,0.043,0.055,0.063,0.065,0.065,0.071,0.078,0.075,0.062,0.055,0.05,0.06,0.051,0.052,0.058,0.055,0.059,0.062,0.062,0.067,0.065,0.063,0.059,0.053,0.05,0.057,0.06,0.061,0.061,0.055,0.05,0.0495,0.053,0.053,0.054,0.052,0.045,0.039,0.037,0.043,0.04,0.041,0.045,0.043,0.04,0.045,0.046,0.043
GEDO,24/07/2026,0.009,0.009,0.009,0.009,0,0.004,0.005,0.006,0.01,0.012,0.012,0.015,0.019,0.019,0.02,0.02,0.022,0.019,0.015,0.019,0.019,0.022,0.022,0.022,0.011,0.01,0.013,0,0.012,0.013,0.013,0.014,0.014,0.01,0.01,0.014,0.015,0.015,0.015,0.014,0.014,0,0,0.013,0.013,0.011,0.013,0.009,0.008,0.009,0.007,0.006,0.009,0.01,0.008,0,0.009,0.009
GEM,24/07/2026,0.135,0.14,0.13,0.135,2969992,0.915,0.915,0.945,0.935,0.895,0.85,0.815,0.795,0.855,0.825,0.855,0.85,0.825,0.84,0.805,0.65,0.71,0.685,0.715,0.705,0.69,0.69,0.7,0.685,0.7,0.685,0.68,0.67,0.64,0.46,0.46,0.335,0.305,0.255,0.22,0.235,0.23,0.245,0.255,0.24,0.18,0.165,0.165,0.165,0.15,0.135,0.15,0.13,0.125,0.14,0.15,0.135,0.135
GEN,24/07/2026,0.008,0.008,0.008,0.008,12551609,0.025,0.023,0.023,0.023,0.022,0.022,0.021,0.02,0.02,0.027,0.029,0.025,0.025,0.023,0.025,0.02,0.022,0.01,0.009,0.011,0.012,0.008,0.009,0.009,0.009,0.0095,0.009,0.007,0.007,0.007,0.008,0.008,0.008,0.007,0.007,0.007,0.007,0.007,0.007,0.006,0.006,0.0065,0.008,0.006,0.007,0.009,0.0085,0.0085,0.008,0.009,0.008,0.0085,0.008
GENO,24/07/2026,0.002,0.002,0.002,0.002,0,0,0,0,0,0,0,0,0,0,0,0,0,0,0,0,0,0,0,0,0,0,0.003,0,0.003,0.003,0.004,0.005,0.003,0.003,0.004,0.004,0.004,0.003,0.002,0.004,0.004,0,0,0.002,0.002,0.001,0.001,0.003,0.002,0.002,0.003,0.002,0.002,0.002,0.002,0,0.002,0.002
GES,24/07/2026,0.005,0.005,0.005,0.005,0,0.005,0.006,0.006,0.006,0.006,0.006,0.006,0.006,0.008,0.01,0.012,0.009,0.01,0.01,0.009,0.006,0.007,0.007,0.007,0.006,0.005,0.006,0.006,0.007,0.007,0.006,0.006,0.006,0.005,0.01,0.008,0.01,0.009,0.01,0.011,0.008,0.008,0.008,0.008,0.008,0.006,0.007,0.007,0.007,0.007,0.006,0.006,0.006,0.006,0.006,0.005,0.005,0.005
GFL,24/07/2026,2.88,2.88,2.88,2.88,0,3.73,3.67,3.72,3.7,3.71,3.77,3.75,3.84,3.82,3.77,3.78,3.78,3.78,3.75,3.73,3.7,3.78,3.68,3.71,3.66,3.62,3.62,3.55,3.52,3.62,3.59,3.35,3.3,3.3,3.33,3.22,3.2,3.21,3,2.92,2.9,2.9,2.95,2.95,2.89,2.86,2.84,2.84,2.8,2.8,2.82,2.79,2.76,2.85,2.9,2.88,2.91,2.88
GFLGA,24/07/2026,3.1,3.1,3.1,3.1,0,3.75,3.75,3.75,3.75,3.75,3.75,3.75,3.75,3.75,3.75,3.75,3.75,3.75,3.75,3.75,3.75,3.75,3.75,3.67,3.67,3.67,3.67,3.67,3.67,3.67,3.67,3.67,3.67,3.67,3.67,3.67,3.67,3.67,3.67,3.67,3.67,3.67,0,3.67,3.67,3.67,3.67,3.67,3.1,3.1,3.1,3.1,3.1,3.1,3.1,3.1,3.1,3.1
GFXD,24/07/2026,29.81,29.81,29.81,29.81,0,0,0,0,0,0,0,0,0,0,0,0,0,0,0,0,0,0,0,0,0,0,0,0,0,0,0,0,0,0,0,0,0,0,0,0,0,0,0,0,0,0,0,0,0,0,0,0,0,30.17,30.17,29.98,29.92,29.81
GG1,24/07/2026,0.175,0.175,0.175,0.175,0,0,0,0,0,0,0,0,0,0,0,0,0.3,0.25,0.24,0.225,0.24,0.25,0.22,0.2,0.165,0.16,0.195,0.205,0.195,0.205,0.21,0.19,0.18,0.1675,0.175,0.175,0.18,0.19,0.16,0.15,0.14,0.145,0.13,0.14,0.135,0.135,0.125,0.13,0.13,0.135,0.14,0.16,0.185,0.175,0.17,0.165,0.16,0.175
GG8,24/07/2026,0.305,0.305,0.29,0.295,540975,0.395,0.42,0.485,0.4,0.41,0.425,0.43,0.4,0.395,0.4,0.44,0.385,0.475,0.405,0.4,0.4,0.405,0.37,0.42,0.45,0.47,0.52,0.555,0.5,0.525,0.525,0.525,0.475,0.395,0.43,0.435,0.48,0.42,0.38,0.33,0.325,0.34,0.365,0.365,0.355,0.36,0.43,0.41,0.38,0.39,0.365,0.34,0.33,0.305,0.325,0.32,0.29,0.295
GGAB,24/07/2026,18.72,18.73,18.68,18.73,3066,20.84,21.16,21.27,21.5,21.2,21.11,20.96,21.42,21.57,20.77,21.13,21.02,22.25,22.085,21.28,21.2,20.75,20.69,20.39,19.68,19.56,19.4,19.4,19.3,19.82,19.65,19.33,19.33,19.45,19.64,19.71,20.03,19.37,18.9,18.84,18.31,18.6,0,18.7,18.83,18.82,18.96,18.66,19.26,19.59,19.37,19.66,19.79,20.07,19.79,19.34,19.59,18.73
GGBL,24/07/2026,26.97,26.97,26.79,26.84,14847,0,0,0,0,0,0,0,0,0,0,25.6,25.74,25.68,26.28,26.46,26.13,26.04,25.37,26.47,26.18,26.14,25.86,25.95,25.85,26.18,26.42,25.41,24.75,24.22,24.1,24.5,24.29,24.05,22.97,22.45,23.22,23.06,23.83,24.38,24.68,24.86,25.275,25.83,26.34,26.67,26.75,26.61,27.1,26.93,27.74,27.64,27.09,26.84
GGE,24/07/2026,0.0015,0.0015,0.0015,0.0015,50000,0.002,0.002,0.002,0.002,0.002,0.002,0.002,0.003,0.002,0.002,0.002,0.002,0.002,0.0025,0.002,0.002,0.002,0.002,0.002,0.002,0.0015,0.0015,0.0015,0.002,0.002,0.0015,0.002,0.002,0.003,0.003,0.0025,0.003,0.003,0.004,0.003,0.002,0.003,0.003,0.004,0.003,0.003,0.003,0.002,0.002,0.002,0.0015,0.002,0.0015,0.002,0.002,0.002,0.002,0.0015
GGEOA,24/07/2026,0.001,0.001,0.001,0.001,0,0.001,0.001,0.001,0.001,0.001,0.001,0.001,0.002,0.002,0.002,0.002,0.002,0.002,0.002,0.002,0.002,0.002,0.002,0.002,0.002,0.002,0.002,0,0.002,0.002,0.002,0.002,0.002,0.002,0.002,0.002,0.001,0.001,0.001,0.001,0.001,0,0,0.001,0.001,0.001,0.001,0.001,0.001,0.001,0.001,0.001,0.001,0.001,0.001,0,0.001,0.001
GGFD,24/07/2026,18.88,18.88,18.88,18.88,0,19.29,19.57,20.04,19.89,19.82,19.83,19.85,20.8,20.48,20.15,20.57,20.47,21.21,21,20.53,20.32,20.67,20.44,21.04,20.75,20.36,20.36,20.36,20.42,20.49,20.35,19.95,20.11,20.04,20.81,21.1,21.23,20.65,20.1,20.08,19.25,19.87,19.81,20.05,19.81,19.79,19.58,19.28,18.87,18.87,18.87,19.29,19.42,19.67,19.33,18.99,19,18.88
GGOV,24/07/2026,12.57,12.58,12.55,12.56,2830,12.94,12.99,13.18,13.12,12.98,13.07,13.17,13.57,13.42,13.37,13.43,13.39,13.77,13.71,13.54,13.47,13.45,13.42,13.6,13.4,13.27,13.26,13.3,13.08,13.16,13.26,13.18,13.07,13.2,13.42,13.52,13.66,13.4,13.11,13.2,12.98,12.89,13.04,12.95,13.02,12.89,12.94,12.75,12.7,12.97,12.96,13.02,13.12,13.25,12.89,12.74,12.72,12.56
GGP,24/07/2026,10.43,10.47,10.01,10.03,1092514,6.97,5.18,5.15,5.35,5.38,5.52,6.23,6.16,6.39,7.13,7.4,8.08,8.97,7.63,7.13,7.59,7.94,7.48,7.55,8.38,9.44,10.55,10.66,10.56,11.52,12.72,13.94,13.15,11.87,12.47,13,13.81,12.41,11.54,10.11,9.76,12.85,14.54,14.27,13.89,13.5,14.9,14.11,13.04,13.65,13.16,12.24,13.59,12.12,11.77,11.15,9.93,10.03
GGR,24/07/2026,0.175,0.175,0.145,0.175,23474,0,0,0,0,0,0,0,0,0,0,0,0,0,0,0.19,0.16,0.16,0.135,0.145,0.135,0.135,0.165,0.195,0.195,0.195,0.2,0.24,0.3,0.275,0.3,0.28,0.295,0.3,0.3,0.295,0.27,0.28,0.25,0.275,0.28,0.27,0.24,0.26,0.21,0.23,0.23,0.21,0.185,0.175,0.145,0.145,0.15,0.175
GGUS,24/07/2026,59.27,59.27,58.2,58.23,73955,45.05,44.27,44.46,46.6,44.65,46.71,46.96,47.93,48.6,48.22,49.96,50.08,47.75,50.14,51.82,49.73,49.65,46.95,50.96,51.52,51.91,49.89,51.78,51.35,51.98,52.58,51.94,52.17,49.06,50.24,50.89,51.11,50.23,47.54,46.25,45.9,44.1,49.41,53.13,54.26,56.05,58.11,58.67,59.9,61.59,61.19,58.49,59.59,56.7,60.13,60.5,59.38,58.23
GHHF,24/07/2026,35.63,35.63,35.3,35.42,24172,31.72,31.81,32.05,33.03,32.99,33.09,33.02,33.09,33.29,33.32,34.24,34.21,34.14,34.75,34.84,34.11,33.87,32.66,34.05,33.92,34.11,33.7,34.1,34,34.22,34.95,34.2,33.91,33.05,33.66,34.34,34.6,33.43,32.1,31.45,31.68,31.92,33.66,34.16,34.03,34.19,34.83,34.81,35.28,35.75,35.61,35.61,36.4,35.89,36.27,36,35.84,35.42
GHIF,24/07/2026,13.73,13.73,13.73,13.73,0,0,0,0,0,0,0,0,0,0,0,0,0,0,12.48,12.35,12.2,12.2,12.29,12.44,12.36,12.09,12.09,12.15,12.15,12.3,12.42,12.58,12.7,12.91,13.36,13.59,13.72,13.64,13.54,13.45,13.46,13.52,13.98,13.7,13.89,14.03,13.86,13.73,13.74,13.75,13.42,13.66,13.77,13.9,13.39,13.57,13.67,13.73
GHLD,24/07/2026,62.61,62.61,62.13,62.17,11241,53.16,52.33,53.81,53.05,52.72,53.9,56.13,57.61,57.6,58.95,60.68,62.38,68.6,64.5,62.87,62.84,66.41,63.68,66.93,66.15,66.76,67.96,70.15,68.62,70.05,71.92,77.5,81.33,76.3,77.8,77.89,80.79,80.08,79.39,73.26,69.04,72.43,73.89,74.4,72.65,71.54,73.26,70.8,69.94,69.9,68.77,64.57,64.01,61.84,64.61,63.62,61.78,62.17
GHM,24/07/2026,0.4,0.415,0.4,0.41,12359,0.425,0.39,0.49,0.51,0.45,0.465,0.47,0.595,0.64,0.67,0.67,0.73,0.775,0.79,0.74,0.695,0.705,0.68,0.805,0.78,0.78,0.73,0.765,0.76,0.73,0.745,0.775,0.7,0.695,0.715,0.665,0.69,0.66,0.6,0.5,0.435,0.445,0.45,0.52,0.49,0.45,0.51,0.48,0.45,0.47,0.435,0.425,0.45,0.415,0.47,0.435,0.4,0.41
GHRP,24/07/2026,48.7,48.7,48.38,48.38,325,0,0,0,0,0,0,0,0,0,0,0,0,0,0,0,0,0,0,0,0,0,0,0,0,0,0,0,0,0,0,0,0,0,0,0,0,0,0,0,0,0,0,50.04,50.04,50.7,50.87,50.87,51.88,49.94,48.88,48.88,48.88,48.38
GHY,24/07/2026,0.38,0.38,0.36,0.375,80935,0.56,0.56,0.565,0.52,0.5125,0.455,0.45,0.425,0.57,0.55,0.58,0.545,0.59,0.52,0.51,0.605,0.61,0.545,0.535,0.52,0.48,0.395,0.405,0.455,0.4,0.395,0.405,0.385,0.38,0.375,0.345,0.35,0.345,0.345,0.31,0.37,0.395,0.34,0.355,0.34,0.345,0.31,0.325,0.375,0.515,0.485,0.43,0.385,0.39,0.43,0.405,0.385,0.375
GIB,24/07/2026,0.031,0.031,0.031,0.031,0,0.04,0.047,0.047,0.046,0.046,0.046,0.056,0.058,0.059,0.06,0.059,0.06,0.064,0.061,0.062,0.057,0.06,0.058,0.06,0.058,0.056,0.06,0.061,0.065,0.068,0.071,0.058,0.05,0.049,0.052,0.053,0.047,0.052,0.058,0.055,0.05,0.049,0.05,0.048,0.048,0.045,0.047,0.05,0.038,0.04,0.04,0.036,0.037,0.032,0.032,0.036,0.034,0.031
GIVE,24/07/2026,2.86,2.87,2.85,2.86,33082,3.07,3.09,3.14,3.2,3.2,3.21,3.19,3.17,3.14,3.06,3.12,3.07,3.06,3.1,3.08,3.06,3.02,2.97,3.08,3.05,3,3.02,3.04,2.99,3,3.05,3.03,2.975,2.91,2.93,2.92,2.93,2.84,2.76,2.74,2.77,2.75,2.81,2.8,2.78,2.8,2.81,2.76,2.79,2.81,2.78,2.89,2.94,2.97,2.89,2.85,2.89,2.86
GL1,24/07/2026,0.5,0.515,0.475,0.5,331858,0.23,0.2,0.2225,0.24,0.205,0.23,0.28,0.325,0.35,0.335,0.335,0.395,0.47,0.51,0.515,0.47,0.58,0.565,0.61,0.6,0.56,0.57,0.6,0.61,0.615,0.6,0.585,0.5,0.51,0.5,0.49,0.525,0.475,0.495,0.52,0.475,0.49,0.525,0.59,0.59,0.575,0.585,0.505,0.515,0.525,0.5,0.48,0.475,0.395,0.44,0.46,0.47,0.5
GLB,24/07/2026,2.29,2.29,2.29,2.29,651,3.01,2.9,3,2.87,2.72,2.92,2.68,2.75,2.72,2.66,2.73,2.79,2.73,2.68,2.79,2.8,2.68,2.51,2.45,2.6,2.55,2.56,2.69,2.53,2.55,2.73,2.71,2.83,2.79,2.75,2.83,2.86,2.76,2.79,2.79,2.46,2.55,2.58,2.65,2.65,2.51,2.51,2.45,2.6,2.59,2.42,2.22,2.46,2.21,2.29,2.26,2.39,2.29
GLDN,24/07/2026,46.17,46.17,45.77,45.77,25286,40.65,40.7,41.41,40.85,41.3,41.46,43.3,43.67,44.08,45.55,46.54,48.1,53.65,50.26,48.47,49.05,51.14,49.94,50.88,50.61,50.87,51.97,53.05,51.85,52.93,54.48,57.46,59.23,55.15,55.8,56.42,57.75,57.9,57.36,52.9,51.03,53.87,53.4,53.04,52.2,50.9,51.94,50.65,50.2,50.06,49.56,47.09,46.89,46.2,47.73,47.01,45.36,45.77
GLE,24/07/2026,0.14,0.14,0.14,0.14,0,0.105,0.105,0.105,0.105,0.13,0.135,0.135,0.135,0.135,0.135,0.135,0.135,0.135,0.135,0.135,0.135,0.135,0.135,0.135,0.12,0.12,0.115,0.115,0.115,0.115,0.115,0.115,0.115,0.115,0.115,0.115,0.115,0.115,0.115,0.115,0.115,0.115,0,0.145,0.145,0.145,0.115,0.115,0.145,0.145,0.145,0.145,0.145,0.155,0.14,0.14,0.14,0.14
GLF,24/07/2026,4.34,4.36,4.28,4.3,149510,4.16,4.35,4.47,4.29,4.4,4.78,4.62,4.53,4.65,4.68,4.47,4.54,4.84,5.05,5.07,5.25,5.1,5.04,5.19,4.9,5.12,5.1,5.14,5.09,5.03,5.09,5.2,5.03,4.83,5.05,5.11,5.35,5.1,5,4.8,4.6,4.29,4.3,4.51,4.65,4.74,4.54,4.51,4.68,4.76,4.8,4.52,4.75,4.54,4.55,4.58,4.45,4.3
GLH,24/07/2026,0.061,0.061,0.061,0.061,0,0.071,0.076,0.081,0.094,0.11,0.092,0.11,0.135,0.13,0.1,0.1,0.1,0.1,0.1,0.105,0.099,0.1,0.1,0.091,0.09,0.088,0.088,0.084,0.087,0.085,0.08,0.079,0.077,0.073,0.073,0.074,0.072,0.069,0.067,0.07,0.067,0.067,0,0.067,0.068,0.062,0.062,0.062,0.061,0.061,0.058,0.054,0.053,0.059,0.06,0.065,0.065,0.061
GLIN,24/07/2026,31.44,31.44,31.27,31.33,81143,28.07,28.01,28.52,28.61,28.81,28.41,28.23,28.38,28.05,28.53,28.86,28.93,29.22,29.23,28.62,28.73,29.15,28.88,29.27,28.96,28.69,28.57,28.77,28.8,28.68,29.13,29.15,29.6,30.18,31.32,31.69,31.92,31.59,31.35,31.03,31.02,31.27,31.98,31.24,31.62,31.63,30.99,31.37,31.6,31.51,31.32,31.59,31.42,32.26,30.81,30.87,31.21,31.33
GLL,24/07/2026,0.0065,0.007,0.006,0.006,934552,0.011,0.011,0.012,0.009,0.011,0.011,0.011,0.009,0.009,0.008,0.01,0.01,0.012,0.009,0.008,0.009,0.01,0.01,0.01,0.008,0.0065,0.006,0.008,0.007,0.007,0.011,0.01,0.007,0.007,0.006,0.006,0.006,0.007,0.006,0.0065,0.007,0.006,0.0065,0.006,0.007,0.007,0.006,0.007,0.007,0.006,0.0065,0.006,0.005,0.006,0.007,0.007,0.006,0.006
GLLOD,24/07/2026,0.003,0.003,0.003,0.003,1947803,0,0,0,0,0,0,0,0,0,0,0,0,0,0,0,0,0,0,0,0,0,0,0,0,0,0,0,0,0,0,0,0.002,0.002,0.002,0.002,0.002,0,0,0.002,0.002,0.002,0.002,0.002,0.002,0.003,0.003,0.002,0.002,0.002,0.003,0,0.002,0.003
GLN,24/07/2026,0.29,0.295,0.28,0.29,3597273,0.16,0.135,0.14,0.14,0.14,0.17,0.155,0.135,0.13,0.145,0.15,0.16,0.15,0.155,0.155,0.14,0.195,0.23,0.265,0.235,0.27,0.265,0.32,0.335,0.355,0.365,0.47,0.375,0.33,0.33,0.36,0.415,0.385,0.39,0.33,0.345,0.395,0.43,0.475,0.495,0.545,0.515,0.455,0.435,0.51,0.405,0.39,0.42,0.35,0.365,0.325,0.29,0.29
GLNOB,24/07/2026,0.11,0.11,0.11,0.11,0,0.015,0.015,0.015,0.013,0.013,0.019,0.024,0.02,0.019,0.019,0.019,0.03,0.03,0.03,0.03,0.03,0.05,0.07,0.08,0.07,0.07,0.08,0,0.08,0.095,0.105,0.14,0.12,0.12,0.13,0.13,0.17,0.17,0.17,0.16,0.14,0,0,0.13,0.175,0.18,0.18,0.18,0.14,0.145,0.14,0.15,0.15,0.15,0.15,0,0.12,0.11
GLOB,24/07/2026,4.56,4.56,4.52,4.52,267535,4.72,4.7,4.65,4.74,4.79,4.78,4.78,4.78,4.82,4.81,4.89,4.83,4.86,4.93,4.86,4.86,4.94,4.81,4.92,4.93,4.97,4.94,4.93,4.86,4.98,5.05,4.96,4.87,4.87,4.87,4.95,4.92,4.79,4.62,4.57,4.74,4.79,4.9,4.88,4.92,4.96,4.95,4.98,5.06,5.06,5.16,5.17,5.18,5.19,4.58,4.56,4.54,4.52
GLPR,24/07/2026,29.34,29.42,29.3,29.3,28360,26.52,25.79,26.18,26.1,26.34,26.54,26.57,27.01,26.66,26.58,26.88,26.38,26.74,27.16,26.48,26.66,26.59,26.36,26.83,26.6,26.4,26.48,26.44,26.63,26.85,27.29,26.85,27.04,27.48,28.26,28.56,28.88,28.43,27.84,27.63,26.76,26.92,27.97,28.57,28.55,28.62,28.74,28.53,28.94,28.92,28.52,28.91,28.51,29.54,28.82,28.67,29.29,29.3
GLS,24/07/2026,2.1,2.14,2.07,2.1,1377506,0,0,0,0,0,0,0,0,0,0,0,0,0,0,0,0,0,0,0,1.73,1.7,1.71,1.8,1.665,1.74,1.825,1.86,1.905,1.89,1.98,2.02,2.06,2.02,1.78,1.705,1.64,1.69,1.81,1.895,1.89,1.92,1.835,1.86,1.795,1.71,1.805,1.845,1.935,1.98,2.08,2.08,2.04,2.1
GMD,24/07/2026,5.96,6.05,5.75,5.87,6512294,3.92,3.62,4.02,4.32,4.02,4.51,5.36,5.69,5.05,5.64,6.14,5.85,6.81,5.94,5.84,5.88,6.29,6.17,6.66,6.4,6.9,6.99,7.46,7.3,7.29,7.3,7.86,7.59,6.65,6.87,6.87,7.43,6.73,6.26,5.63,5.62,5.87,6.54,6.58,6.32,5.74,6.22,6.31,5.9,5.86,5.36,5.32,5.96,5.39,6.29,5.67,5.56,5.87
GMG,24/07/2026,29.16,29.22,28.6,28.61,3161050,34.84,34.64,35.41,35.89,33.9,34.35,33.48,34.37,34.36,32.88,34.01,33.22,33.68,34.03,33.03,30.88,29.57,28.64,29.68,29.51,29.44,28.8,31.65,30.82,30.2,31.61,31,30.73,28.89,31.02,30.32,28.94,27.78,25.71,25.5,25.41,26.08,27.97,29.38,29.14,29.96,30.26,31.38,30.28,31.67,31.1,31.52,31.5,32.01,30.78,29.97,29.41,28.61
GML,24/07/2026,0.049,0.053,0.0485,0.052,1827863,0.027,0.027,0.029,0.027,0.028,0.056,0.063,0.065,0.065,0.061,0.069,0.08,0.089,0.105,0.088,0.08,0.078,0.085,0.085,0.077,0.074,0.074,0.073,0.073,0.07,0.072,0.075,0.07,0.073,0.072,0.074,0.081,0.079,0.074,0.063,0.06,0.06,0.07,0.066,0.072,0.068,0.064,0.064,0.064,0.056,0.051,0.047,0.047,0.047,0.053,0.049,0.048,0.052
GMLO,24/07/2026,0.02,0.02,0.02,0.02,0,0.011,0.011,0.011,0.011,0.011,0.026,0.033,0.031,0.035,0.035,0.033,0.05,0.055,0.08,0.065,0.048,0.048,0.052,0.055,0.045,0.045,0.045,0,0.045,0.049,0.049,0.05,0.04,0.04,0.04,0.036,0.053,0.041,0.042,0.042,0.036,0,0,0.038,0.038,0.038,0.034,0.033,0.031,0.031,0.024,0.033,0.033,0.033,0.033,0,0.02,0.02
GMN,24/07/2026,0.074,0.076,0.074,0.076,5231,0.09,0.057,0.059,0.063,0.065,0.068,0.092,0.088,0.08,0.1,0.083,0.0725,0.078,0.082,0.068,0.065,0.066,0.066,0.06,0.054,0.048,0.072,0.072,0.061,0.062,0.065,0.073,0.07,0.072,0.095,0.1675,0.14,0.115,0.13,0.11,0.09,0.105,0.12,0.125,0.13,0.115,0.125,0.11,0.115,0.12,0.105,0.105,0.09,0.081,0.078,0.076,0.076,0.076
GMNOC,24/07/2026,0.023,0.023,0.023,0.023,0,0,0.001,0.001,0.001,0.001,0.001,0.001,0.001,0.001,0.001,0.001,0.001,0.001,0.001,0.001,0.001,0.001,0.001,0.001,0.001,0.001,0.001,0,0.001,0.001,0.001,0.001,0.001,0.004,0.004,0.023,0.023,0.023,0.023,0.023,0.023,0,0,0.023,0.023,0.023,0.023,0.023,0.023,0.023,0.023,0.023,0.023,0.023,0.023,0,0.023,0.023
GMNOD,24/07/2026,0.03,0.03,0.03,0.03,0,0,0,0,0,0,0,0,0,0,0,0,0,0,0,0,0,0,0,0,0,0,0,0,0,0,0,0,0,0,0,0,0,0.028,0.035,0.03,0.03,0,0,0.035,0.035,0.037,0.037,0.037,0.037,0.037,0.037,0.037,0.03,0.03,0.03,0,0.03,0.03
GMTL,24/07/2026,12,12,11.61,11.61,11329,8.92,8.48,9.01,9.38,9.49,9.91,9.79,10.02,10.16,10.72,11.35,11.84,12.08,11.85,11.96,11.79,12.3,11.6,12.12,12.48,12.62,12.75,13.3,13.45,14.17,15.07,15.17,15.05,14.01,14.65,14.6,15.75,14.74,14.61,13.03,13.79,14.2,14.75,15.18,14.83,14.77,15.1,15.04,14.99,15.26,15.22,14.85,14.77,13.75,12.49,12.05,11.39,11.61
GMVW,24/07/2026,37.28,37.385,36.86,37.11,5692,41.36,41.21,42.43,43.87,44.76,43.96,43.31,42.99,42.52,42.36,43.98,43.55,43.51,44.11,42.35,40.48,39.98,38.24,40.63,39.98,39.65,38.88,39.73,38.95,39.39,40.44,40.49,39.91,37.16,37.57,38.9,40.04,38.43,36.22,34.7,35.38,35.57,38.39,39.28,37.89,38.11,37.19,36.93,37.11,37.28,37.49,39.53,39.26,38.67,37.94,38,38.08,37.11
GNC,24/07/2026,5.4,5.48,5.33,5.45,1268467,7.59,7.48,7.7,7.99,8.04,7.99,8.64,8.55,8.89,8.94,9.03,9.05,8.67,8.63,8.85,8.84,7.99,8.45,8.08,8.22,8.37,7.04,7.11,7.21,7.13,7.29,7.22,7.2,5.61,5.67,5.84,6.16,6.2,6.09,6.18,6.6,6.64,6.65,6.35,6.4,6.31,6.1,5.21,4.76,4.93,5.12,5.18,5.01,4.98,4.75,4.86,5.02,5.45
GNDQ,24/07/2026,37.37,37.37,36.77,36.98,7851,30.92,31.77,31.55,32.59,31.77,31.91,32.09,31.75,33.12,33.4,34.2,34.69,34.3,35.29,36.76,35.49,34.48,33.38,35.32,35.34,34.9,34.12,34.33,34.18,34.26,34.49,33.17,32.39,30.09,29.8,30.42,30.09,30.77,29.54,29.13,28.93,29.03,30.58,32.19,33.66,34.23,36.23,37.77,38.38,39.56,39.71,39.05,40.61,39.4,39.46,39.54,37.21,36.98
GNE,24/07/2026,2.17,2.17,2.12,2.16,17814,2.17,2.15,2.14,2.18,2.14,2.12,2.13,2.12,2.11,2.06,2.08,2.15,2.19,2.24,2.21,2.16,2.19,2.15,2.12,2.05,2.19,2.09,2.09,2.08,2.09,2.06,2.1,2.12,2.1,2.13,2.05,1.95,1.88,1.79,1.855,1.825,1.795,1.84,1.85,1.9,2,2.02,2.03,2,2.1,2.18,2.13,2.11,2.06,2.13,2.14,2.17,2.16
GNG,24/07/2026,5.45,5.7,5.28,5.65,401604,3.84,3.94,4.09,4.27,4.41,4.37,4.13,3.93,3.82,3.86,3.88,3.89,3.84,3.52,3.66,3.84,4.1,3.99,4.17,4.26,4.12,4.14,4.35,4.39,4.27,4.19,4.25,4.34,4.12,4.55,4.65,5.07,4.13,3.98,4.15,3.81,3.87,4.19,4.44,4.62,4.6,4.7,4.96,5.15,5.83,5.81,5.67,5.61,5.11,5.25,4.84,5.02,5.65
GNM,24/07/2026,0.044,0.044,0.043,0.043,178867,0.02,0.016,0.016,0.016,0.07,0.078,0.068,0.068,0.08,0.079,0.085,0.085,0.091,0.072,0.07,0.058,0.06,0.055,0.057,0.048,0.044,0.043,0.045,0.045,0.047,0.051,0.049,0.043,0.038,0.038,0.038,0.04,0.038,0.035,0.035,0.032,0.03,0.03,0.036,0.034,0.033,0.032,0.033,0.049,0.046,0.039,0.04,0.04,0.03,0.03,0.033,0.035,0.043
GNMO,24/07/2026,0.022,0.022,0.022,0.022,0,0,0,0,0,0,0,0,0,0,0,0,0,0,0,0,0.03,0.038,0.02,0.03,0.027,0.03,0.029,0,0.029,0.025,0.025,0.029,0.022,0.018,0.017,0.016,0.018,0.017,0.015,0.014,0.012,0,0,0.014,0.014,0.016,0.016,0.016,0.027,0.023,0.017,0.017,0.019,0.019,0.016,0,0.019,0.022
GNP,24/07/2026,9.25,9.29,8.95,9.11,382067,4.3,4.53,4.55,4.82,4.57,5.26,5.18,5.27,6.21,6.3,5.95,6.15,5.8,6.39,6.95,6.56,6.55,6.12,6.52,6.3,6.55,6.05,6.19,6.2,6.39,7.07,7.76,7.47,6.82,6.85,7.45,7.8,7.73,7.79,7.8,7.39,7.53,8.19,8.02,9.2,9.5,9.45,9.74,9.6,9.5,10.08,10.26,10,10.83,10.06,9.39,9.07,9.11
GOAT,24/07/2026,26.01,26.25,26,26,31085,28.14,27.92,27.77,28.62,28.86,28.37,28.36,28.2,28.17,27.79,28.75,28.92,29.19,30,29.03,28.77,29.03,28.18,29.05,29.28,29.45,29.12,28.96,29.09,30.03,30.42,29.78,28.57,28.51,28.24,28.67,28.42,27.44,26.15,25.76,25.92,26.16,26.28,26.8,26.43,26.13,26.3,25.59,26.87,26.99,26.7,26.87,27.12,27.11,25.66,25.05,25.22,26
GOLD,24/07/2026,53.28,53.28,52.73,52.78,127793,46.98,47.05,47.75,47.15,47.63,47.88,49.97,50.4,50.99,52.64,53.63,55.46,62.1,58.03,56.02,56.61,58.99,57.35,58.72,58.38,58.71,59.9,61.25,59.98,61.08,62.87,66.29,68.1,63.68,64.99,65.14,66.73,66.76,66.19,61.13,58.91,62.14,61.72,61.25,60.17,58.6,59.88,58.31,57.93,57.64,57.04,54.37,54.02,53.2,55.1,54.21,52.26,52.78
GOOD,24/07/2026,50.1,50.1,50.1,50.1,1,50.99,50.99,51.13,51.32,51.28,51.28,51.18,51.3,51.43,51.43,51.36,51.29,51.37,51.48,51.33,51.1,50.94,51.09,50.96,50.51,50.44,50.57,50.47,50.47,50.72,50.75,50.66,50.77,50.77,50.76,50.87,50.87,50.87,50.52,50.41,50.48,50.42,0,50.62,50.75,49.94,49.94,50.09,50.05,50.05,50.26,50.41,50.44,50.68,50.61,50.26,50.24,50.1
GOVT,24/07/2026,23.99,23.99,23.93,23.96,899,24.61,24.68,24.79,24.83,24.72,24.78,24.73,24.85,24.88,24.74,24.63,24.64,24.98,24.92,24.71,24.72,24.58,24.58,24.51,24.35,24.27,24.29,24.28,24.08,24.29,24.28,24.17,24.17,24.16,24.29,24.31,24.41,24.19,24.04,23.96,23.83,23.83,23.91,23.89,23.93,23.91,23.99,23.94,24.16,24.26,24.19,24.31,24.34,24.47,24.26,24.24,24.13,23.96
GOW,24/07/2026,2.16,2.16,2.16,2.16,0,2.13,2.2,2.25,2.25,2.27,2.34,2.45,2.36,2.3,2.31,2.29,2.28,2.32,2.25,2.27,2.2,2.22,2.23,2.34,2.21,2.24,2.23,2.3,2.28,2.31,2.23,2.28,2.2,2.28,2.27,2.28,2.25,2.2,2.26,2.2,2.2,2.24,2.12,2.18,2.27,2.27,2.27,2.27,2.17,2.12,2.11,2.15,2.21,2.13,2.25,2.15,2.27,2.16
GOZ,24/07/2026,2.16,2.16,2.13,2.14,153755,2.38,2.43,2.51,2.53,2.45,2.48,2.46,2.59,2.61,2.56,2.62,2.55,2.58,2.65,2.56,2.6,2.53,2.5,2.54,2.52,2.48,2.52,2.53,2.42,2.48,2.43,2.39,2.29,2.21,2.22,2.25,2.24,2.16,2.15,2.19,2.12,2.12,2.15,2.19,2.21,2.19,2.19,2.16,2.14,2.19,2.14,2.28,2.33,2.31,2.12,2.18,2.17,2.14
GPEQ,24/07/2026,18.51,18.51,18.46,18.51,2961,25.6,25.45,25.15,25.58,25.17,25.1,24.88,24.94,25.32,24.33,24.05,23.55,23.35,23.59,23.38,23.17,22.72,22.42,23.13,23.16,23.8,23.7,23.45,23.41,23.72,24.05,23.1,21.96,20.26,20.31,20.03,19.15,18.85,17.38,17.88,18.04,18.1,18.2,19.27,19.08,19.12,19.07,18.72,18.83,18.79,18.68,18.87,18.85,18.37,18.37,18.36,18.88,18.51
GPR,24/07/2026,0.03,0.03,0.029,0.029,98792,0.028,0.028,0.03,0.03,0.033,0.031,0.029,0.035,0.04,0.04,0.04,0.038,0.045,0.039,0.039,0.033,0.035,0.033,0.038,0.0345,0.032,0.033,0.035,0.04,0.05,0.061,0.053,0.053,0.052,0.057,0.057,0.052,0.054,0.05,0.043,0.042,0.051,0.05,0.048,0.048,0.047,0.046,0.053,0.05,0.046,0.044,0.036,0.033,0.029,0.029,0.028,0.027,0.029
GPT,24/07/2026,4.92,4.99,4.895,4.95,3586235,4.97,5.06,5.17,5.27,5.54,5.58,5.42,5.51,5.39,5.29,5.46,5.37,5.42,5.61,5.36,5.5,5.44,5.48,5.55,5.47,5.47,5.61,5.59,5.46,5.46,5.52,5.29,5.29,5.07,5.03,5.01,5.06,4.78,4.63,4.56,4.53,4.45,4.65,4.67,4.78,4.81,4.68,4.75,4.78,4.85,4.74,5.11,4.98,5.15,4.81,4.89,4.97,4.95
GQG,24/07/2026,1.37,1.37,1.345,1.35,2068883,2.15,2.04,1.725,1.785,1.775,1.745,1.74,1.685,1.67,1.665,1.73,1.595,1.595,1.61,1.565,1.435,1.45,1.625,1.85,1.805,1.765,1.795,1.775,1.76,1.815,1.65,1.57,1.57,1.695,1.735,1.725,1.835,1.93,1.745,1.69,1.675,1.785,1.78,1.7,1.635,1.665,1.63,1.605,1.54,1.445,1.39,1.47,1.47,1.46,1.47,1.44,1.395,1.35
GR8,24/07/2026,0.475,0.5,0.45,0.45,41465,0.13,0.13,0.13,0.13,0.13,0.13,0.13,0.195,0.2,0.2,0.2,0.2,0.2,0.2,0.2,0.185,0.185,0.185,0.16,0.205,0.2,0.2,0.195,0.195,0.195,0.195,0.195,0.2,0.235,0.65,0.6,0.62,0.7,0.68,0.6,0.6,0.51,0.55,0.72,0.8,0.845,0.72,0.8,0.7,0.73,0.7,0.64,0.6,0.62,0.565,0.65,0.56,0.45
GRE,24/07/2026,0.063,0.063,0.06,0.063,368731,0.087,0.062,0.066,0.069,0.064,0.07,0.06,0.063,0.06,0.057,0.053,0.054,0.056,0.063,0.059,0.061,0.07,0.068,0.071,0.078,0.066,0.07,0.12,0.115,0.13,0.135,0.15,0.13,0.105,0.12,0.115,0.13,0.099,0.084,0.069,0.066,0.078,0.08,0.083,0.08,0.083,0.075,0.078,0.079,0.076,0.076,0.07,0.071,0.066,0.06,0.066,0.058,0.063
GREO,24/07/2026,0.02,0.02,0.02,0.02,0,0.024,0.014,0.014,0.014,0.008,0.015,0.015,0.015,0.017,0.017,0.016,0.016,0.017,0.017,0.017,0.017,0.017,0.017,0.017,0.02,0.018,0.025,0,0.06,0.065,0.065,0.07,0.06,0.06,0.06,0.038,0.038,0.038,0.033,0.03,0.03,0,0,0.04,0.04,0.04,0.03,0.03,0.03,0.025,0.025,0.025,0.025,0.026,0.025,0,0.024,0.02
GRIN,24/07/2026,18.5,18.61,18.42,18.45,709,20.72,20.67,20.2,20.16,21,20.02,20.12,20.225,20.84,20.29,20.36,20.18,20.68,20.82,20.59,20.41,20.485,20.64,20.28,19.51,19.35,19.77,19.9,19.84,19.56,19.6,18.73,18.36,18.95,18.61,18.8,19,18.08,17.6,17.3,17,17.27,18.18,18.66,18.3,18.15,18.76,17.99,18.22,18.4,18.65,18.45,19.66,19.51,19.45,19.45,18.8,18.45
GRL,24/07/2026,0.017,0.018,0.016,0.016,2463886,0.014,0.012,0.011,0.015,0.014,0.014,0.012,0.013,0.013,0.017,0.019,0.017,0.023,0.022,0.016,0.0135,0.016,0.015,0.014,0.015,0.017,0.017,0.022,0.027,0.035,0.041,0.042,0.035,0.032,0.041,0.032,0.033,0.034,0.029,0.02,0.022,0.022,0.023,0.023,0.022,0.019,0.018,0.017,0.019,0.018,0.02,0.019,0.016,0.017,0.017,0.02,0.018,0.016
GRNV,24/07/2026,30.74,30.74,30.39,30.44,3692,33.55,33.51,34.12,34.36,34.79,34.94,34.6,34.61,34.35,33.55,35.08,35.04,35.2,35.2,34.55,33.86,33.78,33.01,34.04,33.34,33.5,33.27,33.9,32.99,33.16,33.64,33.79,33.39,32.1,31.87,32.47,32.89,31.68,30.19,29.27,29.65,29.91,31.13,31.73,31.04,31.12,31.13,30.73,30.51,30.05,30.5,31.22,31.76,31.69,31.48,31.08,30.96,30.44
GROW,24/07/2026,4.04,4.04,4.03,4.03,51293,3.84,3.84,3.85,3.87,3.89,3.91,3.9,3.92,3.93,3.92,3.96,3.95,3.95,3.96,3.99,3.96,3.99,3.95,4.01,3.97,3.98,3.98,3.99,3.98,4.03,4.07,4.07,4.07,4.01,4.05,4.07,4.09,4.02,3.99,4,3.96,3.97,4.02,4.04,4.04,4.01,4.05,4.05,4.05,4.07,4.04,4.04,4.05,4.05,4.03,4.04,4.02,4.03
GRPA,24/07/2026,25.62,25.62,25.62,25.62,0,0,0,0,0,0,0,0,0,0,0,25.18,25.07,25.04,25.02,24.82,24.29,24.45,23.96,24.45,24.55,24.61,24.21,24.71,24.56,24.65,25.03,25.1,25.17,24.9,25,25.41,25.5,25.26,25.26,24.4,24.4,25.39,0,25.39,25.49,25.43,25.2,25.63,25.63,25.91,25.74,25.63,26.54,25.99,25.56,25.77,25.76,25.62
GRR,24/07/2026,0.14,0.145,0.14,0.14,618072,0.19,0.19,0.195,0.215,0.2,0.2,0.2,0.2,0.21,0.235,0.24,0.24,0.235,0.22,0.27,0.255,0.24,0.23,0.26,0.28,0.28,0.275,0.28,0.275,0.28,0.275,0.26,0.26,0.22,0.23,0.235,0.23,0.195,0.2,0.19,0.19,0.19,0.185,0.18,0.165,0.17,0.17,0.16,0.155,0.16,0.155,0.16,0.15,0.145,0.145,0.145,0.145,0.14
GRV,24/07/2026,0.038,0.038,0.038,0.038,0,0.044,0.051,0.046,0.05,0.059,0.066,0.061,0.051,0.053,0.054,0.053,0.057,0.054,0.051,0.055,0.045,0.044,0.041,0.042,0.0425,0.044,0.038,0.039,0.041,0.041,0.04,0.04,0.038,0.037,0.039,0.033,0.036,0.033,0.035,0.033,0.038,0.036,0.037,0.036,0.034,0.036,0.035,0.041,0.036,0.036,0.033,0.033,0.038,0.04,0.038,0.045,0.041,0.038
GRX,24/07/2026,0.875,0.875,0.875,0.875,17,0.785,0.775,0.76,0.76,0.785,0.76,0.725,0.775,0.785,0.785,0.765,0.725,0.75,0.83,0.825,0.8,0.87,0.83,0.9,0.855,0.88,0.89,0.835,0.855,0.87,0.98,1.015,1.015,0.955,1.01,0.98,0.92,0.945,0.89,0.855,0.855,0.93,0.895,0.89,0.895,0.88,0.91,0.88,0.9,0.935,0.955,0.93,0.97,0.92,0.91,0.91,0.88,0.875
GSBE36,24/07/2026,95.47,95.47,95.25,95.25,6022,100.84,101.19,101.84,101.81,101.25,101.49,101.1,100,99.88,98.75,99.44,99.18,101.58,101.29,99.88,99.82,99.06,98.96,98.53,97.31,97.18,96.83,0,96.83,97.9,97.86,97.06,97.16,96.77,97.9,98.07,98.75,97.36,94.6,94.27,93.59,0,0,94.62,94.76,94.73,95.02,94.39,95.7,96.25,95.87,96.6,96.94,97.58,97.15,0,96.48,95.25
GSBE47,24/07/2026,72,72,72,72,0,75.912,76.658,77.38,77.126,76.503,76.956,76.399,76.166,76,74.948,75.4,75.484,77.208,77.8,75.966,75.8,75.443,75,74.5,73.454,73.577,73.133,0,72.501,73.273,74,73,72.548,72.204,73.29,74.259,74.85,73.637,71.679,70.3,70.43,0,0,71.384,71.384,70.38,71.45,70.743,70.05,72,72.387,72.208,72.735,74.015,73.261,0,72.565,72
GSBG27,24/07/2026,101.44,101.5,101.41,101.41,15619,103.53,103.82,103.76,103.88,103.87,104,103.91,104.02,104.15,104.11,104.06,101.84,102.29,102.1,102.01,102.07,102.02,102.08,102,101.89,101.87,101.9,0,102.03,102.18,102.2,102.18,102.18,102.06,102.25,102.4,102.51,102.42,102.25,102.18,102.25,0,0,101.9,100.16,100.28,100.41,100.48,100.62,100.78,100.83,100.93,101,101.16,101.25,0,101.38,101.41
GSBG29,24/07/2026,97.462,97.462,97.351,97.351,104,100.098,100.266,100.233,100.735,100.318,100.725,100.537,100.694,100.522,100.055,100.296,98.939,99.954,99.754,99.061,99.079,98.613,98.754,98.135,97.95,97.937,97.677,0,97.609,98.396,98.409,98.055,97.795,97.766,97.969,98.255,98.581,97.79,97.451,97.06,97.255,0,0,96.288,95.984,95.997,96.562,96.495,97.054,97.003,96.867,97.288,97.658,97.932,97.872,0,97.821,97.351
GSBG33,24/07/2026,99.32,99.32,99.08,99.1,2508,104.03,104.39,104.88,105.2,104.53,104.79,104.71,105.28,102.51,104.37,104.9,102.65,104.37,104.08,103,102.97,102.31,102.3,101.62,100.85,100.7,100.49,0,100.43,101.44,101.42,100.3,100.8,100.53,101.21,101.33,101.93,100.84,100.3,99.78,99.23,0,0,98.05,98.09,98.11,98.48,98.05,99.21,99.71,99.37,99.95,100.12,100.7,100.46,0,100.1,99.1
GSBG37,24/07/2026,90.535,90.612,90.459,90.459,3138,95.336,95.666,96.369,96.562,95.942,95.841,94.99,96.882,96.83,95.305,96.35,94.184,96.05,95.67,95.041,94.58,94.132,93.59,93.535,92.516,91.55,91.962,0,91.866,92.866,92.12,91.267,91.287,91.82,92.8,92.8,93.05,92.101,90.982,90.596,90.929,0,0,89.3,89.94,89.38,90.23,89.764,90.5,91.089,90.351,91.965,92.163,91.956,91.468,0,91.626,90.459
GSBI28,24/07/2026,96.39,96.39,96.16,96.16,924,97.45,97.57,97.83,97.97,97.66,97.93,97.81,98.01,98.06,97.88,97.91,97.91,98.59,98.45,97.96,98.02,96.56,96.6,96.49,96.07,95.9,96.15,0,96.24,96.37,96.62,96.375,96.17,96.24,96.29,96.429,96.55,96.46,96.22,95.95,95.99,0,0,96.37,96.4,96.32,96.63,95.44,95.64,96.01,95.94,96.06,96.29,96.48,96.51,0,96.56,96.16
GSBI30,24/07/2026,93.097,93.097,93.023,93.023,15000,95.83,96.14,96.024,96.024,96.024,96.024,96.067,96.357,96.154,96.356,96.207,96.147,96.513,97.098,96.272,96.2,94.413,94.391,94.014,93.701,93.192,93.243,0,93.551,93.778,94.065,93.552,93.221,93.28,93.553,93.553,93.919,93.564,93.463,92.807,92.807,0,0,92.807,92.949,93.401,93.401,92.013,92.013,92.013,92.013,92.013,92.013,93.893,93.792,0,93.794,93.023
GSBI32,24/07/2026,82.82,82.82,82.82,82.82,0,84.25,84.47,84.47,84.88,84.84,84.64,84.73,85.35,85.15,84.58,84.58,84.8,85.84,86.1,85.1,85.1,83.82,83.75,83.78,82.71,82.39,82.47,0,82.53,82.26,82.26,82.7,82.52,82.34,82.97,82.97,83.43,82.79,82.01,81.71,81.17,0,0,82.32,82.34,82.34,82.34,81.5,81.43,81.43,82.51,82.51,83.32,83.32,83.32,0,83.32,82.82
GSBI34,24/07/2026,93.11,93.11,93.08,93.11,5808,97.36,97.62,98.19,98.51,98.04,98.24,97.94,98.69,98.55,97.69,98.34,98.07,100.11,99.76,98.6,98.56,95.89,95.87,95.33,94.61,94.15,94.09,0,94.12,94.95,94.93,94.28,94.33,92.63,95.02,95.1,95.69,94.47,93.89,93.49,93.13,0,0,93.94,94,94.08,94.37,91.99,93.17,93.66,93.35,94.1,94.28,94.83,94.53,0,94,93.11
GSBI41,24/07/2026,75.11,75.11,75.11,75.11,0,78.31,79.21,79.86,79.77,79.26,78.9,78.78,79.93,79.93,79.93,79.75,79.52,81.05,81.44,80.5,80.02,77.74,77.56,77.5,76.47,75.26,75.68,0,75.95,76.92,76.54,75.68,76.24,76.31,76.69,77.04,77.61,76.57,75.59,75.7,74.99,0,0,75.81,75.85,75.22,76.09,74.04,74.68,75.03,75.12,75.61,76.14,76.6,75.9,0,75.78,75.11
GSBK31,24/07/2026,86.602,86.602,86.602,86.602,8,88.417,88.417,88.417,88.417,88.417,88.417,88.417,88.417,88.417,88.417,89.072,89.072,89.072,89.072,89.072,89.072,89.072,89.072,89.072,89.072,89.072,89.072,0,86.144,86.144,86.144,86.144,86.144,86.144,86.144,86.144,86.144,86.144,86.144,85.8,85.8,0,0,85.25,85.25,85.25,85.25,85.73,86.473,86.91,86.91,86.91,86.91,87.15,87.15,0,87.196,86.602
GSBK35,24/07/2026,84.15,84.16,84.12,84.13,6705,87.51,88.05,88.58,88.82,88.07,88.49,88.18,88.86,88.86,87.9,88.59,88.36,90.37,90.2,88.93,88.9,88.11,88.02,87.59,86.69,85.12,84.85,0,84.86,85.68,85.56,85.02,84.98,85.08,85.82,85.9,86.5,85.27,84.66,84.38,83.95,0,0,84.67,84.77,84.83,85.08,84.55,85.72,86.22,85.89,85.26,85.47,86.03,85.66,0,85.07,84.13
GSBK39,24/07/2026,82.7,82.824,82.7,82.7,170,87.426,87.816,88.514,88.612,87.23,88.222,87.785,89.005,88.962,87.851,87.554,88.178,89.879,89.62,88.276,88.596,88.133,87.857,87.516,86.143,83.75,83.459,0,84.138,85.241,85.081,84.406,83.65,84.202,84.459,85.412,86.14,84.8,84.086,83.214,83.167,0,0,83.875,83.956,83.069,83.55,82.665,83.493,85.699,84.911,84.7,83.67,84.338,84.468,0,83.96,82.7
GSBK51,24/07/2026,49.862,49.862,49.82,49.82,1743,53,53.2,53.5,53.58,52.75,53.723,53.184,54.204,54.377,53.2,54,54.037,55.28,55.618,55.019,54.677,53.92,53.291,53.12,52.354,51.509,50.85,0,51,51.562,51.7,50.269,51.53,51.137,51.195,52.201,52.585,51.498,50.243,50.724,50.131,0,0,50.956,51.15,50.576,51,50.559,50.3,50.763,50.801,50.462,51.017,51.564,51.394,0,50.472,49.82
GSBK54,24/07/2026,90.21,90.21,89.66,89.72,33705,97.98,98.03,98.05,98.3,97.88,97.45,96.75,98.4,98.65,97.5,98.3,97.75,100.5,101.05,99.6,99.09,98.26,98.45,96.78,96.07,93.59,93,0,93.2,94.33,94.05,93,93.45,92.94,94.08,94.1,95.5,93.5,92.3,92.3,91.5,0,0,92.8,92.85,93.05,92.9,92.1,92.85,94.4,92.95,92.2,92.5,92.8,92.15,0,90.73,89.72
GSBQ26,24/07/2026,99.781,99.79,99.781,99.79,14084,96.992,97.162,97.246,97.246,97.354,97.444,97.469,97.517,97.301,97.301,97.403,97.362,97.48,97.48,97.614,97.614,97.55,97.772,97.62,97.62,97.71,97.816,0,97.816,97.793,97.793,97.793,97.793,97.793,97.793,97.793,98.427,98.427,97.983,98.307,98.293,0,0,98.284,98.649,98.728,98.728,98.627,98.627,98.735,98.902,98.902,98.902,99.088,99.088,0,99.558,99.79
GSBS36,24/07/2026,95.67,95.67,95.67,95.67,0,0,0,0,101.315,100.951,101.233,100.647,100.647,100.647,101.723,100.757,101.617,101.238,101.375,99.844,99.707,98.8,98.726,98.726,97.753,96.312,97.12,0,96.881,97.893,97.893,97.423,96.953,96.242,97.226,97.906,97.906,97.425,96.596,96.847,95.84,0,0,94.786,94.681,94.728,94.728,94.728,93.537,96.306,95.633,95.678,95.678,95.678,95.678,0,96.285,95.67
GSBS37,24/07/2026,98.15,98.21,97.98,97.98,12304,0,0,0,0,0,0,0,0,0,0,0,0,0,0,0,0,0,0,0,0,0,0,0,0,0,0,0,0,100.15,101.01,100.72,102.06,100.5,99.7,99.28,98.7,0,0,97.77,97.51,97.51,97.81,97.09,98.56,99.17,98.78,99.66,99.74,100.62,100.05,0,99.3,97.98
GSBU27,24/07/2026,98.2,98.2,98.2,98.2,0,99,99.2,99.28,99.65,99.62,99.7,99.41,99.55,99.87,99.35,99.5,99.47,100,100.16,99.72,99.68,99.7,98.21,98.12,97.89,97.79,97.87,0,97.93,98.37,98.4,98.23,98.23,98.04,98.33,98.3,98.49,98.19,98.02,97.77,97.99,0,0,98.21,98.35,98.39,98.41,97.12,97.39,97.44,97.52,97.87,97.94,97.89,98.04,0,98.2,98.2
GSBU28,24/07/2026,96.53,96.53,96.156,96.156,50,98.42,98.552,98.81,98.725,98.605,98.693,98.511,98.999,99.138,98.723,98.619,98.575,99.715,99.302,98.953,98.609,97.24,97.203,97.116,96.612,96.3,96.773,0,96.471,96.863,97.138,97.034,96.573,96.821,96.733,96.763,97.298,96.862,96.645,95.924,96.236,0,0,96.441,96.77,96.469,96.7,95.275,96.069,95.828,96.172,95.912,96.263,96.817,96.81,0,96.505,96.156
GSBU29,24/07/2026,94.57,94.74,94.57,94.74,173,97,97.468,97.8,97.8,97.99,97.97,97.73,98.04,98.14,97.59,97.83,97.53,98.6,98.41,97.91,97.54,96.12,96.02,95.5,95.35,95.15,95.18,0,95.22,95.5,95.69,95.29,95.06,95.24,95.12,95.32,95.83,95.23,94.93,94.51,94.59,0,0,94.79,95.01,95.03,95.1,93.67,93.87,94.61,94.61,94.38,94.81,95.14,95.3,0,95.05,94.74
GSBU31,24/07/2026,83.32,83.32,83.32,83.32,0,84.48,84.54,84.5,85.16,84.47,84.99,84.84,85.26,84.95,84.24,84.64,84.96,85.18,86,85.19,85.03,84.03,83.9,83.63,83.35,82.33,82.89,0,82.82,83.4,83.32,82.81,82.51,82.68,82.88,83.17,83.33,83.19,82.35,81.51,82.11,0,0,82.83,82.45,82.01,82.46,81.89,81.84,82.48,82.56,82.56,83.06,84.06,84,0,83.57,83.32
GSBU32,24/07/2026,83.68,83.72,83.67,83.67,8560,85.97,86.33,86.68,86.94,86.43,86.69,86.53,87.02,87.06,86.25,86.76,86.63,88.21,87.97,86.93,86.92,85.43,85.39,84.83,84.35,84.07,83.84,0,83.88,84.69,84.62,84.01,84,84.09,84.58,84.6,85.09,84.09,83.7,83.21,82.91,0,0,83.63,83.71,83.61,83.93,82.75,83.65,84.13,83.8,84.43,84.45,85.05,84.83,0,84.4,83.67
GSBU33,24/07/2026,89.333,89.333,89.174,89.174,5765,92.728,93.142,93.503,93.807,92.816,93.54,93.221,93.878,93.431,93.059,93.69,93.544,94.823,95.08,93.542,93.921,91.742,91.674,91.18,90.366,90.212,89.605,0,90.013,90.381,90.296,90.154,89.747,89.827,90.301,90.941,91.49,89.938,89.29,89.387,88.944,0,0,89.425,89.433,89.888,90.219,87.854,89.386,89.421,89.548,89.757,90.335,90.925,90.682,0,90.176,89.174
GSBW30,24/07/2026,85.89,85.89,85.89,85.89,0,86.83,87.27,87.61,87.85,87.24,87.24,87.13,87.97,88.01,86.97,87.28,87.56,87.77,88.6,87.74,87.61,87.17,87.2,86.44,86.55,85.15,85.7,0,85.63,86.1,85.75,85.91,85.31,85.5,85.57,85.6,85.61,86,85.2,84.25,84.37,0,0,85.46,85.19,84.86,85.28,85.17,85.2,85.75,85.86,85.86,85.82,86.62,86.56,0,86.01,85.89
GSBW34,24/07/2026,91.675,91.675,91.675,91.675,0,94.662,94.662,94.662,94.662,94.786,94.786,94.5,94.5,94.5,94.5,95.238,95.238,95.238,97.127,96.144,96.144,95.8,95.8,94.972,94.212,91.78,91.918,0,91.734,91.734,92.489,91.319,91.805,92.085,91.6,91.6,91.6,91.6,91.4,91.4,90.322,0,0,91.456,91.508,91.142,91.142,91.425,92.22,92.22,92.22,92.22,92.22,91.923,92.145,0,91.675,91.675
GSBW35,24/07/2026,94.901,94.969,94.75,94.75,1030,100.193,100.526,101.201,100.962,100.6,100.6,99.944,101.049,101.049,100.58,101.307,101.499,102.787,102.787,102,101.8,100.8,100.6,100.555,99.2,96.8,96.704,0,96.52,97.645,97.6,96.798,96.827,96.497,97.634,97.774,98.491,96.92,96.196,95.987,95.454,0,0,95.69,96.368,96.276,96.521,96.1,95.504,97.322,97.474,95.496,96.242,96.989,96.5,0,95.834,94.75
GSCF,24/07/2026,17.89,17.89,17.89,17.89,0,0,0,0,0,0,0,0,0,0,0,0,0,17.56,17.93,17.95,17.78,17.76,17.66,18.06,17.91,18.12,18.03,18.05,18,18.2,18.72,18.66,18.19,18.12,18.12,18.1,17.87,17.38,16.4,16.24,16.24,16.53,17.27,17.4,17.69,17.97,18.28,18.11,18.43,18.53,18.46,18.38,18.75,19.28,18.64,17.99,17.78,17.89
GSIC50,24/07/2026,82.757,82.757,82.5,82.757,5028,87.2,87.705,88.15,88.636,87.112,87.322,86.15,87.827,89.5,88.027,89.047,89.586,90.782,92.2,90.437,90,88.981,87.51,87.51,84.51,84.51,84.594,0,84.077,87.13,86,85.189,85.853,85.611,86.82,84.314,85.291,85.669,83,82.429,81.802,0,0,84.373,84.854,85.415,85.266,84.06,84.013,83.5,83.54,83.98,85.491,85.491,85.352,0,83.812,82.757
GSIO35,24/07/2026,135.955,135.955,135.955,135.955,12,135.473,137.153,137.919,137.519,137.97,138.037,137.709,137.709,139,138.581,139.827,139.718,141.858,141.6,140.104,139.168,137.803,137.217,137.2,135.86,134.495,133.861,0,134.215,136.332,136.099,135.542,135.05,134.939,135.171,134.5,133.769,131.113,133.2,135.669,135.93,0,0,135.873,136.556,136.751,136.81,135.791,136.27,136.295,136.31,136.944,137.8,137.25,137.2,0,136.929,135.955
GSIO40,24/07/2026,111.186,111.186,111.186,111.186,20,113.054,113.34,113.8,115.347,112,112.393,113.655,115.481,116,113.644,116.469,116.151,116.285,118.928,116.786,116.571,115.358,114.626,113.51,112.513,111,109.95,0,111.602,111.65,112.796,111.791,110.572,110.7,111.28,111.141,110.021,108.621,110,111.533,108.873,0,0,110.112,110.112,110.598,111.083,110.209,112.008,112.852,110.55,111.048,111.734,113.672,112.037,0,112.98,111.186
GSIQ30,24/07/2026,156.43,156.43,156,156.18,239,154.45,155,155.56,157.07,156.12,157.06,156.6,156.17,156.6,155.59,156.43,156.51,158.03,158.51,157.33,156.95,156.45,156.42,156.79,156.13,154.05,153.89,0,154.33,155.78,155.66,155.06,155.16,155.29,155.44,155.83,155.89,156.12,155.19,154.31,153.92,0,0,155.62,156.15,156.51,156.6,156.52,157.15,157.3,156.65,156.5,156.27,156.51,156.79,0,156.5,156.18
GSIU27,24/07/2026,130.69,130.69,130.69,130.69,32,126.09,126.34,126.62,126.78,126.66,126.99,126.94,127.06,127.06,127.18,127.39,127.62,128.28,128.38,128.11,128.05,127.49,127.92,127.98,128.12,127.61,127.88,0,128.08,128.38,128.49,128.35,128.37,128.55,128.63,128.53,128.87,129.12,129.14,128.91,129,0,0,129.81,129.91,130.11,130.05,129.91,130.25,130.26,130.08,130.38,130.31,130.42,130.51,0,130.79,130.69
GSIU32,24/07/2026,109.16,109.16,109.16,109.16,0,106.11,106.48,106.48,107.4,107.41,107.52,107.25,107.4,108.17,108.07,108.57,108.39,108.39,108.39,109.7,108.59,107.89,107.19,107.19,107.74,106.21,106.21,0,106.21,107.62,107.5,106.96,106.95,106.95,106.95,107.38,107.79,107.265,107.1,106.79,105.68,0,0,107.37,108.21,108.21,108.42,108.14,108.61,108.6,108.6,108.6,109.36,109.5,109.6,0,109.16,109.16
GSM,24/07/2026,0.012,0.012,0.012,0.012,0,0.009,0.008,0.008,0.008,0.008,0.011,0.012,0.015,0.015,0.014,0.016,0.018,0.019,0.019,0.016,0.014,0.016,0.016,0.016,0.019,0.02,0.019,0.023,0.02,0.021,0.021,0.022,0.021,0.02,0.021,0.016,0.016,0.019,0.014,0.013,0.016,0.0145,0,0.01,0.017,0.016,0.018,0.018,0.017,0.015,0.015,0.015,0.014,0.01,0.011,0.012,0.012,0.012
GSN,24/07/2026,0.023,0.0235,0.022,0.022,1687478,0.027,0.027,0.025,0.027,0.025,0.024,0.03,0.03,0.029,0.028,0.029,0.029,0.029,0.031,0.03,0.031,0.033,0.03,0.029,0.028,0.029,0.034,0.039,0.039,0.044,0.04,0.049,0.042,0.036,0.035,0.033,0.034,0.037,0.035,0.029,0.026,0.028,0,0.027,0.025,0.023,0.021,0.0205,0.019,0.02,0.019,0.017,0.02,0.021,0.021,0.022,0.021,0.022
GSS,24/07/2026,0.059,0.06,0.059,0.06,210273,0.345,0.34,0.31,0.32,0.295,0.27,0.28,0.28,0.27,0.27,0.26,0.23,0.23,0.365,0.305,0.295,0.29,0.3,0.29,0.265,0.26,0.235,0.24,0.245,0.235,0.23,0.18,0.155,0.145,0.13,0.12,0.1,0.095,0.084,0.079,0.088,0.08,0,0.165,0.145,0.088,0.08,0.077,0.074,0.069,0.078,0.074,0.066,0.058,0.068,0.064,0.068,0.06
GSUS,24/07/2026,13.67,13.67,13.67,13.67,0,0,0,0,0,0,0,0,0,0,0,0,0,0,0,13.65,13.65,13.65,13.65,13.79,13.79,13.79,13.53,13.53,13.61,13.61,13.61,13.52,13.14,13.14,12.97,12.97,13.03,12.86,12.63,12.63,12.17,12.17,0,12.95,13.16,13.16,13.16,13.16,13.43,13.66,13.86,13.86,14.07,14.1,14.1,14.1,14.1,13.67
GT1,24/07/2026,0.016,0.016,0.015,0.016,2035657,0.03,0.028,0.033,0.037,0.033,0.036,0.035,0.032,0.035,0.034,0.035,0.033,0.034,0.026,0.026,0.022,0.031,0.037,0.045,0.041,0.039,0.035,0.038,0.042,0.055,0.052,0.05,0.033,0.027,0.028,0.025,0.03,0.032,0.034,0.027,0.027,0.028,0.029,0.033,0.031,0.023,0.024,0.022,0.022,0.025,0.022,0.018,0.02,0.016,0.02,0.019,0.016,0.016
GT3,24/07/2026,0.03,0.034,0.0295,0.033,3932656,0.032,0.03,0.032,0.029,0.027,0.029,0.033,0.035,0.043,0.036,0.033,0.03,0.038,0.035,0.039,0.033,0.034,0.034,0.037,0.038,0.035,0.036,0.037,0.037,0.039,0.037,0.035,0.036,0.036,0.033,0.037,0.046,0.047,0.041,0.033,0.031,0.032,0.031,0.034,0.031,0.034,0.035,0.039,0.037,0.036,0.031,0.029,0.031,0.03,0.029,0.027,0.028,0.033
GTE,24/07/2026,0.01,0.01,0.01,0.01,50000,0.016,0.012,0.012,0.014,0.015,0.018,0.018,0.018,0.02,0.021,0.021,0.0195,0.022,0.017,0.018,0.016,0.017,0.018,0.018,0.015,0.015,0.018,0.017,0.017,0.018,0.017,0.018,0.018,0.021,0.02,0.022,0.02,0.019,0.017,0.017,0.018,0.018,0.017,0.019,0.019,0.019,0.013,0.014,0.014,0.015,0.013,0.013,0.011,0.01,0.011,0.009,0.011,0.01
GTG,24/07/2026,0.039,0.039,0.039,0.039,0,0.039,0.039,0.039,0.039,0.039,0.039,0.039,0.039,0.039,0.039,0.039,0.039,0.039,0.039,0.039,0.039,0.039,0.039,0.039,0.039,0.039,0.039,0.039,0.039,0.039,0.039,0.039,0.039,0.039,0.039,0.039,0.039,0.039,0.039,0.039,0.039,0.039,0,0.039,0.039,0.039,0.039,0.039,0.039,0.039,0.039,0.039,0.039,0.039,0.039,0.039,0.039,0.039
GTI,24/07/2026,0.023,0.023,0.019,0.019,612654,0.098,0.095,0.095,0.097,0.1,0.11,0.11,0.11,0.105,0.11,0.1,0.099,0.097,0.085,0.085,0.085,0.07,0.069,0.069,0.069,0.06,0.061,0.08,0.08,0.087,0.075,0.07,0.09,0.09,0.085,0.081,0.077,0.0765,0.064,0.057,0.06,0.055,0.055,0.052,0.05,0.052,0.047,0.052,0.04,0.04,0.04,0.032,0.029,0.03,0.028,0.032,0.027,0.019
GTK,24/07/2026,2.88,3.02,2.88,2.98,220412,9.72,9.56,9.11,9.01,9.38,9.17,8.99,9.16,9.27,8.74,8.54,8.45,8.1,7.89,8.02,7.46,7.19,6.61,9.64,8.15,7.88,7.36,7.35,7.4,7.26,7.4,7.18,6.53,6,5.8,6.2,6.98,6.8,6.44,5.67,5.59,5.38,5.12,4.89,4.76,4.78,3.45,3.49,3.18,3.01,3.3,3.02,3.14,3.03,3.17,3.05,3.1,2.98
GTN,24/07/2026,0.205,0.205,0.2,0.2,40818,0.59,0.365,0.395,0.405,0.4,0.3475,0.27,0.29,0.285,0.3,0.325,0.29,0.335,0.3,0.295,0.3,0.29,0.305,0.295,0.275,0.29,0.295,0.295,0.3,0.28,0.295,0.295,0.285,0.265,0.25,0.265,0.25,0.225,0.22,0.22,0.235,0.235,0,0.22,0.23,0.2,0.225,0.225,0.195,0.2,0.21,0.19,0.175,0.19,0.22,0.22,0.22,0.2
GTUM,24/07/2026,23.6,23.65,23.54,23.54,1585,0,0,0,0,0,0,0,0,0,0,0,0,0,0,0,0,0,0,0,0,0,0,0,0,0,0,0,0,19.68,19.59,19.98,20.005,19.34,18.94,18.82,18.8,19.15,20.3,20.46,20.8,20.93,21.86,22.1,22.43,23.22,23.5,23.84,25.32,25.62,24.59,24.26,22.65,23.54
GUL,24/07/2026,0.069,0.069,0.069,0.069,5184,0.069,0.078,0.069,0.071,0.074,0.065,0.068,0.072,0.074,0.069,0.081,0.078,0.082,0.082,0.078,0.084,0.081,0.077,0.084,0.085,0.085,0.085,0.088,0.099,0.11,0.095,0.1,0.099,0.094,0.094,0.11,0.1075,0.105,0.1,0.099,0.093,0.092,0.092,0.095,0.084,0.1,0.1,0.1,0.088,0.084,0.081,0.078,0.077,0.071,0.067,0.064,0.07,0.069
GUM,24/07/2026,0.09,0.09,0.09,0.09,0,0.1,0.1,0.1,0.1,0.1,0.1,0.1,0.18,0.18,0.2,0.17,0.18,0.195,0.17,0.18,0.18,0.145,0.13,0.13,0.13,0.13,0.13,0.13,0.135,0.125,0.125,0.125,0.115,0.115,0.115,0.12,0.125,0.125,0.125,0.125,0.125,0.125,0,0.125,0.125,0.125,0.125,0.125,0.125,0.11,0.11,0.105,0.09,0.09,0.09,0.09,0.09,0.09
GVF,24/07/2026,1.39,1.39,1.36,1.375,111354,1.38,1.395,1.395,1.415,1.42,1.4,1.39,1.38,1.38,1.395,1.4,1.35,1.39,1.38,1.39,1.365,1.385,1.405,1.4,1.44,1.4325,1.455,1.455,1.415,1.435,1.43,1.44,1.4,1.38,1.34,1.36,1.37,1.355,1.32,1.355,1.33,1.34,1.335,1.3,1.315,1.315,1.32,1.325,1.31,1.32,1.32,1.345,1.36,1.34,1.385,1.38,1.36,1.375
GW1,24/07/2026,0.088,0.09,0.082,0.082,1680368,0.029,0.03,0.03,0.037,0.031,0.027,0.028,0.028,0.029,0.03,0.03,0.031,0.033,0.03,0.029,0.031,0.03,0.038,0.045,0.04,0.035,0.037,0.04,0.038,0.049,0.047,0.048,0.051,0.046,0.049,0.05,0.047,0.046,0.049,0.042,0.043,0.049,0.064,0.059,0.083,0.068,0.066,0.061,0.058,0.067,0.081,0.077,0.075,0.071,0.073,0.069,0.077,0.082
GWA,24/07/2026,2.33,2.34,2.31,2.31,331704,2.38,2.48,2.58,2.65,2.49,2.52,2.59,2.56,2.49,2.54,2.56,2.45,2.47,2.53,2.47,2.38,2.38,2.38,2.48,2.48,2.41,2.44,2.5,2.51,2.52,2.67,2.69,2.67,2.57,2.65,2.41,2.39,2.38,2.17,2.22,2.12,2.09,2.16,2.05,2.03,2.01,2.08,2.06,2.08,2.14,2.05,2.17,2.33,2.3,2.31,2.33,2.37,2.31
GWR,24/07/2026,0.11,0.115,0.11,0.11,664098,0.115,0.1,0.105,0.115,0.098,0.098,0.1,0.1,0.1,0.1,0.1,0.1,0.115,0.1,0.105,0.1,0.1,0.105,0.12,0.13,0.11,0.11,0.115,0.115,0.12,0.1375,0.1425,0.155,0.155,0.1625,0.16,0.16,0.155,0.145,0.135,0.135,0.15,0.135,0.135,0.135,0.12,0.115,0.11,0.105,0.105,0.11,0.097,0.105,0.1,0.105,0.1,0.096,0.11
GWTH,24/07/2026,20.32,20.5,20.01,20.28,3051,0,0,0,0,0,20.38,20.33,20.49,21.03,21.03,21.24,21.43,21.1,21.42,22.01,21.18,20.9,20.04,20.85,21,20.8,20.43,20.71,20.36,20.46,20.86,20.04,19.69,18.56,18.68,19.31,19.11,18.84,18.42,18.02,18.11,18.36,18.93,19.46,19.51,19.69,20.03,20.03,20.12,20.54,21.03,21.03,22.37,21.92,21.14,21.07,19.77,20.28
GXAI,24/07/2026,15.69,15.69,15.41,15.46,50893,13.07,13.3,13.2,13.43,13.17,13.38,13.35,13.71,14.21,14.38,14.78,15.04,14.94,15.2,15.67,15.12,14.71,14.08,14.64,15,14.93,14.58,14.7,14.86,14.98,15.14,14.7,14.58,13.37,13.32,13.61,13.62,13.75,13.31,13.22,13.04,12.93,13.45,14.31,14.65,14.96,16.12,16.37,16.95,17.94,18.05,17.41,18.16,17.53,16.74,16.82,15.2,15.46
GXLD,24/07/2026,57.96,57.96,57.51,57.51,18999,50.89,51.15,52.07,51.44,51.89,52.12,54.35,54.87,55.36,57.27,58.35,60.37,67.39,63.09,60.87,61.54,64.06,62.69,63.9,63.52,63.89,65.28,66.71,65.27,66.55,68.28,72.29,74.1,69.25,70.08,70.9,72.59,72.91,72.12,66.29,64.11,67.68,67.36,66.65,65.43,63.77,65.25,63.6,63.11,62.9,62.24,59.19,58.89,58.06,59.91,59.03,56.94,57.51
GYG,24/07/2026,22.05,22.395,21.64,21.64,260745,27.35,27.53,28.43,27.88,23.7,25.24,23.62,25.22,25.43,24.87,26.25,25.69,25.35,25.72,26.72,24.84,23.86,21.89,23.62,22.31,21.05,22.06,22.12,21.58,20.77,21.72,23.3,22.18,20.3,19.31,17.53,19.3,19.75,18.05,16.93,16.52,15.2,20.68,20.32,19.28,19.26,18.5,17,19.81,19.66,18.72,19.4,18.87,20.27,21.6,20.92,21.5,21.64
H100,24/07/2026,13.55,13.59,13.52,13.52,577,11.9,11.79,11.85,11.99,12.13,11.99,12.07,12.12,12.03,12.08,12.35,12.43,12.23,12.33,12.74,12.65,12.77,12.36,12.7,12.67,12.7,12.81,12.87,12.83,12.99,13.21,13.11,13.16,13.235,13.46,13.77,14,13.49,13.4,13.01,12.9,13.26,13.74,13.7,13.44,13.45,13.23,13.38,13.67,13.54,13.5,13.52,13.52,13.61,13.61,13.35,13.38,13.52
H2G,24/07/2026,0.007,0.007,0.006,0.006,4272882,0.018,0.018,0.019,0.018,0.017,0.014,0.014,0.011,0.011,0.012,0.011,0.01,0.01,0.0095,0.009,0.009,0.009,0.01,0.01,0.011,0.011,0.01,0.009,0.0085,0.01,0.009,0.009,0.008,0.007,0.0085,0.009,0.008,0.008,0.013,0.012,0.011,0.012,0.012,0.011,0.011,0.009,0.01,0.01,0.009,0.009,0.009,0.009,0.009,0.009,0.009,0.01,0.009,0.006
H3E,24/07/2026,0.007,0.007,0.007,0.007,300000,0,0,0,0,0,0,0,0,0,0,0,0,0,0,0,0,0,0,0,0,0,0.007,0.007,0.008,0.008,0.008,0.009,0.008,0.008,0.007,0.008,0.007,0.009,0.007,0.009,0.009,0.009,0.008,0.012,0.009,0.01,0.008,0.008,0.008,0.008,0.008,0.007,0.008,0.008,0.008,0.007,0.008,0.007
H3EO,24/07/2026,0.001,0.001,0.001,0.001,0,0,0,0,0,0,0,0,0,0,0,0,0,0,0,0,0,0,0,0,0,0,0,0,0,0,0,0,0,0,0,0,0,0,0,0,0,0,0,0,0,0,0,0,0,0,0,0,0.001,0.001,0.001,0,0.001,0.001
HACK,24/07/2026,16.09,16.09,15.94,15.95,169482,15.03,14.97,14.5,14.67,14.83,14.97,14.77,15.1,15.42,15.28,15.56,15.73,15.25,15.77,15.53,15.27,15.15,14.76,14.84,14.9,14.96,14.5,14.45,14.2,14.3,14.27,13.6,13.04,12.48,12.17,12.38,11.71,12.47,12.22,12.14,12.22,11.91,11.84,12.15,12.32,12.39,13.44,14.23,15.27,15.44,16.75,15.88,15.84,15.86,16.69,17.22,16.5,15.95
HAL,24/07/2026,0.018,0.018,0.018,0.018,0,0.031,0.028,0.028,0.03,0.03,0.031,0.027,0.027,0.023,0.027,0.021,0.025,0.04,0.03,0.036,0.045,0.065,0.049,0.046,0.045,0.035,0.035,0.035,0.033,0.032,0.029,0.028,0.03,0.028,0.028,0.03,0.035,0.039,0.04,0.043,0.038,0.025,0.022,0.021,0.02,0.022,0.022,0.021,0.02,0.015,0.02,0.017,0.019,0.016,0.013,0.016,0.016,0.018
HAR,24/07/2026,0.082,0.082,0.081,0.082,294203,0.083,0.074,0.081,0.08,0.078,0.078,0.08,0.11,0.105,0.11,0.13,0.17,0.195,0.15,0.14,0.135,0.165,0.15,0.15,0.145,0.15,0.165,0.18,0.205,0.195,0.175,0.17,0.15,0.12,0.125,0.135,0.15,0.155,0.125,0.125,0.115,0.11,0.1125,0.145,0.13,0.13,0.145,0.135,0.11,0.13,0.13,0.115,0.115,0.096,0.099,0.091,0.088,0.082
HAS,24/07/2026,0.29,0.3,0.28,0.29,140337,0.305,0.28,0.295,0.305,0.31,0.31,0.31,0.3,0.3,0.32,0.35,0.51,0.715,0.685,0.66,0.555,0.575,0.53,0.565,0.59,0.525,0.485,0.51,0.52,0.59,0.555,0.63,0.515,0.495,0.52,0.5,0.51,0.46,0.455,0.445,0.5,0.465,0.465,0.5,0.47,0.48,0.5,0.445,0.435,0.43,0.41,0.37,0.325,0.3,0.305,0.275,0.305,0.29
HAV,24/07/2026,0.86,0.86,0.81,0.81,546232,0.19,0.185,0.185,0.18,0.175,0.18,0.18,0.185,0.185,0.215,0.26,0.275,0.265,0.255,0.25,0.275,0.435,0.425,0.445,0.585,0.55,0.58,0.605,0.595,0.57,0.62,0.625,0.635,0.605,0.65,0.66,0.655,0.64,0.64,0.56,0.56,0.535,0.58,0.61,0.61,0.625,0.6,0.675,0.675,0.665,0.665,0.71,0.75,0.72,0.73,0.755,0.75,0.81
HAW,24/07/2026,0.072,0.072,0.072,0.072,0,0.054,0.054,0.052,0.053,0.054,0.055,0.057,0.057,0.06,0.063,0.062,0.064,0.078,0.076,0.085,0.084,0.083,0.083,0.083,0.08,0.08,0.098,0.1,0.105,0.11,0.125,0.14,0.135,0.14,0.13,0.12,0.105,0.11,0.095,0.087,0.086,0.09,0,0.1,0.1,0.099,0.098,0.098,0.097,0.098,0.094,0.089,0.077,0.067,0.071,0.072,0.072,0.072
HBRD,24/07/2026,10.1,10.1,10.09,10.1,129865,10.13,10.11,10.12,10.14,10.13,10.16,10.125,10.15,10.145,10.15,10.12,10.13,10.13,10.16,10.17,10.11,10.14,10.12,10.14,10.1,10.11,10.14,10.13,10.1,10.11,10.12,10.13,10.14,10.12,10.13,10.14,10.13,10.08,10.07,10.08,10.08,10.06,10.05,10.06,10.08,10.06,10.07,10.07,10.08,10.08,10.06,10.07,10.08,10.1,10.06,10.07,10.07,10.1
HCF,24/07/2026,0.03,0.03,0.03,0.03,0,0.031,0.034,0.036,0.036,0.035,0.035,0.035,0.035,0.035,0.035,0.036,0.035,0.035,0.036,0.035,0.035,0.035,0.034,0.03,0.025,0.029,0.03,0.03,0.03,0.027,0.03,0.03,0.03,0.03,0.027,0.027,0.026,0.03,0.03,0.03,0.03,0.03,0,0.03,0.03,0.03,0.03,0.03,0.03,0.03,0.03,0.03,0.03,0.03,0.03,0.03,0.03,0.03
HCH,24/07/2026,1.495,1.495,1.43,1.435,300766,0.63,0.59,0.635,0.675,0.8,0.775,0.89,0.84,0.91,0.955,1.04,1.015,0.965,0.88,0.98,0.84,0.865,0.79,1.005,1.16,1.26,1.285,1.31,1.44,1.645,1.69,1.725,1.94,1.63,1.685,1.465,1.67,1.6,1.465,1.335,1.27,1.285,1.485,1.57,1.475,1.885,1.78,1.76,1.735,1.94,2,1.905,2.13,1.9,1.93,1.615,1.46,1.435
HCL,24/07/2026,0.125,0.125,0.12,0.12,6637,0.375,0.37,0.395,0.445,0.44,0.315,0.32,0.31,0.295,0.28,0.35,0.305,0.3,0.3,0.3,0.31,0.285,0.26,0.27,0.27,0.275,0.25,0.245,0.285,0.31,0.255,0.27,0.25,0.225,0.205,0.2,0.195,0.19,0.19,0.195,0.18,0.19,0.185,0.17,0.1725,0.185,0.185,0.175,0.175,0.165,0.165,0.15,0.145,0.105,0.115,0.115,0.125,0.12
HCRD,24/07/2026,25.33,25.38,25.33,25.35,5191,25.45,25.38,25.4,25.49,25.53,25.61,25.54,25.57,25.59,25.64,25.59,25.61,25.54,25.53,25.6,25.53,25.53,25.525,25.53,25.48,25.5,25.52,25.53,25.42,25.49,25.5,25.6,25.62,25.6,25.61,25.61,25.59,25.42,25.39,25.32,25.3,25.18,25.21,25.22,25.29,25.19,25.2,25.23,25.28,25.25,25.2,25.24,25.26,25.34,25.23,25.32,25.3,25.35
HCT,24/07/2026,0.08,0.08,0.08,0.08,0,0.071,0.11,0.1,0.1,0.1,0.11,0.105,0.105,0.099,0.097,0.097,0.085,0.078,0.078,0.078,0.085,0.09,0.085,0.09,0.09,0.09,0.09,0.088,0.088,0.083,0.087,0.086,0.084,0.084,0.081,0.077,0.07,0.065,0.065,0.065,0.063,0.063,0,0.063,0.051,0.069,0.065,0.07,0.071,0.075,0.074,0.074,0.072,0.067,0.08,0.08,0.08,0.08
HCW,24/07/2026,0.715,0.725,0.705,0.72,1040283,0.77,0.775,0.815,0.81,0.785,0.74,0.74,0.705,0.685,0.7,0.705,0.7,0.69,0.685,0.68,0.73,0.705,0.71,0.82,0.805,0.77,0.75,0.73,0.72,0.73,0.76,0.765,0.73,0.705,0.66,0.695,0.72,0.65,0.62,0.61,0.615,0.705,0.68,0.65,0.655,0.67,0.69,0.69,0.66,0.745,0.68,0.705,0.69,0.7,0.725,0.69,0.715,0.72
HDN,24/07/2026,1.25,1.27,1.25,1.25,1732616,1.25,1.26,1.28,1.315,1.33,1.345,1.36,1.39,1.375,1.375,1.38,1.365,1.385,1.385,1.365,1.375,1.335,1.32,1.35,1.345,1.395,1.4,1.39,1.375,1.37,1.37,1.325,1.29,1.265,1.31,1.31,1.305,1.24,1.215,1.195,1.19,1.205,1.225,1.215,1.25,1.275,1.24,1.245,1.245,1.24,1.215,1.305,1.305,1.325,1.265,1.275,1.27,1.25
HE8,24/07/2026,0.0015,0.0015,0.0015,0.0015,12500,0.02,0.018,0.018,0.0175,0.016,0.016,0.015,0.015,0.013,0.014,0.014,0.013,0.0125,0.011,0.011,0.011,0.012,0.011,0.011,0.009,0.011,0.01,0.009,0.01,0.011,0.011,0.011,0.01,0.01,0.011,0.01,0.01,0.01,0.009,0.009,0.009,0.009,0.008,0.007,0.008,0.004,0.002,0.002,0.002,0.002,0.002,0.0025,0.002,0.002,0.002,0.0015,0.0015,0.0015
HETH,24/07/2026,16.94,16.94,16.8,16.84,23644,14.89,14.61,14.72,15.02,14.91,15.11,15.21,15.42,15.4,15.28,15.59,15.62,15.34,15.69,15.77,15.4,15.48,14.99,15.62,15.68,15.9,15.53,15.79,15.73,15.84,15.92,15.77,15.57,15.23,15.46,15.51,15.5,15.44,15.01,14.78,14.65,14.55,15.22,15.63,15.75,15.8,15.87,16.11,16.25,16.41,16.47,16.62,16.77,16.72,17,16.97,16.92,16.84
HEUR,24/07/2026,18.14,18.14,17.99,18.04,23802,15.99,15.73,15.89,16.17,16.15,16.1,16,16.1,16.32,16.28,16.99,16.9,16.81,17.14,17.14,16.82,17.18,16.45,16.98,17.19,17.31,17.16,17.19,17.29,17.77,18.11,17.8,17.7,17.68,18.01,18.2,18.33,17.49,17.32,16.87,16.82,16.83,17.74,17.78,17.69,17.79,17.96,17.89,18.38,18.55,18.66,18.86,19.17,18.97,18.55,18.24,18.01,18.04
HFR,24/07/2026,0.018,0.019,0.0175,0.019,391564,0.145,0.19,0.235,0.245,0.11,0.11,0.115,0.066,0.067,0.067,0.067,0.067,0.067,0.059,0.057,0.062,0.048,0.049,0.049,0.046,0.043,0.041,0.043,0.043,0.043,0.065,0.053,0.053,0.046,0.044,0.04,0.04,0.032,0.03,0.027,0.023,0.027,0.024,0.056,0.034,0.034,0.032,0.028,0.035,0.036,0.038,0.039,0.031,0.026,0.026,0.023,0.021,0.019
HFY,24/07/2026,0.011,0.011,0.011,0.011,72781,0.009,0.008,0.008,0.008,0.008,0.008,0.009,0.009,0.008,0.008,0.008,0.008,0.008,0.008,0.008,0.009,0.009,0.009,0.01,0.009,0.008,0.007,0.008,0.008,0.008,0.009,0.007,0.01,0.007,0.01,0.008,0.021,0.016,0.016,0.016,0.018,0.017,0.017,0.017,0.015,0.014,0.013,0.012,0.012,0.01,0.011,0.011,0.01,0.01,0.011,0.012,0.012,0.011
HGBL,24/07/2026,83.9,83.93,83.69,83.85,41843,71.56,70.96,71.43,72.9,72.06,73.02,73.22,73.99,74.53,74.24,75.78,75.88,74.58,76.19,77.29,75.92,76.22,74.25,76.99,77.56,77.95,76.83,78.01,77.72,78.41,79.25,78.61,78.66,77.13,78.36,78.89,79.43,78.17,76.47,75.56,74.68,74.64,78.04,80.03,80.46,81.44,82.59,83.36,84.07,85.22,84.89,83.66,84.71,83.17,84.82,84.89,84.1,83.85
HGCQ,24/07/2026,5.04,5.04,5.04,5.04,0,0,0,0,0,0,0,0,0,0,0,0,0,0,0,0,0,0,0,0,0,0,0,0,0,0,0,0,0,0,0,0,0,5.35,5.11,4.96,4.84,4.86,4.91,5.26,5.23,5.27,5.29,5.07,5.06,5.12,4.98,4.87,4.85,4.825,5.09,5.05,5.16,5.04
HGEN,24/07/2026,10.01,10.01,9.65,9.69,8284,5.43,5.3,5.36,5.7,5.66,5.93,5.72,6.16,6.9,6.75,7.54,7.97,8.59,8.11,8.88,8.84,7.9,7.19,7.2,7.95,7.67,6.96,7.16,7.05,8.12,8.79,9,8.91,8.56,8.62,8.94,9.21,8.91,8.95,8.94,8.64,8.36,9.36,10.26,10.92,11.69,11.9,12.25,12.82,12.82,12.26,11.17,12.23,11.29,11.4,10.63,9.32,9.69
HGH,24/07/2026,1.025,1.03,1.0175,1.0175,19307,0.73,0.74,0.735,0.74,0.79,0.82,0.84,0.87,0.89,0.895,0.95,0.955,0.94,0.96,0.945,0.95,0.935,0.925,0.965,0.97,0.985,0.98,0.99,1.015,1.015,1.035,1.095,1.045,1.09,1.055,1.05,1.08,1.07,1.015,0.995,0.98,0.99,0.97,0.955,0.94,0.92,0.905,0.85,0.885,0.94,1.0325,0.98,1.025,0.985,1,0.99,1.03,1.0175
HGO,24/07/2026,0.058,0.059,0.057,0.057,3762267,0.038,0.036,0.036,0.035,0.037,0.038,0.038,0.035,0.0375,0.042,0.041,0.038,0.035,0.033,0.037,0.032,0.035,0.033,0.0335,0.034,0.037,0.04,0.042,0.048,0.051,0.055,0.052,0.054,0.049,0.047,0.046,0.049,0.043,0.04,0.038,0.036,0.035,0.039,0.041,0.039,0.04,0.042,0.046,0.045,0.045,0.049,0.051,0.054,0.051,0.057,0.062,0.059,0.057
HIO,24/07/2026,0.014,0.014,0.013,0.013,222624,0.018,0.0175,0.018,0.018,0.018,0.02,0.021,0.021,0.022,0.021,0.025,0.027,0.027,0.026,0.026,0.025,0.025,0.025,0.024,0.0265,0.03,0.027,0.023,0.025,0.021,0.021,0.02,0.0195,0.015,0.015,0.015,0.015,0.015,0.016,0.015,0.015,0.015,0.016,0.015,0.016,0.015,0.015,0.015,0.014,0.013,0.0135,0.014,0.014,0.0125,0.014,0.014,0.014,0.013
HIQ,24/07/2026,0.008,0.008,0.008,0.008,0,0.019,0.021,0.021,0.021,0.018,0.018,0.02,0.022,0.019,0.018,0.021,0.022,0.021,0.022,0.015,0.023,0.02,0.021,0.025,0.025,0.023,0.02,0.0195,0.021,0.02,0.017,0.017,0.018,0.017,0.016,0.014,0.013,0.018,0.015,0.015,0.015,0.013,0,0.013,0.013,0.013,0.012,0.01,0.01,0.008,0.012,0.01,0.009,0.008,0.008,0.008,0.009,0.008
HIQOA,24/07/2026,0.003,0.003,0.003,0.003,0,0,0,0,0,0.007,0.004,0.006,0.01,0.01,0.007,0.007,0.007,0.009,0.007,0.007,0.008,0.007,0.007,0.007,0.007,0.007,0.004,0,0.005,0.004,0.005,0.005,0.004,0.004,0.004,0.004,0.004,0.004,0.004,0.004,0.004,0,0,0.004,0.004,0.004,0.004,0.004,0.004,0.004,0.004,0.004,0.002,0.002,0.003,0,0.003,0.003
HIT,24/07/2026,1.15,1.26,1.15,1.26,94073,1.785,1.85,1.825,1.9,1.94,1.975,1.83,1.86,1.78,1.825,1.85,1.85,1.85,1.695,1.635,1.645,1.635,1.665,1.635,1.6,1.61,1.6,1.6,1.63,1.64,1.68,1.685,1.68,1.67,1.66,1.7,1.63,1.54,1.47,1.375,1.31,1.25,1.255,1.12,1.02,0.905,0.97,0.9,0.865,0.97,0.975,0.94,0.92,0.92,0.915,0.93,0.89,1.26
HJHI,24/07/2026,1.075,1.075,1.075,1.075,506,1.035,1.04,1.035,1.035,1.055,1.07,1.065,1.055,1.055,1.075,1.08,1.075,1.13,1.115,1.095,1.09,1.12,1.11,1.13,1.125,1.11,1.11,1.11,1.095,1.105,1.125,1.095,1.095,1.12,1.12,1.125,1.13,1.085,1.085,1.04,1.045,1.05,1.09,1.1,1.1,1.085,1.11,1.11,1.08,1.09,1.09,1.105,1.105,1.09,1.1,1.065,1.07,1.075
HJPN,24/07/2026,30.27,30.28,29.985,30.09,29591,21.6,21.36,21.74,22.46,22.21,22.18,22.37,22.84,22.8,23.04,23.16,23.71,23.5,24.38,24.94,24.43,25.03,24.3,25.03,25.14,25.58,25.3,25.6,25.65,26.33,27.85,27.4,26.94,27.9,29.35,28.98,30.02,28.1,27.59,27.6,27.85,27.64,29.13,29.22,28.95,29.2,30.16,30.22,30.85,31.67,31.63,30.81,32.74,31.99,31.01,30.61,29.23,30.09
HLI,24/07/2026,4.89,4.9,4.81,4.9,925937,4.94,5.11,5.21,5.53,5.73,5.55,5.77,5.73,5.75,5.75,5.77,5.56,5.42,5.64,5.39,5.33,5.89,5.67,5.65,5.64,5.79,5.7,5.76,5.55,5.34,5.51,5.9,5.84,5.7,5.58,5.81,6.02,5.97,4.5,4.82,5.05,5.27,5.44,5.38,5.29,5.37,5.17,5.01,4.94,4.83,4.68,4.93,5.29,5.59,5.7,5.64,5.56,4.9
HLO,24/07/2026,1.47,1.47,1.455,1.46,63551,1.485,1.67,1.745,1.765,1.705,1.9,1.72,1.655,1.725,1.71,1.69,1.7,1.69,1.92,1.9,1.745,1.79,1.745,1.78,1.75,1.79,1.895,1.87,1.89,1.87,1.87,1.95,2.03,1.915,1.805,1.85,1.795,1.615,1.46,1.415,1.415,1.47,1.6,1.535,1.505,1.45,1.47,1.42,1.43,1.42,1.38,1.435,1.505,1.44,1.51,1.515,1.46,1.46
HLS,24/07/2026,0.345,0.355,0.34,0.35,1712482,0.8,0.755,0.845,0.795,0.83,0.86,0.825,0.785,0.78,0.745,0.805,0.805,0.795,0.82,0.89,0.87,0.89,0.89,0.98,0.98,0.975,0.95,0.935,0.91,0.975,0.945,0.95,0.9,0.9,0.775,0.69,0.685,0.63,0.595,0.57,0.56,0.52,0.5,0.54,0.53,0.495,0.495,0.345,0.36,0.34,0.325,0.36,0.41,0.365,0.375,0.385,0.375,0.35
HLTH,24/07/2026,11.4,11.54,11.4,11.5,9784,11.16,11.05,11,11.24,11.51,11.34,11.57,11.48,11.5,11.3,11.73,11.7,11.82,11.98,11.77,12.15,12.39,12.45,12.9,12.35,12.23,12.22,12.36,12.11,12.44,12.26,12.03,11.6,11.74,11.77,11.94,11.7,11.51,11.16,11.05,11.4,11.42,11.36,11.19,11.08,10.88,10.88,10.86,11.06,11.09,10.95,11.21,10.94,11.48,11.86,11.69,11.51,11.5
HLX,24/07/2026,0.038,0.038,0.038,0.038,79011,0.002,0.002,0.002,0.0015,0.001,0.002,0.002,0.001,0.001,0.001,0.0015,0.001,0.001,0.001,0.0015,0.001,0.001,0.003,0.003,0.003,0.003,0.003,0.001,0.003,0.003,0.003,0.003,0.003,0.003,0.003,0.003,0.003,0.003,0.003,0.003,0.003,0.001,0,0.003,0.003,0.003,0.003,0.003,0.003,0.003,0,0.041,0.041,0.039,0.033,0.04,0.041,0.038
HLXO,24/07/2026,0.002,0.002,0.002,0.002,0,0.001,0.001,0.001,0.001,0.001,0.001,0.001,0.001,0.001,0.001,0.001,0.001,0.001,0.001,0.001,0.001,0.001,0.001,0.001,0.001,0.001,0.001,0,0.001,0.001,0.001,0.001,0.001,0.001,0.001,0.001,0.001,0.001,0.001,0.001,0.001,0,0,0.001,0.001,0.001,0.001,0.001,0.001,0.001,0,0.002,0.002,0.002,0.002,0,0.002,0.002
HLXOA,24/07/2026,0.004,0.004,0.004,0.004,0,0,0,0,0,0,0,0,0,0.001,0.001,0.001,0.001,0.001,0.001,0.001,0.001,0.001,0.001,0.001,0.001,0.001,0.001,0,0.001,0.001,0.001,0.001,0.001,0.001,0.001,0.001,0.001,0.001,0.001,0.001,0.001,0,0,0.001,0.001,0.001,0.001,0.001,0.001,0.001,0,0.004,0.004,0.004,0.003,0,0.004,0.004
HM1,24/07/2026,2.98,2.98,2.92,2.94,271613,3.29,3.37,3.32,3.32,3.31,3.47,3.45,3.4,3.48,3.42,3.49,3.46,3.27,3.27,3.31,3.19,3.14,3.05,3.22,3.18,3.2,3.14,3.17,3.13,3.18,3.23,3.22,3.14,2.87,2.82,2.98,2.9,2.75,2.71,2.8,2.76,2.83,2.9,2.84,2.76,2.93,2.8,2.74,2.8,2.85,2.86,2.79,2.87,2.86,3.03,2.99,2.94,2.94
HMC,24/07/2026,2.84,2.84,2.75,2.77,492644,3.7,3.53,3.57,3.63,3.78,3.85,3.75,3.83,3.43,3.28,3.36,3.07,3.37,3.25,3.1,3.1,2.9,3.22,3.87,3.59,3.65,3.97,3.96,4.03,4.14,4.46,4.32,4.2,3.92,3.11,3.06,2.78,2.53,2.35,2.25,2.27,2.52,2.32,2.47,2.4,2.5,2.99,2.89,2.77,3.06,2.92,2.88,3.05,2.94,3.06,2.95,2.89,2.77
HMD,24/07/2026,0.037,0.037,0.037,0.037,0,0.013,0.012,0.019,0.023,0.03,0.033,0.036,0.035,0.039,0.043,0.04,0.041,0.036,0.034,0.036,0.04,0.036,0.037,0.042,0.036,0.033,0.031,0.036,0.036,0.04,0.043,0.043,0.043,0.04,0.04,0.035,0.038,0.041,0.044,0.045,0.046,0.047,0.044,0.048,0.049,0.049,0.043,0.042,0.04,0.04,0.042,0.038,0.036,0.038,0.043,0.039,0.038,0.037
HMG,24/07/2026,0.16,0.16,0.14,0.145,218519,0.063,0.059,0.052,0.051,0.067,0.074,0.078,0.077,0.066,0.064,0.07,0.072,0.091,0.094,0.081,0.071,0.076,0.07,0.063,0.062,0.062,0.06,0.061,0.07,0.07,0.07,0.075,0.071,0.069,0.078,0.115,0.155,0.165,0.135,0.125,0.12,0.125,0.115,0.11,0.11,0.095,0.135,0.13,0.125,0.125,0.105,0.105,0.115,0.1,0.09,0.098,0.1,0.145
HMI,24/07/2026,0.027,0.027,0.027,0.027,0,0.047,0.052,0.044,0.045,0.046,0.05,0.05,0.05,0.041,0.042,0.06,0.06,0.055,0.039,0.035,0.036,0.04,0.04,0.043,0.043,0.04,0.038,0.039,0.041,0.04,0.041,0.041,0.041,0.037,0.039,0.035,0.038,0.038,0.038,0.034,0.034,0.034,0,0.033,0.039,0.035,0.035,0.032,0.035,0.035,0.027,0.025,0.024,0.022,0.027,0.027,0.027,0.027
HMND,24/07/2026,42.76,42.76,41.2,41.65,1369,0,0,0,0,0,0,0,0,0,0,0,0,0,0,0,0,0,0,0,0,0,0,0,0,0,0,0,0,0,0,0,0,0,0,0,0,47.8,0,51.6,51.58,52.33,55.13,57.18,55.68,54.9,54.5,51.5,52.37,48.02,53,51.07,43.01,41.65
HMX,24/07/2026,0.066,0.066,0.062,0.063,1502859,0.028,0.027,0.026,0.0255,0.024,0.027,0.032,0.032,0.037,0.041,0.04,0.036,0.035,0.031,0.029,0.026,0.024,0.023,0.027,0.024,0.03,0.03,0.031,0.031,0.038,0.04,0.041,0.041,0.041,0.041,0.047,0.045,0.046,0.044,0.032,0.032,0.031,0.034,0.035,0.032,0.033,0.034,0.035,0.034,0.043,0.051,0.053,0.054,0.053,0.055,0.063,0.064,0.063
HMY,24/07/2026,0.755,0.79,0.755,0.765,30168,0.595,0.645,0.63,0.605,0.845,0.805,0.83,0.845,0.93,0.91,0.93,0.92,0.925,0.905,0.94,0.9,0.845,0.795,0.79,0.875,0.87,0.88,0.9,0.91,0.885,0.875,0.88,0.905,0.76,0.77,0.88,0.85,0.885,0.83,0.705,0.775,0.76,0.78,0.83,0.81,0.79,0.75,0.735,0.785,0.81,0.8,0.815,0.805,0.79,0.76,0.76,0.725,0.765
HNDQ,24/07/2026,54.67,54.68,54.23,54.29,98670,45.91,45.73,46.25,47.09,45.62,46.7,46.85,47.39,48.27,48.15,49.24,49.51,48.35,49.63,51.33,49.6,49.18,47.43,49.89,50.59,50.51,49.36,50.39,50.11,50.26,50.54,50.33,50.72,47.94,48.6,48.9,49.2,49.47,48.39,48.04,46.66,46.49,49.24,51.42,52.67,53.72,55.97,56.95,57.5,59.1,58.82,57.37,58.92,56.58,56.68,56.77,54.7,54.29
HOR,24/07/2026,0.0195,0.02,0.0195,0.02,209079,0.025,0.03,0.03,0.033,0.031,0.034,0.031,0.0315,0.029,0.036,0.035,0.037,0.033,0.034,0.031,0.033,0.033,0.03,0.028,0.029,0.03,0.035,0.034,0.038,0.048,0.047,0.046,0.048,0.049,0.048,0.046,0.044,0.044,0.039,0.032,0.032,0.032,0.033,0.03,0.025,0.026,0.026,0.023,0.029,0.03,0.028,0.025,0.025,0.024,0.021,0.021,0.019,0.02
HPC,24/07/2026,0.004,0.004,0.004,0.004,0,0.014,0.015,0.013,0.011,0.011,0.009,0.009,0.01,0.01,0.008,0.013,0.009,0.008,0.007,0.008,0.007,0.006,0.006,0.006,0.006,0.005,0.005,0.004,0.005,0.006,0.005,0.005,0.005,0.004,0.004,0.005,0.005,0.005,0.005,0.004,0.004,0.004,0.005,0.004,0.004,0.004,0.003,0.003,0.003,0.004,0.004,0.004,0.004,0.004,0.004,0.004,0.004,0.004
HPG,24/07/2026,0.73,0.765,0.73,0.765,23921,0.96,0.955,0.96,1.025,1.29,1.3,1.27,1.33,1.36,1.31,1.33,1.28,1.345,1.325,1.35,1.335,1.3,1.22,1.29,1.27,1.21,1.285,1.25,1.24,1.22,1.175,1.11,1.04,0.995,1.05,0.985,0.85,0.835,0.84,0.725,0.74,0.71,0.74,0.7,0.7,0.775,0.77,0.725,0.74,0.76,0.705,0.765,0.76,0.73,0.705,0.725,0.73,0.765
HPR,24/07/2026,0.09,0.09,0.09,0.09,0,0.068,0.069,0.063,0.063,0.064,0.068,0.06,0.06,0.061,0.06,0.06,0.055,0.056,0.06,0.06,0.06,0.06,0.058,0.058,0.056,0.056,0.054,0.054,0.061,0.061,0.06,0.06,0.06,0.06,0.06,0.054,0.044,0.05,0.05,0.049,0.049,0.066,0,0.066,0.075,0.08,0.08,0.08,0.08,0.08,0.089,0.091,0.092,0.091,0.091,0.086,0.092,0.09
HQLT,24/07/2026,33.58,33.62,33.48,33.56,5504,31.16,30.56,30.72,31.09,30.78,31.16,31.22,31.69,31.92,31.71,32.46,32.65,31.93,33.04,32.87,32.27,32.33,31.29,32.56,33.03,33.21,32.87,33.17,33.03,33.75,34.13,34.04,33.68,32.78,33.15,33.48,33.75,33.21,32.29,32.1,31.41,31.2,32.87,33.39,33.6,33.6,33.96,33.71,34.35,34.83,35.07,35.04,35.4,34.85,34.63,34.43,33.85,33.56
HQUS,24/07/2026,49.73,49.8,49.53,49.53,15288,44.93,44.03,43.85,44.74,44.48,45.12,45.08,45.47,45.41,44.88,45.84,45.52,44.71,45.79,44.87,44.72,45.1,43.82,45.63,45.88,46.74,46,46.24,45.94,46.99,47.79,47.6,47.23,47.41,47.92,48.41,48.7,48.02,46.19,46.21,45.74,45.53,47.19,47.85,47.96,48.33,48.48,48.32,48.89,49.61,50.08,50.05,49.97,50.55,50.29,50,50.35,49.53
HRE,24/07/2026,0.038,0.038,0.032,0.032,491800,0.044,0.041,0.044,0.043,0.043,0.05,0.057,0.055,0.049,0.047,0.05,0.05,0.054,0.054,0.046,0.037,0.043,0.038,0.037,0.04,0.045,0.039,0.042,0.05,0.054,0.057,0.052,0.048,0.044,0.045,0.04,0.041,0.04,0.039,0.034,0.034,0.032,0.035,0.036,0.034,0.027,0.026,0.024,0.027,0.025,0.024,0.024,0.022,0.024,0.035,0.038,0.041,0.032
HRN,24/07/2026,0.94,0.94,0.94,0.94,6382,0.485,0.495,0.48,0.485,0.5,0.51,0.555,0.595,0.6,0.62,0.64,0.755,0.84,0.76,0.72,0.72,0.74,0.74,0.725,0.81,0.815,0.8,0.83,0.815,0.855,0.845,0.89,0.965,0.955,1.07,1.15,1.3,1.4,1.53,1.33,1.31,1.28,1.21,1.225,1.25,1.15,1.09,1.03,1.02,1.05,1.015,1.03,1.075,1.025,1.02,1.1,0.95,0.94
HSN,24/07/2026,4.08,4.08,3.96,3.98,473508,5.99,6.09,6.09,6.04,5.6,5.96,5.75,5.79,6.22,6.48,5.89,5.85,5.55,5.62,5.58,5.9,5.9,5.77,5.8,5.51,5.34,5.47,5.29,5.3,5.3,5.49,5.28,4.96,4.46,4.42,5.14,5.3,5.16,5.09,4.52,4.98,4.8,4.59,5.02,5.05,4.95,4.82,4.8,4.75,4.64,4.62,4.56,4.4,4.3,4.39,4.2,4.14,3.98
HT8,24/07/2026,0.022,0.022,0.022,0.022,69750,0.012,0.012,0.012,0.013,0.013,0.012,0.012,0.01,0.011,0.011,0.011,0.01,0.01,0.011,0.011,0.01,0.01,0.01,0.011,0.01,0.011,0.0105,0.01,0.009,0.009,0.009,0.009,0.012,0.011,0.01,0.01,0.015,0.014,0.011,0.011,0.011,0.01,0.01,0.01,0.0115,0.011,0.011,0.011,0.012,0.015,0.015,0.015,0.027,0.023,0.021,0.022,0.022,0.022
HTG,24/07/2026,0.011,0.011,0.01,0.011,4349990,0.014,0.018,0.018,0.016,0.017,0.017,0.017,0.02,0.025,0.025,0.021,0.021,0.019,0.019,0.019,0.019,0.018,0.018,0.017,0.017,0.017,0.016,0.017,0.018,0.018,0.019,0.021,0.017,0.019,0.017,0.016,0.016,0.011,0.013,0.012,0.011,0.012,0.011,0.0125,0.012,0.011,0.011,0.013,0.01,0.018,0.013,0.013,0.0125,0.012,0.011,0.012,0.012,0.011
HTM,24/07/2026,0.25,0.25,0.25,0.25,0,0.205,0.205,0.205,0.225,0.28,0.27,0.275,0.28,0.28,0.28,0.26,0.26,0.28,0.305,0.285,0.27,0.31,0.31,0.28,0.28,0.28,0.3,0.34,0.33,0.3,0.315,0.325,0.325,0.28,0.28,0.285,0.29,0.285,0.275,0.24,0.25,0.27,0.26,0.255,0.255,0.255,0.245,0.25,0.255,0.265,0.265,0.25,0.25,0.24,0.26,0.245,0.25,0.25
HUB,24/07/2026,82.99,83.89,80.19,81.36,256171,104.53,106.72,106.67,108.83,109.34,109.06,102.93,103.4,105,98.94,102.87,105.07,105.25,111,114.16,113.33,104.46,100.02,103.7,99.95,99.1,95.81,98.28,95.78,95.75,98.42,101.11,101.49,83.29,76.57,97.5,97.8,93.5,79.77,79.26,81.16,79.34,88.03,95.74,83.44,82.71,81.83,80.54,82.84,83.1,83.85,80.2,73.55,69.89,81.04,82.89,83.23,81.36
HUGE,24/07/2026,12.81,12.81,12.4,12.4,2866,10.09,10.09,10.09,10.09,10.09,10.09,10.09,10.09,10.09,0,0,0,0,0,0,0,0,12.96,13.28,13.24,12.88,12.77,12.75,12.73,12.69,12.63,12.3,12.17,11.75,11.4,11.49,11.54,11.8,11.63,11.29,11.27,11.37,11.77,12.275,12.43,12.47,12.66,13.17,13,13.42,13.27,12.92,13.3,12.85,12.84,12.99,12.62,12.4
HUM,24/07/2026,0.46,0.465,0.45,0.45,695706,0.59,0.575,0.575,0.58,0.595,0.63,0.65,0.655,0.63,0.665,0.67,0.66,0.645,0.625,0.605,0.605,0.6,0.62,0.615,0.61,0.635,0.695,0.7,0.72,0.74,0.735,0.76,0.745,0.745,0.71,0.68,0.7,0.675,0.66,0.725,0.665,0.64,0.625,0.64,0.625,0.64,0.625,0.645,0.61,0.59,0.57,0.555,0.585,0.46,0.47,0.47,0.465,0.45
HVLU,24/07/2026,40.65,40.65,40.01,40.18,26440,29.11,28.8,29.07,30.26,30.13,30.27,30.39,30.89,31.24,31.14,31.77,31.76,31.35,32.24,32.55,32.62,33.41,31.98,33.28,33.86,34.61,34.22,34.62,34.81,35.6,36.49,36.5,36.82,37.33,38.06,38.23,38.5,37.3,36.68,36.8,36.57,36.6,38.36,38.98,39.49,40.4,42.03,44,44.62,46.92,46.67,46.13,47.38,47.34,40.74,40.36,39.6,40.18
HVN,24/07/2026,4.67,4.71,4.61,4.69,1330462,5.62,5.82,6.03,5.95,6.21,6.89,7.42,7.23,7.33,7.31,7.68,7.53,7.3,7.26,7.23,7.4,7.33,7.25,6.94,7.25,7,6.96,7.14,7.01,6.65,6.78,6.62,6.48,6.42,6.2,6.36,5.76,5.46,5.14,5.05,5.06,4.73,4.7,4.57,4.53,4.49,4.48,4.4,4.39,4.61,4.44,4.79,4.83,4.88,4.64,4.73,4.78,4.69
HVST,24/07/2026,13.26,13.26,13.09,13.13,26301,13.79,13.75,13.94,14.07,14.16,14.11,14.04,13.94,13.8,13.79,14.04,13.96,14.07,14.09,13.86,13.6,13.49,13.14,13.4,13.37,13.44,13.33,13.52,13.49,13.41,13.62,13.52,13.6,13.4,13.67,13.9,14.04,13.48,13.16,12.88,12.94,13.03,13.6,13.56,13.28,13.11,13.16,13.05,13.02,13.09,12.9,13.16,13.15,13.12,13.17,13.11,13.11,13.13
HVY,24/07/2026,0.44,0.44,0.435,0.435,14587,0.345,0.32,0.32,0.345,0.3025,0.315,0.32,0.325,0.31,0.35,0.445,0.37,0.385,0.37,0.42,0.46,0.53,0.52,0.555,0.59,0.5,0.55,0.48,0.475,0.505,0.58,0.545,0.565,0.56,0.6,0.555,0.485,0.44,0.48,0.44,0.425,0.45,0.575,0.53,0.495,0.52,0.51,0.5,0.505,0.505,0.51,0.49,0.46,0.395,0.4,0.465,0.4,0.435
HWK,24/07/2026,0.029,0.029,0.027,0.028,613091,0.019,0.017,0.017,0.015,0.016,0.016,0.017,0.019,0.019,0.019,0.018,0.018,0.035,0.04,0.036,0.032,0.03,0.029,0.028,0.03,0.029,0.027,0.032,0.038,0.053,0.049,0.055,0.041,0.037,0.047,0.04,0.037,0.041,0.041,0.038,0.037,0.038,0.036,0.035,0.032,0.027,0.029,0.039,0.033,0.03,0.029,0.027,0.03,0.027,0.026,0.024,0.028,0.028
HWKO,24/07/2026,0.002,0.002,0.002,0.002,0,0.007,0.007,0.007,0.007,0.007,0.007,0.007,0.007,0.007,0.007,0.007,0.007,0.007,0.007,0.007,0.007,0.007,0.007,0.007,0.008,0.007,0.006,0,0.01,0.019,0.017,0.016,0.009,0.01,0.018,0.012,0.012,0.012,0.01,0.01,0.01,0,0,0.007,0.007,0.006,0.007,0.009,0.007,0.006,0.005,0.005,0.004,0.001,0.002,0,0.003,0.002
HWKOB,24/07/2026,0.01,0.01,0.01,0.01,0,0,0,0,0,0,0,0,0,0,0,0,0,0,0,0,0,0,0,0,0,0,0,0,0,0,0,0,0,0,0,0,0,0,0,0,0,0,0,0,0,0,0,0,0,0,0,0,0,0.008,0.005,0,0.01,0.01
HXL,24/07/2026,0.013,0.013,0.013,0.013,0,0.013,0.013,0.013,0.013,0.013,0.013,0.013,0.013,0.013,0.013,0.013,0.013,0.013,0.013,0.013,0.013,0.013,0.013,0.013,0.013,0.013,0.013,0.013,0.013,0.013,0.013,0.013,0.013,0.013,0.013,0.013,0.013,0.013,0.013,0.013,0.013,0.013,0,0.013,0,0.013,0.013,0.013,0.013,0.013,0.013,0.013,0.013,0.013,0.013,0.013,0.013,0.013
HYD,24/07/2026,0.004,0.004,0.004,0.004,0,0.015,0.017,0.016,0.017,0.017,0.016,0.016,0.015,0.014,0.023,0.023,0.023,0.014,0.015,0.016,0.014,0.015,0.015,0.015,0.013,0.013,0.012,0.012,0.012,0.018,0.02,0.019,0.017,0.018,0.017,0.017,0.017,0.0145,0.012,0.01,0.01,0.011,0.012,0.012,0.012,0.014,0.015,0.013,0.014,0.006,0.005,0.005,0.004,0.003,0.003,0.004,0.004,0.004
HYDOC,24/07/2026,0.001,0.001,0.001,0.001,0,0,0,0,0,0,0,0,0,0,0,0,0,0,0,0,0,0,0,0,0,0,0,0,0,0,0,0,0,0,0,0,0,0,0,0,0,0,0,0,0,0,0,0,0,0,0,0,0.001,0.001,0.001,0,0.001,0.001
HYGG,24/07/2026,5.61,5.64,5.57,5.59,281522,7.02,7.13,7.14,7.17,7.05,7.1,7.04,7.06,7.39,7.32,7.49,7.56,7.39,7.67,7.73,7.36,7.12,6.92,7,7.12,7.06,7.01,7.03,6.92,6.95,6.72,6.6,6.28,5.75,5.79,5.9,5.92,6.09,5.82,5.75,5.81,5.74,5.76,6.09,6.25,6.24,6.43,6.41,6.7,6.85,6.76,6.64,6.86,6.37,6.17,6.09,5.88,5.59
HYLD,24/07/2026,33.57,33.83,33.57,33.72,13254,0,0,30.12,30.99,31.87,31.84,31.54,31.45,31.05,31.1,31.43,31.5,31.99,31.77,31.6,31.4,31.4,30.56,30.79,30.98,31.3,31.04,31.37,31.32,31.06,31.7,31.45,32.01,31.65,32.86,33.63,34.09,33.08,32.63,32.42,32.64,32.7,33.85,33.44,33.12,32.93,32.78,32.87,33.18,33.17,32.67,33.63,33.3,33.28,33.21,33.35,33.49,33.72
HYT,24/07/2026,0.013,0.013,0.013,0.013,632314,0.02,0.019,0.018,0.02,0.022,0.023,0.019,0.02,0.019,0.018,0.025,0.023,0.022,0.021,0.021,0.022,0.025,0.023,0.022,0.021,0.019,0.018,0.018,0.022,0.023,0.02,0.02,0.018,0.017,0.015,0.017,0.016,0.015,0.016,0.015,0.015,0.0165,0.016,0.016,0.015,0.014,0.016,0.016,0.016,0.015,0.0155,0.0155,0.016,0.019,0.015,0.0135,0.013,0.013
HZN,24/07/2026,0.22,0.225,0.22,0.22,772443,0.2,0.205,0.205,0.2,0.21,0.21,0.215,0.215,0.22,0.22,0.22,0.225,0.205,0.195,0.205,0.195,0.2,0.195,0.195,0.2,0.205,0.195,0.205,0.2,0.21,0.205,0.205,0.225,0.22,0.23,0.23,0.24,0.25,0.265,0.265,0.265,0.285,0.25,0.235,0.24,0.235,0.22,0.225,0.225,0.225,0.22,0.215,0.21,0.205,0.21,0.21,0.215,0.22
HZR,24/07/2026,0.33,0.33,0.315,0.32,63048,0.375,0.38,0.33,0.36,0.35,0.35,0.35,0.38,0.43,0.415,0.515,0.475,0.51,0.515,0.57,0.5,0.49,0.455,0.46,0.46,0.49,0.46,0.49,0.51,0.5,0.47,0.495,0.46,0.425,0.43,0.425,0.405,0.39,0.365,0.365,0.355,0.35,0.345,0.39,0.39,0.36,0.385,0.3575,0.335,0.385,0.36,0.325,0.315,0.3,0.3,0.3,0.325,0.32
I88,24/07/2026,0.11,0.11,0.1,0.105,679435,0.125,0.17,0.19,0.235,0.22,0.21,0.225,0.265,0.24,0.28,0.22,0.58,0.52,0.51,0.38,0.285,0.275,0.255,0.235,0.285,0.245,0.245,0.255,0.285,0.27,0.2525,0.295,0.275,0.245,0.145,0.14,0.145,0.15,0.14,0.135,0.135,0.13,0.135,0.17,0.21,0.2,0.155,0.16,0.16,0.16,0.125,0.135,0.135,0.115,0.13,0.115,0.115,0.105
I88OA,24/07/2026,0.05,0.05,0.05,0.05,0,0,0,0,0,0,0,0,0,0,0,0,0,0,0,0,0,0,0,0.08,0.135,0.1,0.095,0,0.11,0.135,0.105,0.105,0.13,0.099,0.052,0.045,0.045,0.046,0.045,0.045,0.045,0,0,0.07,0.07,0.079,0.079,0.079,0.065,0.065,0.065,0.05,0.04,0.035,0.045,0,0.05,0.05
IAA,24/07/2026,196.8,196.8,189,189.81,22895,126.2,125.82,127.11,129.46,128.89,127.3,128.55,135.04,138.06,139.72,145.79,145.48,145.42,149.09,151.03,147.94,147.61,141.61,145.71,144.52,143.96,140.81,143.44,149.95,154.63,160.04,158.5,161.4,154.23,160.2,162.4,167.38,156.83,154.18,155.07,153.96,152,162.8,165.95,173.25,174.3,188.9,188.09,191.78,202.87,199,200.58,214.19,201.38,202.61,203.06,184.42,189.81
IACT,24/07/2026,30.18,30.18,30.07,30.12,9670,26.69,26.69,27,27.55,27.43,27.51,27.51,27.49,27.42,28,28.23,28.26,28.44,28.57,29,29.11,28.8,28.61,28.99,28.88,28.88,28.88,28.72,28.49,28.49,28.69,27.86,27.6,27,27.28,27.16,27.16,27.11,26.48,26.18,26.33,26.38,27.1,27.48,27.9,27.82,28.21,29.15,29.26,29.33,29.69,29.55,30.08,30.12,30.39,30.39,29.85,30.12
IAF,24/07/2026,100.66,100.67,100.455,100.47,25595,103.1,103.41,103.69,104.08,103.69,103.87,103.64,104.08,104.24,103.62,104.02,103.06,104.36,104.2,103.4,103.28,102.91,102.97,102.53,101.88,101.78,101.78,101.92,101.66,101.66,101.69,101.28,101.31,101.31,101.73,101.79,102.23,101.26,100.67,100.29,99.98,100.57,100.14,100.23,100.26,100.23,100.63,100.27,101.1,101.49,101.32,101.88,102,102.56,101.64,101.48,101.32,100.47
IAG,24/07/2026,8.31,8.58,8.31,8.55,5054086,8.47,8.71,8.54,8.84,8.67,8.71,8.69,8.67,8.31,8.13,8.28,8.41,7.75,7.95,7.86,7.86,7.8,7.72,7.76,7.74,7.81,7.88,7.93,7.99,8.02,7.62,7.33,7.6,7.73,6.87,7.08,6.66,6.57,7.25,7.26,7.43,7.28,7.21,7.47,7.24,7.66,7.28,8.01,7.87,7.66,7.56,8,7.98,8.05,8.12,8.19,8.32,8.55
IAGPE,24/07/2026,105,105.74,105,105.69,3066,104.499,104.77,105.65,105.7,105.76,106.23,104.89,104.9,104.75,104.99,104.75,104.88,104.88,104.9,105.38,105.7,105.99,105.79,106.66,104.5,104.62,105.58,105.68,105.3,105.16,105.3,105.47,105.47,106.99,106.49,105.88,105.96,104.5,104.18,104.403,104.22,103.7,104.04,105.08,104.1,103.98,103.96,104.26,105.69,106.45,103.75,103.35,104.8,105.11,105.3,104.82,105.01,105.69
IAGPF,24/07/2026,105.35,105.501,105.35,105.5,51,104.402,104.32,105,105.68,106.15,105.75,104.62,104.7,104.7,104.68,104.55,104.9,105,104.71,105.74,106.35,106.15,105.64,105.81,106,105.47,106,105.47,105.49,105.4,106.4,105.31,105.561,105.91,106.3,105.75,106.5,104.5,104.52,104.54,104.51,104.7,103.82,104.7,104.108,104.01,103.41,103.73,105.4,104.98,104.4,104,104.55,105.15,105.3,105.55,106,105.5
IAM,24/07/2026,0.017,0.018,0.017,0.018,826503,0.026,0.038,0.034,0.039,0.045,0.041,0.047,0.043,0.041,0.04,0.038,0.034,0.031,0.032,0.03,0.03,0.03,0.028,0.028,0.028,0.033,0.035,0.035,0.034,0.034,0.034,0.035,0.03,0.025,0.022,0.022,0.026,0.026,0.025,0.022,0.018,0.018,0.018,0.016,0.017,0.02,0.019,0.02,0.018,0.018,0.022,0.018,0.017,0.016,0.02,0.018,0.02,0.018
IBAL,24/07/2026,30.38,30.38,30.25,30.25,1004,29.93,30.03,30.13,30.36,30.29,30.28,30.27,30.36,30.47,30.34,30.89,30.79,30.69,30.9,30.77,29.96,30.4,30.24,30.34,30.49,30.38,30.3,30.64,30.48,30.6,30.64,30.41,30.37,29.94,30.13,30.19,30.29,29.86,29.39,29.13,29.15,29.12,29.77,29.95,29.89,30.22,30,30.28,30.44,30.62,30.53,30.64,30.8,30.79,30.77,30.7,30.53,30.25
IBC,24/07/2026,0.43,0.43,0.43,0.43,0,0.44,0.44,0.445,0.445,0.44,0.445,0.445,0.445,0.445,0.45,0.445,0.45,0.445,0.44,0.44,0.435,0.43,0.435,0.435,0.435,0.435,0.44,0.445,0.44,0.44,0.445,0.44,0.44,0.44,0.445,0.44,0.44,0.44,0.425,0.435,0.43,0.42,0.425,0.43,0.435,0.44,0.435,0.43,0.435,0.44,0.43,0.435,0.42,0.42,0.43,0.43,0.43,0.43
IBIT,24/07/2026,17.75,17.8,17.66,17.8,4947,0,0,0,0,0,0,0,0,0,0,0,0,0,0,0,0,28.18,25.36,26.7,26.5,26.36,25.06,24.72,25.18,25.87,27,24.95,22.52,17.78,17.81,18.16,18,19.08,19.19,18.97,18.87,18.34,19.37,19.8,20.76,20.37,20.95,21.29,20.61,19.54,16.79,17.09,17,16.45,16.86,17.5,17.09,17.8
IBR,24/07/2026,0.07,0.07,0.066,0.07,1298696,0,0,0,0,0,0,0,0,0,0,0,0,0,0,0,0,0,0,0,0,0,0,0,0,0,0,0,0,0.049,0.049,0.044,0.044,0.043,0.041,0.046,0.041,0.047,0.052,0.05,0.052,0.051,0.054,0.057,0.065,0.062,0.06,0.057,0.073,0.0725,0.073,0.077,0.072,0.07
IBRO,24/07/2026,0.037,0.039,0.037,0.039,108660,0,0,0,0,0,0,0,0,0,0,0,0,0,0,0,0,0,0,0,0,0,0,0,0,0,0,0,0,0.024,0.024,0.02,0.02,0.02,0.02,0.02,0.018,0,0,0.024,0.021,0.027,0.023,0.035,0.04,0.034,0.031,0.03,0.038,0.039,0.038,0,0.039,0.039
IBX,24/07/2026,0.012,0.013,0.012,0.012,1260374,0.0175,0.015,0.015,0.015,0.016,0.015,0.016,0.036,0.039,0.041,0.035,0.035,0.033,0.028,0.027,0.021,0.022,0.021,0.023,0.02,0.021,0.02,0.021,0.026,0.029,0.027,0.026,0.024,0.023,0.022,0.024,0.023,0.02,0.02,0.019,0.021,0.022,0.022,0.022,0.018,0.017,0.015,0.014,0.015,0.016,0.016,0.016,0.015,0.012,0.011,0.012,0.012,0.012
IBXO,24/07/2026,0.003,0.003,0.003,0.003,0,0.004,0.004,0.004,0.004,0.004,0.003,0.004,0.013,0.013,0.015,0.011,0.012,0.011,0.008,0.007,0.006,0.006,0.005,0.008,0.005,0.006,0.006,0,0.011,0.009,0.007,0.008,0.005,0.005,0.005,0.007,0.007,0.006,0.006,0.006,0.007,0,0,0.006,0.005,0.005,0.004,0.004,0.004,0.005,0.004,0.003,0.004,0.003,0.003,0,0.002,0.003
ICE,24/07/2026,0.037,0.037,0.037,0.037,20000,0.082,0.065,0.062,0.06,0.072,0.071,0.076,0.069,0.062,0.071,0.071,0.069,0.064,0.066,0.08,0.059,0.046,0.05,0.061,0.06,0.055,0.048,0.052,0.047,0.048,0.048,0.048,0.044,0.049,0.048,0.04,0.034,0.034,0.035,0.039,0.039,0.039,0,0.04,0.035,0.04,0.04,0.04,0.034,0.033,0.035,0.038,0.037,0.033,0.033,0.034,0.033,0.037
ICL,24/07/2026,0.028,0.028,0.028,0.028,49908,0.066,0.058,0.065,0.074,0.065,0.064,0.062,0.057,0.0535,0.051,0.065,0.066,0.069,0.065,0.056,0.055,0.056,0.052,0.064,0.068,0.069,0.067,0.064,0.07,0.07,0.069,0.065,0.06,0.055,0.053,0.051,0.05,0.048,0.047,0.041,0.04,0.032,0,0.03,0.029,0.025,0.024,0.023,0.023,0.022,0.022,0.024,0.026,0.024,0.028,0.028,0.021,0.028
ICME,24/07/2026,100.1,100.1,100.1,100.1,0,0,0,0,0,0,0,0,0,0,0,0,0,0,0,0,0,0,0,100.19,100.15,100.18,100.32,100.32,100.53,100.15,100.38,100.38,100.38,100.52,100.7,100.71,100.76,100.05,100.01,99.79,99.77,99.78,99.4,99.57,99.78,99.94,99.63,99.53,99.75,99.93,99.53,99.71,99.91,99.91,99.8,99.92,100.1,100.1
ICOR,24/07/2026,93.9,93.92,93.73,93.73,4651,96.11,96.48,96.62,96.99,96.88,96.97,97.05,97.18,97.22,96.83,97.16,95.99,96.87,96.74,96.15,96.28,95.97,95.88,95.62,95.29,95.27,95.34,95.56,95.43,94.74,94.93,94.73,94.71,94.79,95.1,95.18,95.37,94.76,94.38,93.9,93.83,94.07,93.3,93.46,93.49,93.6,93.86,93.73,94.33,94.66,94.41,94.94,94.99,95.49,94.3,94.43,94.29,93.73
ICR,24/07/2026,0.018,0.018,0.018,0.018,80000,0.015,0.012,0.013,0.014,0.015,0.016,0.017,0.017,0.025,0.03,0.022,0.026,0.026,0.024,0.02,0.022,0.027,0.029,0.026,0.025,0.023,0.023,0.025,0.024,0.025,0.022,0.025,0.026,0.023,0.021,0.02,0.02,0.02,0.018,0.017,0.02,0.025,0,0.023,0.025,0.024,0.024,0.026,0.025,0.025,0.024,0.023,0.021,0.022,0.022,0.021,0.02,0.018
ICU,24/07/2026,0.001,0.001,0.001,0.001,0,0.002,0.002,0.002,0.002,0.0015,0.001,0.001,0.001,0.001,0.001,0.001,0.001,0.001,0.001,0.001,0.001,0.001,0.001,0.001,0.001,0.001,0.001,0.001,0.001,0.001,0.001,0.001,0.001,0.001,0.001,0.001,0.001,0.001,0.001,0.001,0.001,0.001,0,0.001,0.001,0.001,0.001,0.001,0.001,0.001,0.001,0.001,0.001,0.001,0.001,0.001,0.001,0.001
ID8,24/07/2026,0.003,0.004,0.003,0.003,1493652,0.006,0.006,0.006,0.008,0.009,0.008,0.008,0.0075,0.008,0.009,0.011,0.01,0.008,0.008,0.008,0.008,0.0075,0.007,0.008,0.006,0.006,0.007,0.007,0.006,0.0065,0.006,0.007,0.006,0.005,0.006,0.006,0.008,0.007,0.008,0.008,0.007,0.007,0.007,0.0065,0.007,0.006,0.005,0.005,0.005,0.005,0.004,0.004,0.003,0.003,0.0035,0.003,0.004,0.003
IDA,24/07/2026,0.021,0.021,0.02,0.02,363163,0.088,0.091,0.04,0.044,0.042,0.0415,0.04,0.039,0.049,0.05,0.05,0.048,0.05,0.045,0.043,0.044,0.045,0.038,0.039,0.037,0.035,0.035,0.036,0.039,0.04,0.042,0.046,0.042,0.039,0.038,0.04,0.041,0.037,0.036,0.034,0.033,0.031,0.032,0.033,0.032,0.029,0.0285,0.03,0.028,0.026,0.029,0.028,0.023,0.021,0.022,0.024,0.022,0.02
IDT,24/07/2026,0.034,0.034,0.033,0.034,151051,0.098,0.09,0.07,0.07,0.07,0.069,0.068,0.065,0.061,0.061,0.059,0.065,0.059,0.063,0.06,0.057,0.06,0.058,0.053,0.052,0.055,0.054,0.051,0.054,0.051,0.05,0.05,0.05,0.046,0.048,0.05,0.05,0.046,0.044,0.042,0.044,0.043,0.046,0.04,0.04,0.04,0.04,0.04,0.034,0.037,0.036,0.034,0.034,0.033,0.031,0.032,0.032,0.034
IDX,24/07/2026,2.1,2.1,2.03,2.05,581771,2.75,2.68,2.76,2.66,2.68,2.91,2.9,2.83,2.93,2.81,2.73,2.71,2.59,2.6,2.59,2.47,2.49,2.52,2.64,2.45,2.45,2.41,2.45,2.51,2.54,2.61,2.68,2.62,2.43,2.4,2.41,2.44,2.36,2.32,2.47,2.35,2.25,2.27,2.26,2.23,2.22,2.27,2.11,2.08,2.17,2.07,2.04,1.98,2,2.02,2.06,2.1,2.05
IEL,24/07/2026,2.1,2.12,2.05,2.05,1917737,3.7,3.61,4.23,4.57,4.66,5.62,5.52,5.28,5.4,5.71,6.61,6.5,6.51,5.84,5.61,4.74,4.91,4.83,5.26,5.11,5.03,5.84,5.85,5.75,5.67,5.95,6.14,6.31,5.43,4.84,4.97,4.66,4.64,4.1,3.91,3.86,4.14,3.99,3.78,3.51,3.28,2.83,2.76,2.67,2.23,1.995,2.13,2.56,2.15,2.27,2.3,2.2,2.05
IEM,24/07/2026,91.51,93.84,91.51,91.7,41698,75.57,75.52,75.87,77.25,78,76.7,77.18,79,80.49,80.6,82.23,82.59,83.81,84.86,85.31,84.56,84.47,82.51,82.67,82.7,82.55,82.14,82.61,84.01,85.6,87.61,86.51,86.84,84.73,87.01,87.7,89.12,84.15,82.31,81.79,82.28,81.42,86.38,87.69,89.3,89.53,93.66,92.49,93.62,97.11,95.93,96.38,101.14,97.16,97.74,96.94,90.24,91.7
IEQ,24/07/2026,0.04,0.04,0.04,0.04,0,0.04,0.04,0.04,0.04,0.04,0.04,0.04,0.04,0.04,0.04,0.04,0.04,0.04,0.04,0.04,0.04,0.04,0.04,0.04,0.04,0.04,0.04,0.04,0.04,0.04,0.04,0.04,0.04,0.04,0.04,0.04,0.04,0.04,0.04,0.04,0.04,0.04,0,0.04,0.04,0.04,0.04,0.04,0.04,0.04,0.04,0.04,0.04,0.04,0.04,0.04,0.04,0.04
IESG,24/07/2026,30.74,30.74,30.43,30.52,17881,32.6,32.5,33.23,33.52,33.07,33,32.97,33.11,32.78,32.63,33.69,32.23,33.01,33.49,32.45,31.67,31.45,30.83,31.65,31.37,31.59,31.45,31.82,31.83,31.64,32.04,32.25,31.92,31.2,31.64,32.05,32.18,31.06,30.22,29.26,29.59,29.94,31.08,31.41,30.72,30.7,30.98,30.33,30.19,30.35,30.07,30.87,31.12,31.17,31.15,31,30.96,30.52
IEU,24/07/2026,97.6,97.6,96.72,96.72,18426,96.9,94.86,96.18,98.43,99.41,97.52,97.45,96.69,97.81,97.37,100.18,99.68,101.03,101.39,100.12,99.86,101.94,98.71,100.85,100.92,101.74,102.28,102.21,101.61,103.04,104.18,102.21,101.38,101.16,101.43,102.82,103.02,98.38,95.8,93.74,95.58,97.25,99.95,99.84,98.76,98.63,98.52,98.19,101.15,101.33,101.29,103,103.25,104.75,99.73,98.16,97.25,96.72
IFG,24/07/2026,0.006,0.006,0.006,0.006,0,0.016,0.016,0.016,0.019,0.027,0.037,0.032,0.02,0.017,0.017,0.016,0.015,0.014,0.011,0.011,0.0115,0.011,0.008,0.007,0.008,0.017,0.016,0.018,0.017,0.019,0.017,0.013,0.011,0.008,0.01,0.011,0.009,0.008,0.008,0.007,0.012,0.011,0.013,0.012,0.011,0.011,0.009,0.008,0.0085,0.0085,0.008,0.007,0.0075,0.007,0.007,0.007,0.006,0.006
IFN,24/07/2026,0.455,0.46,0.44,0.46,33490,1.2,1.16,1.16,1.235,1.16,1.155,1.14,1.09,1,0.99,0.91,1.01,0.98,1,1.02,0.99,0.9,0.89,0.85,0.8,0.795,0.79,0.84,0.82,0.775,0.765,0.69,0.68,0.6,0.52,0.45,0.41,0.41,0.355,0.36,0.34,0.35,0.375,0.4,0.37,0.385,0.38,0.375,0.395,0.47,0.44,0.445,0.435,0.42,0.385,0.41,0.4,0.46
IFRA,24/07/2026,26.08,26.22,26.08,26.13,73251,22.81,22.79,23.13,23.32,23.42,23.15,22.96,23.07,22.8,23.21,23.26,23.47,23.72,23.66,23.24,23.27,23.63,23.46,24.19,23.53,23.25,23.25,23.26,23.25,23.21,23.61,23.6,23.88,24.39,25.28,25.58,25.84,25.57,25.29,25.09,24.9,25.03,25.72,25.25,25.3,25.5,25.09,25.28,25.55,25.27,25.41,25.5,25.31,26.19,25.87,25.74,25.9,26.13
IFT,24/07/2026,12.9,13.09,12.84,12.9,283923,10.57,10.63,11.03,10.93,10.87,10.24,10.88,11.25,11.07,10.91,11.12,10.81,11,10.8,10.84,10.65,10.13,10.02,10.15,10.2,9.98,9.64,10,9.76,9.62,9.71,9.34,9.53,8.9,9.58,9.27,9.38,9.1,8.84,9.03,9.81,9.43,10.04,9.92,10.09,10.45,12.4,12.49,13.08,13.14,12.64,12.3,12.34,12.37,12.49,12.92,12.85,12.9
IG6,24/07/2026,0.041,0.041,0.04,0.041,212935,0.072,0.062,0.058,0.054,0.054,0.053,0.052,0.0505,0.051,0.057,0.066,0.095,0.098,0.088,0.08,0.068,0.065,0.067,0.065,0.065,0.063,0.054,0.059,0.061,0.064,0.063,0.08,0.072,0.067,0.065,0.06,0.067,0.06,0.051,0.047,0.06,0.057,0.052,0.051,0.048,0.048,0.047,0.04,0.042,0.057,0.052,0.047,0.045,0.042,0.041,0.042,0.043,0.041
IGB,24/07/2026,96.3,96.35,96.13,96.14,4054,98.79,98.995,99.25,99.51,99.13,99.44,99.24,99.66,99.67,99,99.5,98.67,100.1,99.87,99,98.91,98.44,98.49,98.02,97.47,97.25,97.15,97.27,97.16,97.27,97.18,96.69,96.77,96.66,97.17,97.28,97.75,96.9,96.31,95.9,95.68,96.16,96.19,96.15,96.22,96.07,96.45,96.16,97.03,97.42,97.08,97.76,97.75,98.22,97.25,97.23,96.9,96.14
IGL,24/07/2026,2.68,2.72,2.64,2.69,193304,3,2.91,2.97,2.99,3.04,2.91,2.84,2.71,2.67,2.7,2.84,2.68,2.67,2.76,2.79,2.92,3.01,2.96,2.85,2.87,2.88,2.87,3,2.95,2.95,2.89,3.03,3.01,2.96,3.12,3.11,2.99,2.84,2.56,2.61,2.53,2.64,2.72,2.68,2.66,2.62,2.62,2.63,2.62,2.57,2.46,2.49,2.65,2.88,2.77,2.78,2.78,2.69
IGN,24/07/2026,0.74,0.74,0.74,0.74,3542,1.505,1.61,1.65,1.6,1.6,1.59,1.59,1.525,1.5,1.5,1.5,1.12,1.05,1.075,0.95,0.955,0.955,0.955,0.865,0.865,0.86,0.8,0.71,0.71,0.75,0.76,0.76,0.765,0.765,0.675,0.67,0.67,0.64,0.64,0.64,0.64,0.6,0,0.595,0.595,0.595,0.595,0.595,0.595,0.595,0.65,0.7,0.705,0.71,0.71,0.75,0.77,0.74
IGO,24/07/2026,6.83,6.85,6.525,6.56,1827772,5.36,4.58,5,5.45,5.12,5.22,4.85,4.34,4.87,5.11,5.2,5.36,5.32,5.82,5.37,4.99,6.73,6.47,6.77,6.93,7.12,7.68,8.1,8.21,8.65,8.88,9.31,8.32,8.11,8.38,7.9,8.62,7.75,7.69,6.81,7.93,7.95,8.15,9.25,7.01,7.68,8.34,8.51,9.21,9.58,8.98,8.86,8.17,7.31,7.51,6.89,6.65,6.56
IGRO,24/07/2026,35.74,35.74,35.58,35.62,1955,34.6,34.68,34.87,35.33,35.19,35.05,35.12,35.09,35.3,35.26,36.02,36.04,35.97,36.18,36.17,35.5,35.55,34.94,35.9,35.58,35.67,35.63,36.5,35.9,36.09,36.27,35.95,35.51,34.79,35.12,35.3,35.27,34.52,33.81,33.04,33.2,33.36,34.55,35.13,34.94,34.93,35.57,35.66,35.81,36,35.95,36.12,36.55,36.32,36.46,36.35,35.96,35.62
IHCB,24/07/2026,90.64,90.71,90.49,90.54,3658,92.12,92.42,93.09,93.15,92.62,92.99,93.54,94.11,94.04,93.64,92.4,92.4,93.13,93.15,92.76,92.56,92.33,92.41,93.2,92.84,92.66,92.66,92.65,92.69,92.86,93.13,93.05,93.14,93.29,93.75,93.95,94.06,93.38,92.2,92.39,91.53,90.17,91.04,91.03,90.94,90.76,90.95,90.71,90.89,91.23,91.39,91.53,91.63,92.15,91.78,91.31,91.32,90.54
IHD,24/07/2026,17.1,17.17,17.05,17.1,38112,15.21,15.19,15.32,15.82,16.24,16.26,16.16,16.15,15.99,16.12,16.36,16.13,16.25,16.38,16.44,16.35,16.3,15.9,16.12,16.32,16.55,16.43,16.62,16.66,16.38,16.72,16.4,16.64,16.52,17,17.38,17.7,17.14,16.95,16.55,16.73,16.81,17.24,17.13,16.89,16.92,17.1,17.25,17.28,17.33,17.03,17.43,17.32,17.2,17.08,17.03,17.05,17.1
IHEB,24/07/2026,76.29,76.29,75.91,75.91,58,75.38,75.99,76.33,77.22,76.81,77.08,77.42,78.42,78.08,78.34,77.4,77.52,77.6,77.96,78.57,78.39,78.56,78.15,78.48,78.87,78.85,79.23,79.34,79.4,78.99,79.37,79.46,79.39,79.26,80.19,80.43,80.68,80,78.59,78.33,77.36,75.44,77.09,77.45,77.56,77.15,77.85,77.25,76.94,77.92,77.79,77.98,78.25,78.27,77.2,77.1,76.63,75.91
IHHY,24/07/2026,92,92.42,92,92.41,3958,94.81,94.95,95.01,95.3,95.22,95.6,95.56,96.02,96.22,95.95,93.96,93.34,93.64,93.96,94.01,93.62,93.93,93.7,94.06,94.38,94.55,94.55,94.48,94.76,95.21,95.3,95.63,95.24,95.52,95.67,95.8,95.62,95.05,94.11,94.25,93.44,91.4,91.45,93.15,93.44,93.33,93.09,93.24,92.8,93.3,93.24,93.37,93.85,94.12,92.21,92.81,92.51,92.41
IHOO,24/07/2026,237.32,237.32,236.51,237.19,3021,201.4,200.62,202.6,206.94,203.23,207.1,209,210.6,212.49,212.19,218.06,218.42,213.8,219.05,229.02,222.77,224.1,219.11,227.71,228.55,228.87,224,228.77,229.78,230.27,232.09,229.12,231.11,225.72,227.77,229.01,230.58,226.47,223.49,219.28,216.35,216.92,228.12,235.88,237.72,242.67,248.56,253.64,254.4,255.84,254.87,247.41,249.78,239.87,238.31,239.3,238.45,237.19
IHVV,24/07/2026,64.79,64.9,64.69,64.74,657396,58.05,57.63,57.84,59.08,58,59.2,59.43,60.01,60.44,60.27,61.35,61.39,60.08,61.54,62.59,61.33,61.35,59.79,62.08,62.67,62.94,61.82,62.95,62.72,63.14,63.57,63.2,63.32,61.72,62.36,62.78,62.93,62.5,61.08,60.4,59.47,59.23,62.11,64,64.67,65.59,66.81,67.71,67.87,68.87,68.61,67.21,67.87,66.36,65.6,65.8,65.24,64.74
IHWL,24/07/2026,62.87,62.87,62.61,62.66,33457,56.75,56.45,56.58,57.62,56.98,57.62,57.72,58.33,58.76,58.48,60.01,60.1,59.05,60.33,61.3,60.14,60.38,58.87,60.85,61.39,61.64,61.1,62.11,61.94,62.36,62.94,62.8,62.5,60.83,61.85,62.06,62.4,61.31,59.89,58.96,57.88,58.15,60.79,62.58,63,64.07,65.25,66.04,66.15,66.87,66.8,65.88,66.64,65.63,64.2,63.94,63.57,62.66
IIGF,24/07/2026,2.75,2.75,2.72,2.73,15117,3.09,3.07,3.11,3.17,3.13,3.16,3.2,3.16,3.18,3.16,3.17,3.18,3.15,3.22,3.2,3.13,3.15,3.08,3.19,3.16,3.18,3.15,3.19,3.18,3.17,3.22,3.21,3.13,3.05,2.98,3.01,3.03,2.97,2.91,2.86,2.89,2.89,2.92,3.02,2.99,3.02,2.97,2.93,2.94,2.98,2.97,3.04,3.03,2.99,2.88,2.82,2.85,2.73
IIND,24/07/2026,9.8,9.86,9.78,9.83,13034,11.63,11.65,11.51,11.5,11.75,11.42,11.57,11.49,11.59,11.4,11.31,11.56,11.95,12.05,11.79,11.7,11.83,12.16,11.97,11.72,11.5,11.53,11.6,11.59,11.43,11.38,10.85,10.52,10.84,10.54,10.5,10.33,10.19,9.58,9.42,9.56,9.34,9.99,10.2,9.65,10.05,9.62,9.6,9.49,9.5,9.6,9.7,10.04,10.01,10.01,9.94,9.83,9.83
IIQ,24/07/2026,0.21,0.215,0.2,0.2,110887,0.37,0.395,0.42,0.43,0.4,0.41,0.4,0.39,0.4,0.425,0.405,0.415,0.35,0.34,0.35,0.35,0.34,0.325,0.355,0.34,0.34,0.335,0.3525,0.4,0.405,0.39,0.38,0.355,0.335,0.33,0.335,0.35,0.33,0.33,0.36,0.345,0.345,0.355,0.335,0.33,0.325,0.33,0.32,0.325,0.325,0.34,0.315,0.42,0.545,0.25,0.22,0.21,0.2
IISV,24/07/2026,2.97,2.97,2.93,2.93,26269,3.6,3.59,3.57,3.62,3.63,3.66,3.68,3.64,3.67,3.65,3.67,3.7,3.65,3.69,3.71,3.63,3.63,3.55,3.66,3.62,3.63,3.65,3.65,3.67,3.65,3.64,3.56,3.46,3.4,3.29,3.32,3.4,3.41,3.27,3.21,3.2,3.2,3.25,3.38,3.33,3.35,3.36,3.28,3.33,3.32,3.27,3.32,3.28,3.27,3.11,3.07,3.07,2.93
IJH,24/07/2026,53.96,54.1,53.91,53.93,5035,48.57,48.84,48.1,49.33,49.49,50.04,50.42,49.85,50.25,49.53,49.82,49.56,49.49,50.61,49.16,49.59,49.18,48.47,50.4,50.25,51.28,50.34,50.31,49.42,51.14,52.54,51.38,49.2,50.07,49.77,51.05,50.24,49.89,47.52,47.72,49.01,48.71,49.84,49.89,50.85,50.72,51.14,50.74,51.11,51.94,52.74,53.56,53.93,55.38,54.83,54.14,53.94,53.93
IJP,24/07/2026,129.22,129.27,128.26,128.26,16555,115.47,114.82,118.58,122.89,122.5,120.73,120.67,121.43,121.9,122.67,122.67,122.54,125.1,126.07,127.6,127.31,127.76,124.82,126.59,125.85,126.16,125.47,125,120.85,123.09,127.61,123.13,122.42,124.7,130.98,128.25,130.23,122.85,118.32,118.08,121.63,121.92,123.1,122.85,122.04,123.05,126.04,125.57,128.04,130.15,130.49,129.29,135.4,133.8,134.12,132.9,125.83,128.26
IJR,24/07/2026,207.52,208.27,207.52,207.98,4258,171.51,171.22,170.4,178.73,178.25,181.6,182.47,180.43,183.98,180.45,182.5,180.1,181.36,185.57,179.64,181.73,179.31,174.99,186.08,184.34,189.74,185.88,183.58,180.61,188.1,193.82,191.02,181.44,185.74,183.13,186.75,183.98,182.88,174.02,174.22,180.62,179.19,184.9,185.68,190,191.24,191.24,188.89,191.9,195.07,196.37,202.78,204.22,212.6,211.23,209.05,210.09,207.98
IKE,24/07/2026,0.97,0.97,0.965,0.97,142612,0.97,0.9,0.9125,0.87,0.86,0.805,0.8,0.87,0.87,0.805,0.83,0.86,0.825,0.855,1.125,0.985,0.96,1.005,1,0.95,0.935,0.97,0.97,0.955,0.96,0.99,0.91,0.88,0.845,0.775,0.78,0.77,0.89,0.79,0.73,0.75,0.8,0.81,0.9,0.94,1,0.99,1,0.98,0.975,1.02,0.99,1.045,1.04,1,0.99,1,0.97
IKO,24/07/2026,248.99,248.99,237.63,238.84,9379,113.5,111.85,114.31,116.06,115,113.8,114.74,120.05,123.58,122.2,129.38,130.84,138.68,142.95,152,142.85,146.07,138.44,140.96,143.29,144.57,141.69,144.96,155.76,167.07,173.73,174.3,189.29,175.69,196.74,204.51,224.37,193.88,187.87,197,188.65,181.1,204.22,213.46,223.9,232.79,264,258.67,275.2,298,282.93,285.7,321.7,293.14,272.9,263.13,227.8,238.84
ILA,24/07/2026,0.42,0.42,0.4,0.4,228411,0.15,0.19,0.21,0.195,0.22,0.22,0.27,0.295,0.435,0.41,0.435,0.42,0.35,0.405,0.43,0.415,0.425,0.52,0.525,0.53,0.455,0.465,0.455,0.435,0.45,0.435,0.43,0.39,0.42,0.385,0.37,0.37,0.42,0.45,0.38,0.37,0.375,0.37,0.36,0.375,0.37,0.3525,0.35,0.435,0.38,0.37,0.38,0.355,0.37,0.375,0.45,0.415,0.4
ILB,24/07/2026,126,126.09,125.58,125.66,13591,125.03,125.71,126.6,127.41,126.58,127.04,126.52,127.55,127.77,127.25,128.02,127.42,129.23,129.22,127.93,127.7,127.48,126.76,126.78,125.85,124.96,124.57,125.27,125.04,126.21,125.51,125.47,125.3,125.32,126.2,126.29,126.83,125.82,125.34,124.29,124,125.4,125.85,125.77,126.49,126.67,126.6,126.39,126.81,127.24,126.59,127.6,127.31,128,126.97,127.11,126.63,125.66
ILC,24/07/2026,34.74,34.82,34.56,34.67,68959,32.55,32.7,33.04,33.74,33.92,33.85,33.54,34,33.29,33.02,33.6,33.03,33.3,33.57,33.09,32.86,32.12,31.27,31.64,32.09,32.46,32.13,32.63,32.69,32.11,32.87,32.41,32.93,33.02,34.43,35.08,35.44,34.35,33.93,33.57,33.76,34,35.34,34.96,34.37,34.1,34.36,33.79,33.81,34.15,33.72,34.49,34.48,34.44,34.45,34.45,34.49,34.67
ILT,24/07/2026,0.415,0.415,0.41,0.41,11743,0.23,0.2,0.195,0.205,0.205,0.215,0.27,0.285,0.305,0.445,0.49,0.455,0.61,0.54,0.465,0.39,0.445,0.415,0.445,0.46,0.5,0.465,0.57,0.64,0.615,0.61,0.7,0.545,0.465,0.49,0.47,0.54,0.495,0.44,0.385,0.375,0.405,0.445,0.415,0.42,0.415,0.45,0.505,0.475,0.42,0.45,0.45,0.415,0.41,0.4,0.4,0.405,0.41
ILU,24/07/2026,6.04,6.04,5.81,5.89,1529551,5.4,5.21,6.01,6.32,6.08,6.33,6.31,5.69,6.05,6.6,7.1,7.51,8.1,7.71,6.92,6.32,6.5,6.28,6.45,6.45,5.84,5.44,5.83,5.87,6.18,7.03,6.96,5.36,4.94,5.4,5.5,6.75,6.37,6.55,6.24,6.68,6.75,7.43,7.69,7.62,8.36,8.36,7.9,8.03,7.9,7.75,7.33,7.82,6.9,7,6.69,6.11,5.89
IMA,24/07/2026,0.022,0.022,0.019,0.019,1579306,0.083,0.08,0.081,0.079,0.079,0.074,0.079,0.072,0.07,0.07,0.069,0.066,0.066,0.063,0.06,0.066,0.071,0.067,0.064,0.062,0.06,0.062,0.059,0.058,0.058,0.0575,0.057,0.055,0.055,0.054,0.055,0.056,0.057,0.053,0.044,0.042,0.041,0.045,0.045,0.045,0.042,0.039,0.039,0.034,0.032,0.03,0.026,0.028,0.022,0.027,0.024,0.022,0.019
IMB,24/07/2026,0.61,0.62,0.6,0.6,464550,0.64,0.645,0.665,0.7,0.665,0.605,0.59,0.585,0.625,0.62,0.625,0.675,0.675,0.63,0.62,0.625,0.565,0.575,0.57,0.58,0.64,0.615,0.665,0.73,0.755,0.73,0.72,0.68,0.655,0.675,0.63,0.55,0.54,0.53,0.51,0.505,0.475,0.49,0.5,0.55,0.535,0.55,0.555,0.59,0.5975,0.55,0.575,0.55,0.57,0.645,0.63,0.62,0.6
IMC,24/07/2026,0.038,0.038,0.038,0.038,0,0.078,0.063,0.068,0.07,0.072,0.07,0.068,0.07,0.078,0.076,0.092,0.089,0.08,0.09,0.081,0.07,0.064,0.063,0.064,0.062,0.039,0.037,0.038,0.035,0.036,0.041,0.038,0.035,0.03,0.028,0.029,0.028,0.03,0.031,0.027,0.033,0.028,0,0.035,0.031,0.03,0.029,0.033,0.032,0.04,0.042,0.034,0.03,0.034,0.036,0.043,0.043,0.038
IMD,24/07/2026,3.77,3.77,3.57,3.59,755357,2.91,3.07,3.19,3.41,3.37,3.02,3.06,3.34,3.27,3.43,3.51,3.67,3.66,3.55,3.44,3.39,3.42,3.16,3.43,3.29,3.28,3.43,3.47,3.46,3.68,3.86,3.77,3.79,3.42,3.73,3.9,4.25,4.25,3.92,3.6,3.8,3.71,3.9,4.02,4.06,4.09,4.04,3.99,4.26,4.07,3.98,4.02,4.19,4.11,4.07,3.87,3.61,3.59
IME,24/07/2026,0.305,0.305,0.305,0.305,2062,0.255,0.3,0.26,0.22,0.24,0.22,0.25,0.2675,0.265,0.24,0.27,0.25,0.245,0.23,0.27,0.27,0.27,0.28,0.3,0.33,0.355,0.33,0.37,0.4,0.4,0.4,0.4,0.45,0.45,0.45,0.405,0.45,0.4,0.4,0.395,0.405,0.39,0.4,0.385,0.385,0.41,0.4,0.37,0.36,0.35,0.35,0.385,0.35,0.305,0.345,0.285,0.31,0.305
IMI,24/07/2026,0.007,0.007,0.007,0.007,0,0.009,0.012,0.012,0.01,0.01,0.008,0.009,0.01,0.01,0.01,0.011,0.014,0.012,0.012,0.012,0.013,0.013,0.013,0.015,0.011,0.009,0.009,0.009,0.009,0.011,0.011,0.01,0.0095,0.013,0.011,0.01,0.01,0.009,0.008,0.008,0.008,0.007,0.008,0.008,0.008,0.008,0.007,0.007,0.007,0.008,0.0075,0.006,0.007,0.006,0.008,0.007,0.007,0.007
IMIO,24/07/2026,0.001,0.001,0.001,0.001,0,0.004,0.004,0.005,0.008,0.004,0.004,0.004,0.004,0.003,0.003,0.004,0.004,0.006,0.004,0.009,0.009,0.006,0.005,0.007,0.005,0.005,0.005,0,0.005,0.005,0.004,0.004,0.003,0.003,0.004,0.004,0.003,0.003,0.003,0.003,0.003,0,0,0.003,0.003,0.003,0.003,0.003,0.004,0.003,0.002,0.002,0.002,0.001,0.002,0,0.001,0.001
IMLC,24/07/2026,3.67,3.67,3.67,3.67,3,4.46,4.51,4.49,4.51,4.54,4.5,4.49,4.44,4.44,4.36,4.45,4.43,4.41,4.45,4.31,4.3,4.33,4.29,4.27,4.18,4.17,4.19,4.24,4.2,4.15,4.19,4.13,4.15,4.15,4.11,4.11,4.11,4.11,4.11,4.11,3.93,3.93,0,3.97,3.97,3.91,3.99,3.76,3.75,3.76,3.75,4.01,3.99,3.98,3.72,3.72,3.71,3.67
IMM,24/07/2026,0.048,0.05,0.048,0.048,14492733,0.26,0.26,0.27,0.265,0.255,0.235,0.235,0.23,0.25,0.255,0.275,0.305,0.305,0.305,0.28,0.255,0.275,0.26,0.305,0.26,0.375,0.395,0.415,0.43,0.435,0.44,0.46,0.395,0.365,0.365,0.395,0.385,0.395,0.045,0.05,0.048,0.044,0.04,0.069,0.07,0.061,0.06,0.06,0.06,0.053,0.048,0.047,0.053,0.048,0.055,0.051,0.05,0.048
IMPQ,24/07/2026,4.21,4.21,4.16,4.16,2109,4.98,4.99,5,5.05,5.02,5,5.01,5.08,5.05,4.99,5.08,5.07,5,5.03,5.04,4.92,4.83,4.77,4.89,4.77,4.81,4.86,4.92,4.94,4.99,4.98,5.01,4.87,4.68,4.62,4.7,4.69,4.54,4.18,4.17,4.21,4.22,4.26,4.34,4.29,4.26,4.28,4.27,4.28,4.32,4.28,4.4,4.42,4.38,4.31,4.315,4.26,4.16
IMR,24/07/2026,1.845,1.95,1.805,1.92,315077,1.26,1.22,1.41,1.405,1.315,1.405,1.365,1.42,1.5,1.445,1.595,1.5,1.5,1.44,1.425,1.36,1.4,1.37,1.5,1.395,1.42,1.48,1.47,1.635,1.58,1.88,2,1.98,1.87,2,2.17,2.15,2,1.995,1.95,1.915,1.87,1.83,2.07,2.01,1.975,1.78,1.845,1.815,1.755,1.74,1.75,1.83,1.865,1.99,1.825,1.635,1.92
IMU,24/07/2026,0.093,0.094,0.089,0.09,5685537,0.27,0.25,0.265,0.3,0.285,0.285,0.27,0.285,0.305,0.27,0.35,0.415,0.37,0.405,0.365,0.305,0.3,0.3,0.345,0.32,0.32,0.305,0.325,0.39,0.345,0.335,0.355,0.28,0.245,0.255,0.25,0.24,0.235,0.185,0.15,0.145,0.145,0.14,0.15,0.125,0.11,0.105,0.095,0.13,0.115,0.092,0.091,0.115,0.097,0.135,0.105,0.093,0.09
IMUOE,24/07/2026,0.001,0.001,0.001,0.001,0,0.028,0.028,0.02,0.021,0.02,0.022,0.022,0.005,0.005,0.005,0.011,0.031,0.03,0.038,0.038,0.005,0.007,0.007,0.009,0.01,0.015,0.011,0,0.011,0.011,0.01,0.01,0.01,0.011,0.011,0.011,0.011,0.011,0.011,0.007,0.001,0,0,0.001,0.001,0.001,0.001,0.001,0.001,0.001,0.001,0.001,0.001,0.001,0.001,0,0.001,0.001
IMUOF,24/07/2026,0.016,0.016,0.016,0.016,0,0,0,0,0,0,0,0,0,0,0,0,0,0,0,0,0,0,0,0,0,0,0,0,0,0,0,0,0,0,0,0,0,0,0,0,0,0,0,0,0,0,0.015,0.013,0.018,0.014,0.015,0.015,0.019,0.015,0.047,0,0.017,0.016
INA,24/07/2026,4.21,4.23,4.17,4.2,558390,5.25,5.28,5.53,5.71,5.92,5.9,5.63,5.65,5.53,5.47,5.63,5.57,5.59,5.85,5.62,5.6,5.28,5.12,5.19,4.87,5.07,5.34,5.26,5.2,5.18,5.05,4.96,4.73,4.56,4.43,4.56,4.56,4.28,4.17,3.87,3.86,3.92,4.04,4.12,4.08,4.03,3.91,3.84,3.83,3.82,3.73,4.12,4.2,4.38,4.47,4.34,4.29,4.2
INCM,24/07/2026,20.03,20.04,19.96,20.03,3047,18.77,18.7,18.8,19.26,19.46,19.27,19.33,19.1,19.23,19.43,19.44,19.37,19.52,19.67,19.56,19.62,19.79,19.73,20.05,19.86,19.95,19.7,19.62,19.48,19.6,19.77,19.24,18.99,19.45,19.29,19.48,19.31,19.25,18.795,18.5,18.93,18.86,18.94,18.94,19.15,19.28,19.08,19.49,19.91,19.98,20.08,20.09,20.06,20.29,19.98,20.1,19.97,20.03
IND,24/07/2026,0.11,0.12,0.1,0.12,64643,0.15,0.15,0.125,0.17,0.165,0.16,0.185,0.175,0.18,0.15,0.18,0.15,0.155,0.145,0.16,0.14,0.155,0.14,0.14,0.155,0.135,0.13,0.115,0.13,0.12,0.12,0.125,0.12,0.12,0.125,0.11,0.16,0.18,0.18,0.12,0.105,0.11,0.11,0.105,0.097,0.125,0.165,0.15,0.15,0.15,0.15,0.13,0.125,0.13,0.125,0.13,0.12,0.12
INDO,24/07/2026,0.007,0.007,0.007,0.007,0,0.026,0.026,0.026,0.026,0.026,0.026,0.026,0.026,0.031,0.031,0.031,0.031,0.031,0.031,0.031,0.01,0.01,0.01,0.01,0.01,0.01,0.01,0,0.01,0.01,0.01,0.01,0.01,0.01,0.01,0.01,0.01,0.01,0.006,0.007,0.007,0,0,0.007,0.007,0.007,0.007,0.007,0.007,0.007,0.007,0.007,0.007,0.007,0.007,0,0.007,0.007
INES,24/07/2026,3.08,3.08,3.01,3.01,25214,3.8,3.81,3.8,3.85,3.84,3.85,3.86,3.84,3.85,3.77,3.86,3.86,3.83,3.89,3.85,3.8,3.75,3.7,3.85,3.77,3.76,3.76,3.77,3.77,3.79,3.76,3.7,3.6,3.46,3.34,3.39,3.4,3.4,3.27,3.195,3.22,3.21,3.26,3.38,3.36,3.34,3.32,3.27,3.29,3.14,3.29,3.36,3.36,3.34,3.12,3.13,3.17,3.01
INF,24/07/2026,0.008,0.009,0.007,0.008,1434662,0.019,0.017,0.016,0.017,0.017,0.017,0.015,0.017,0.016,0.017,0.017,0.016,0.023,0.019,0.02,0.019,0.019,0.018,0.019,0.018,0.017,0.017,0.017,0.018,0.017,0.017,0.016,0.015,0.012,0.014,0.015,0.014,0.014,0.014,0.013,0.012,0.013,0.0135,0.013,0.012,0.012,0.012,0.013,0.013,0.013,0.012,0.012,0.011,0.009,0.009,0.009,0.008,0.008
ING,24/07/2026,2.18,2.24,2.18,2.22,2048301,3.45,3.42,3.38,3.53,2.83,2.71,2.67,2.64,2.52,2.54,2.56,2.51,2.49,2.51,2.42,2.4,2.42,2.42,2.48,2.5,2.42,2.39,2.45,2.52,2.61,2.67,2.51,2.5,2.47,2.35,2.11,2.06,2.03,1.875,1.825,1.88,2.02,2.07,1.99,1.98,1.82,1.695,1.955,1.96,2.09,2.08,2.12,2.1,1.98,2.04,2.12,2.18,2.22
INIF,24/07/2026,2.67,2.67,2.6,2.61,45167,2.88,2.85,2.92,2.98,2.94,2.96,2.98,2.95,2.95,2.97,2.98,2.99,2.97,3.01,3.05,2.97,2.99,2.93,3.02,3,3,2.99,3.03,3,3.02,3.1,3.09,3.04,2.95,2.89,2.95,2.98,2.95,2.87,2.8,2.85,2.84,2.9,3.01,2.99,2.97,2.96,2.93,2.91,2.95,2.98,3.05,3.05,2.98,2.71,2.69,2.71,2.61
INR,24/07/2026,0.115,0.12,0.115,0.115,4334029,0.125,0.115,0.115,0.125,0.115,0.115,0.145,0.12,0.13,0.18,0.17,0.25,0.23,0.19,0.185,0.16,0.17,0.165,0.17,0.18,0.18,0.18,0.185,0.2,0.21,0.225,0.23,0.155,0.15,0.15,0.135,0.15,0.14,0.12,0.11,0.125,0.13,0.13,0.135,0.135,0.135,0.14,0.15,0.145,0.135,0.15,0.14,0.14,0.15,0.155,0.145,0.12,0.115
INV,24/07/2026,0.11,0.11,0.11,0.11,0,0.14,0.145,0.145,0.145,0.13,0.15,0.16,0.16,0.135,0.135,0.14,0.12,0.115,0.115,0.115,0.115,0.11,0.12,0.12,0.115,0.115,0.12,0.12,0.12,0.115,0.115,0.115,0.11,0.1,0.1,0.11,0.11,0.11,0.11,0.11,0.105,0.091,0,0.083,0.083,0.083,0.083,0.083,0.13,0.12,0.16,0.17,0.14,0.14,0.14,0.14,0.135,0.11
IOD,24/07/2026,0.089,0.09,0.089,0.09,175210,0.12,0.12,0.11,0.105,0.105,0.1,0.1,0.105,0.11,0.1,0.105,0.12,0.17,0.165,0.17,0.15,0.14,0.14,0.14,0.135,0.165,0.14,0.135,0.13,0.14,0.14,0.145,0.15,0.16,0.17,0.18,0.18,0.175,0.16,0.165,0.11,0.12,0.175,0.165,0.165,0.17,0.175,0.15,0.14,0.145,0.14,0.14,0.125,0.13,0.11,0.1,0.1,0.09
ION,24/07/2026,0.038,0.042,0.038,0.04,9831710,0.043,0.037,0.042,0.051,0.05,0.045,0.043,0.046,0.046,0.047,0.047,0.043,0.048,0.065,0.048,0.044,0.045,0.044,0.051,0.045,0.042,0.041,0.041,0.044,0.04,0.045,0.051,0.05,0.035,0.033,0.03,0.032,0.026,0.022,0.018,0.018,0.021,0.02,0.026,0.024,0.026,0.023,0.021,0.022,0.02,0.019,0.019,0.025,0.024,0.033,0.033,0.027,0.04
IOO,24/07/2026,194.01,194.01,192.9,193.19,49443,168.5,170.96,170.68,175.22,174.02,174.95,175.86,174.42,177.13,178.79,182.33,182.81,182.12,185.16,192.21,188.82,188.57,186.84,191.15,189.76,188.63,186.59,187.62,187.91,188.18,189.6,183.48,181.36,178.55,176.96,178.86,177.8,176.35,173.09,169.67,171.36,172.29,177.46,181.37,183.74,186.69,190.35,194.38,196.69,197.27,196.87,193.68,195.73,191.09,195.58,196.1,194.84,193.19
IOV,24/07/2026,0.48,0.55,0.48,0.535,801375,0,0,0,0,0,0,0,0,0,0,0,0,0,0,0,0,0,0,0,0.002,0.002,0.002,0.002,0.002,0.002,0.0025,0,0.39,0.38,0.395,0.37,0.32,0.25,0.28,0.24,0.21,0.2,0.18,0.325,0.255,0.3,0.29,0.35,0.39,0.4,0.44,0.43,0.545,0.645,0.63,0.52,0.395,0.535
IOZ,24/07/2026,35.22,35.32,35.01,35.11,584659,34.81,34.78,35.39,35.95,36.13,36.21,35.93,35.95,35.56,35.62,36.47,35.85,36.03,36.14,35.59,35.19,34.72,33.86,34.65,34.7,34.97,34.68,35.24,35.18,34.95,35.7,35.51,35.56,34.91,35.75,36.48,37.02,35.76,34.89,34.15,34.5,34.76,35.95,35.92,35.3,35.08,35.18,34.85,34.9,35.13,34.77,35.49,35.61,35.34,35.43,35.28,35.24,35.11
IPC,24/07/2026,2,2,2,2,0,1.75,1.75,1.75,1.75,1.75,1.75,1.75,1.75,1.75,1.75,1.75,1.75,1.75,1.75,1.75,1.75,1.75,1.75,1.75,1.9,1.9,1.9,2,2,2,2,2,2,2,2,2,2,2,2,2,2,2,0,2,2,2,2,2,2,2,2,2,2,2,2,2,2,2
IPD,24/07/2026,0.004,0.0045,0.004,0.004,1137115,0.053,0.047,0.045,0.042,0.041,0.039,0.039,0.038,0.036,0.036,0.05,0.049,0.041,0.044,0.038,0.036,0.039,0.036,0.038,0.038,0.036,0.035,0.035,0.036,0.034,0.034,0.033,0.023,0.019,0.018,0.017,0.017,0.016,0.016,0.0155,0.015,0.0155,0.015,0.016,0.014,0.014,0.0075,0.008,0.007,0.007,0.007,0.006,0.006,0.005,0.006,0.0055,0.006,0.004
IPDO,24/07/2026,0.002,0.002,0.002,0.002,0,0,0,0,0,0,0,0,0,0,0,0,0,0,0,0,0,0,0,0,0,0,0,0,0,0,0,0,0,0,0,0,0,0,0,0,0,0,0,0,0,0,0,0,0,0,0,0,0.002,0.002,0.002,0,0.002,0.002
IPG,24/07/2026,5,5,4.69,4.75,276983,3.55,3.45,3.56,3.73,3.61,4.32,4.15,4.1,4.08,3.97,3.93,3.45,3.62,3.65,3.68,3.47,3.35,3.36,3.85,4.07,4.09,4.07,4.21,4.38,4.46,4.36,4.67,4.41,4.18,4.44,4.55,5.22,4.95,4.57,4.15,4.22,4.74,4.94,5.03,5.5,5.7,6.28,6.35,5.32,5.95,6.08,5.95,6.25,5.76,5,4.9,4.87,4.75
IPH,24/07/2026,3.99,4.03,3.92,4.01,551846,5.2,5.25,5.38,5.6,4.59,4.57,4.41,4.01,3.85,3.65,3.64,3.64,3.52,3.68,3.69,3.6,3.6,3.47,3.52,3.47,3.39,3.31,3.49,3.59,3.67,3.79,3.75,3.74,3.5,3.42,3.69,3.58,3.44,3.27,3.26,3.24,3.29,3.46,3.49,3.56,3.73,3.74,3.52,3.81,3.78,4.04,4.24,4.19,3.8,3.87,3.99,4.13,4.01
IPT,24/07/2026,0.04,0.041,0.04,0.04,81179,0.008,0.009,0.009,0.009,0.009,0.0085,0.008,0.008,0.008,0.007,0.007,0.006,0.007,0.006,0.006,0.006,0.0055,0.0055,0.005,0,0,0.053,0.053,0.055,0.059,0.073,0.071,0.065,0.06,0.06,0.065,0.065,0.069,0.064,0.061,0.06,0.054,0.049,0.05,0.048,0.046,0.051,0.052,0.051,0.049,0.048,0.043,0.041,0.039,0.041,0.043,0.039,0.04
IPTOC,24/07/2026,0.003,0.003,0.003,0.003,480952,0.001,0.0015,0.002,0.002,0.002,0.002,0.002,0.002,0.002,0.001,0.001,0.001,0.001,0.001,0.001,0.001,0.001,0.001,0.001,0,0,0.005,0,0.008,0.009,0.01,0.009,0.009,0.008,0.009,0.012,0.012,0.012,0.008,0.01,0.008,0,0,0.006,0.004,0.008,0.007,0.006,0.006,0.005,0.005,0.005,0.005,0.005,0.005,0,0.005,0.003
IPX,24/07/2026,3.18,3.2,3.07,3.07,2184647,6.29,5.83,5.69,6.4,6.26,6.63,7.28,6.63,6.45,7.7,8.26,8.2,7.77,7.47,6.8,5.52,5.61,4.44,5.11,5.02,5.35,5.03,5.56,5.79,6.37,7.17,8.37,7.35,5.78,5.55,5.93,6.72,6.91,5.26,3.52,3.21,3.79,4.47,4.55,4.08,4.5,5.65,5.21,5.13,5.83,5.43,5.12,4.36,3.65,4.15,3.59,3.27,3.07
IR1,24/07/2026,0.058,0.06,0.056,0.056,209792,0.095,0.11,0.086,0.093,0.092,0.099,0.091,0.16,0.17,0.21,0.24,0.25,0.3,0.275,0.345,0.29,0.285,0.245,0.255,0.23,0.23,0.19,0.19,0.21,0.215,0.195,0.205,0.195,0.155,0.125,0.12,0.135,0.13,0.11,0.105,0.11,0.1,0.1,0.09,0.081,0.073,0.07,0.064,0.068,0.071,0.077,0.063,0.066,0.055,0.069,0.066,0.066,0.056
IRD,24/07/2026,0.012,0.012,0.009,0.009,5006567,0.027,0.028,0.03,0.03,0.035,0.032,0.031,0.03,0.031,0.029,0.031,0.047,0.05,0.04,0.047,0.048,0.046,0.043,0.04,0.039,0.036,0.027,0.024,0.023,0.024,0.025,0.028,0.027,0.021,0.022,0.022,0.022,0.02,0.021,0.02,0.019,0.017,0,0.017,0.014,0.013,0.013,0.02,0.016,0.017,0.0145,0.015,0.014,0.012,0.014,0.017,0.013,0.009
IRE,24/07/2026,6.51,6.53,6.27,6.32,729269,7.71,7.96,9.4,9.03,8.92,8.72,9.13,9.12,9.34,8.99,8.9,8.75,8.65,8.83,8.86,8.77,9.15,8.96,9.3,8.87,8.62,8.58,8.47,8.49,8.34,8.54,8.47,8.16,7.45,7.02,7.05,7.46,7.55,6.9,6.86,6.94,6.8,6.85,7.09,6.88,6.68,6.54,5.84,5.73,6.01,6.16,6.17,6.2,6,6.34,6.31,6.61,6.32
IRI,24/07/2026,0.29,0.305,0.29,0.295,450375,0.42,0.405,0.415,0.48,0.455,0.44,0.43,0.395,0.39,0.375,0.375,0.37,0.36,0.385,0.375,0.365,0.305,0.29,0.305,0.34,0.345,0.33,0.335,0.34,0.325,0.34,0.32,0.335,0.3,0.325,0.31,0.295,0.305,0.295,0.31,0.3,0.3,0.3,0.3,0.295,0.305,0.305,0.3,0.3,0.3,0.29,0.285,0.28,0.28,0.275,0.27,0.285,0.295
IS3,24/07/2026,0.16,0.195,0.155,0.195,9000,0.011,0.01,0.009,0.009,0.009,0.009,0.008,0.007,0.01,0.0205,0.017,0.016,0.013,0.012,0.011,0.01,0.019,0.017,0.021,0.02,0.019,0.019,0.019,0.018,0.015,0.013,0.011,0.011,0.01,0.01,0.009,0.008,0.007,0.008,0.011,0.01,0.01,0,0.01,0.01,0.01,0.01,0.01,0.007,0.007,0,0,0.255,0.26,0.255,0.24,0.22,0.195
ISEC,24/07/2026,100.7,100.7,100.67,100.69,9351,100.77,100.84,100.53,100.63,100.73,100.75,100.53,100.58,100.66,100.75,100.83,100.52,100.59,100.71,100.77,100.53,100.62,100.69,100.78,100.55,100.61,100.68,100.75,100.85,100.57,100.64,100.7,100.77,100.51,100.57,100.65,100.73,100.47,100.53,100.62,100.66,100.75,100.36,100.45,100.52,100.58,100.34,100.42,100.51,100.6,100.31,100.42,100.52,100.59,100.43,100.5,100.62,100.69
ISLM,24/07/2026,1.145,1.145,1.125,1.14,14323,1.105,1.09,1.105,1.115,1.13,1.135,1.12,1.115,1.12,1.12,1.14,1.155,1.15,1.155,1.16,1.135,1.17,1.145,1.16,1.16,1.155,1.135,1.14,1.135,1.16,1.18,1.17,1.15,1.155,1.165,1.165,1.175,1.14,1.11,1.1,1.075,1.075,1.12,1.155,1.155,1.17,1.185,1.205,1.2,1.235,1.24,1.24,1.245,1.21,1.155,1.145,1.12,1.14
ISMD,24/07/2026,50.7,51.1,50.63,50.63,2297,0,0,0,0,0,0,0,0,0,0,0,0,0,0,0,0,0,0,0,0,0,0,0,0,0,0,0,0,0,0,0,0,0,0,0,0,0,0,0,0,0,0,0,0,0,0,0,0,0,0,0,0,50.63
ISO,24/07/2026,4.95,4.95,4.83,4.85,36504,5.1,5.03,5.24,5.27,5.29,5.46,5.51,5.54,5.57,5.57,5.83,5.86,5.85,5.75,5.76,5.53,5.56,5.35,5.66,5.6,5.6,5.69,5.78,5.81,5.9,6,6.05,5.86,5.45,5.5,5.6,5.73,5.49,5.26,5.04,5.06,5.13,5.35,5.44,5.38,5.32,5.34,5.3,5.23,5.39,5.31,5.34,5.43,5.24,5.13,5.04,4.9,4.85
ITEK,24/07/2026,33.47,33.47,33.12,33.27,1484,30.97,30.7,30.7,31.23,31.47,31.62,31.39,31.49,32.36,32.01,32.92,33.34,33.1,33.82,35.04,33.98,33.68,32.74,33.82,33.86,33.54,33.25,33.4,33.15,33.13,33.29,32.41,32.11,30.48,30.12,30.51,30.37,30.86,30.26,29.98,29.75,29.39,0,31.65,32.64,33.14,34.5,35.78,35.92,36.81,36.52,36.23,37.28,36.24,34.68,34.87,33.45,33.27
ITM,24/07/2026,0.034,0.034,0.034,0.034,0,0.032,0.029,0.029,0.029,0.056,0.064,0.048,0.051,0.053,0.052,0.0555,0.053,0.056,0.062,0.059,0.052,0.063,0.05,0.048,0.046,0.042,0.044,0.047,0.05,0.048,0.058,0.058,0.054,0.044,0.045,0.042,0.045,0.046,0.04,0.035,0.032,0.034,0.036,0.033,0.04,0.04,0.041,0.041,0.035,0.038,0.037,0.039,0.034,0.031,0.033,0.038,0.034,0.034
ITS,24/07/2026,0.31,0.31,0.31,0.31,0,0,0,0,0,0,0,0,0,0,0,0,0,0,0,0,0,0.56,0.54,0.565,0.55,0.505,0.57,0.54,0.55,0.555,0.55,0.515,0.52,0.5,0.43,0.415,0.44,0.45,0.45,0.455,0.47,0.45,0.45,0.45,0.45,0.45,0.42,0.355,0.435,0.405,0.34,0.33,0.36,0.365,0.365,0.35,0.31,0.31
IUSG,24/07/2026,99.02,99.02,98.98,98.98,759,100.81,100.73,101.81,101.93,101.44,101.88,102.22,103.17,102.74,102.4,101.14,100.9,102.08,101.85,101.42,101.48,101.39,101.43,101.99,101.57,101.34,101.6,101.53,101.55,101.6,101.5,101.5,101.31,101.84,102.45,102.63,103.12,102.3,101.55,101.66,100.77,99.38,100.02,99.97,99.91,99.7,99.81,99.25,99.07,99.8,99.7,99.88,99.98,100.45,100.03,99.66,99.85,98.98
IVE,24/07/2026,145.81,145.81,144.5,144.65,3345,136.35,134.66,136.67,140.04,141.52,139.15,138.63,138.7,139.61,139.13,142.23,141.59,143.9,144.3,143.36,143.38,145.26,140.74,143.86,143.13,144.35,144.34,144.48,142.44,144.54,147.08,143.7,142.92,143.58,145.55,146.2,146.9,140.51,136.52,134.74,137.6,138.6,142.21,142,140.92,140.73,141.4,140.84,144.73,145.39,144.94,146.96,148.29,148.9,148.75,147.3,144.35,144.65
IVG,24/07/2026,0.037,0.037,0.037,0.037,0,0.031,0.034,0.031,0.031,0.031,0.03,0.031,0.032,0.03,0.033,0.032,0.04,0.045,0.047,0.045,0.0365,0.035,0.029,0.026,0.025,0.029,0.029,0.031,0.027,0.03,0.033,0.031,0.03,0.03,0.029,0.029,0.03,0.029,0.029,0.023,0.024,0.024,0.03,0.026,0.026,0.024,0.025,0.025,0.025,0.033,0.04,0.037,0.045,0.042,0.044,0.04,0.04,0.037
IVR,24/07/2026,0.043,0.043,0.039,0.039,16715834,0.028,0.023,0.026,0.027,0.025,0.026,0.027,0.03,0.035,0.043,0.056,0.059,0.065,0.053,0.051,0.05,0.057,0.046,0.058,0.072,0.075,0.086,0.11,0.155,0.13,0.14,0.15,0.14,0.1,0.105,0.105,0.12,0.094,0.076,0.064,0.064,0.067,0.071,0.068,0.064,0.059,0.065,0.064,0.059,0.061,0.052,0.051,0.05,0.046,0.051,0.049,0.044,0.039
IVROB,24/07/2026,0.028,0.028,0.021,0.021,2254743,0.011,0.009,0.01,0.01,0.01,0.011,0.012,0.012,0.016,0.022,0.026,0.036,0.038,0.035,0.032,0.031,0.039,0.027,0.038,0.047,0.05,0.049,0,0.105,0.089,0.1,0.105,0.09,0.064,0.071,0.075,0.08,0.06,0.05,0.04,0.039,0,0,0.044,0.038,0.041,0.038,0.039,0.037,0.037,0.032,0.03,0.033,0.024,0.033,0,0.025,0.021
IVV,24/07/2026,70.8,70.89,70.55,70.6,463433,64.54,65.46,64.82,66.43,66.11,66.26,66.5,66.03,67.1,67.44,67.97,68.31,67.85,69.16,69.85,69.2,68.66,67.84,69.84,69.23,69.1,68.39,68.62,68.31,68.78,69.13,67.32,65.94,64.85,64.23,65.13,64.46,64.83,63.1,62.16,62.85,62.81,64.23,65.45,66.47,66.91,67.82,69.27,69.7,70.43,70.7,70.06,71.03,70.7,71.86,72.02,71.13,70.6
IVX,24/07/2026,0.045,0.046,0.045,0.045,65776,0.097,0.099,0.095,0.091,0.125,0.13,0.125,0.125,0.12,0.11,0.105,0.1,0.098,0.091,0.093,0.085,0.08,0.078,0.08,0.092,0.092,0.081,0.09,0.093,0.093,0.09,0.091,0.092,0.085,0.081,0.082,0.08,0.078,0.079,0.076,0.075,0.07,0.067,0.059,0.062,0.062,0.058,0.057,0.049,0.044,0.048,0.044,0.043,0.04,0.032,0.037,0.035,0.045
IVXO,24/07/2026,0.004,0.004,0.004,0.004,0,0.035,0.035,0.024,0.027,0.025,0.022,0.02,0.025,0.025,0.023,0.024,0.027,0.025,0.024,0.025,0.025,0.023,0.023,0.023,0.027,0.027,0.017,0,0.03,0.03,0.03,0.03,0.03,0.03,0.026,0.026,0.026,0.026,0.026,0.026,0.026,0,0,0.026,0.011,0.011,0.006,0.004,0.004,0.004,0.004,0.004,0.002,0.001,0.001,0,0.001,0.004
IVZ,24/07/2026,0.063,0.066,0.062,0.066,2275137,0.052,0.053,0.051,0.052,0.0515,0.17,0.205,0.215,0.225,0.165,0.16,0.17,0.16,0.155,0.17,0.16,0.16,0.16,0.125,0.11,0.105,0.1,0.135,0.17,0.165,0.145,0.135,0.05,0.053,0.057,0.051,0.052,0.052,0.049,0.045,0.051,0.045,0.056,0.082,0.093,0.064,0.057,0.052,0.053,0.078,0.066,0.059,0.056,0.052,0.054,0.058,0.057,0.066
IVZOC,24/07/2026,0.029,0.033,0.029,0.033,864894,0,0,0,0,0,0,0,0,0,0,0,0,0,0,0,0,0,0,0,0,0,0,0,0,0,0,0,0,0,0,0,0,0,0,0,0,0,0,0,0,0,0,0,0.018,0.03,0.026,0.025,0.024,0.025,0.025,0,0.029,0.033
IWLD,24/07/2026,69.18,69.18,68.9,68.9,68170,63.98,64.61,64.18,65.52,65.53,65.37,65.33,64.99,66.05,66.1,67.32,67.54,67.59,68.47,69.02,68.39,68.12,67.14,68.65,68.5,68.38,68.27,68.61,68.35,68.72,69.16,67.73,66.24,64.79,64.72,65.35,64.8,64.41,62.51,61.37,61.91,62.27,63.64,64.9,65.6,66.18,67.22,68.24,68.64,69.07,69.45,69.3,70.18,70.1,71.06,70.71,70,68.9
IXC,24/07/2026,0.12,0.12,0.12,0.12,1000,0.083,0.092,0.09,0.075,0.097,0.1,0.095,0.1,0.105,0.16,0.12,0.145,0.14,0.13,0.115,0.115,0.135,0.12,0.11,0.12,0.12,0.115,0.125,0.125,0.11,0.115,0.115,0.13,0.12,0.11,0.125,0.125,0.12,0.105,0.1,0.1,0.1,0.09,0.093,0.1,0.13,0.13,0.125,0.12,0.11,0.11,0.12,0.13,0.1,0.095,0.105,0.1,0.12
IXI,24/07/2026,96.1,96.1,95.83,96.04,27177,98.62,98.69,100.57,100.63,102.95,99.29,100.03,98.13,97.49,96.83,96.49,96.9,100.08,100.59,96.41,97.55,98.33,99.17,99.69,97.91,97.84,98.77,96.31,96.05,95.63,99,97.17,95.53,101.79,102.72,101.94,101.16,98.17,96.41,93.8,95.63,96.43,96.08,93.18,94.65,94.72,94,95.48,96.46,95.35,92.93,97.78,95.87,99.59,98.67,96.88,98.15,96.04
IXJ,24/07/2026,140.12,141.13,140.12,141.13,29476,131.32,127.5,125.9,131.54,134.91,131.79,133.27,132.33,131.66,130.03,137.53,139,138.5,141.28,137.41,140.23,145.81,146.32,149.47,144.75,144.09,144.68,144.8,143.92,147.61,146.91,144.75,138.86,140.43,140,141.83,139.13,137.08,133.13,129.22,133.2,134.7,133.34,130.39,129.65,127.98,126.44,128.09,130.5,131.53,132.88,135.73,132,140.42,144.06,142.65,140.31,141.13
IXR,24/07/2026,0.34,0.34,0.3,0.31,387231,0.021,0.018,0.017,0.017,0.016,0.018,0.018,0.016,0.016,0.016,0.017,0.022,0.023,0.02,0.017,0.015,0.015,0.014,0.014,0,0.36,0.36,0.375,0.435,0.485,0.475,0.54,0.475,0.435,0.47,0.425,0.42,0.39,0.34,0.28,0.295,0.295,0.285,0.3,0.315,0.29,0.29,0.34,0.315,0.385,0.39,0.355,0.385,0.375,0.35,0.365,0.35,0.31
IXRO,24/07/2026,0.105,0.11,0.105,0.11,45806,0,0,0,0,0,0,0,0,0,0,0,0,0,0.007,0.005,0.004,0.005,0.004,0.004,0,0.11,0.125,0,0.14,0.16,0.15,0.185,0.16,0.14,0.17,0.13,0.145,0.135,0.11,0.1,0.1,0,0,0.12,0.1,0.09,0.09,0.1275,0.12,0.13,0.105,0.145,0.14,0.12,0.1,0,0.105,0.11
IYLD,24/07/2026,99.39,99.39,99.35,99.38,901,100.29,100.45,100.12,100.33,100.44,100.56,100.2,100.18,100.46,100.29,100.51,100.12,100.42,100.42,100.32,99.97,99.89,100.07,99.89,99.49,99.59,99.7,99.76,99.81,99.58,99.69,99.64,99.64,99.48,99.51,99.72,99.86,99.17,99.19,99.01,98.99,99.25,99.01,99.11,99.19,99.16,98.98,99.08,99.28,99.45,99.21,99.38,99.54,99.77,99.4,99.5,99.54,99.38
IZZ,24/07/2026,49.47,49.47,48.9,48.9,19987,58.22,57.22,56.93,58.32,59.09,58.48,58.73,60.77,61.69,61.45,62.33,61.41,60.2,61.57,60.5,61.23,61.58,59.07,59.56,59,58.35,58,57.28,58.26,57.79,58.59,56.9,56.98,54.6,53.68,54.04,52.32,51.41,51.31,50.48,51.07,50.66,51.16,51.62,51.29,51.03,51.48,50.54,49.98,48.82,49.19,49.69,47.63,44.89,45.61,47.8,48.37,48.9
J100,24/07/2026,53.3,53.33,53.13,53.23,1678,0,0,0,0,0,0,0,0,0,0,0,0,0,0,0,0,0,0,50.76,50.25,50.44,49.99,50.05,49.82,51,52.97,51.13,50.51,51.27,54.11,52.91,53.87,50.5,49,49.17,49.92,50.98,50.9,50.85,50.48,50.97,51.89,52.22,52.95,53.87,53.73,53.18,54.82,54.51,54.66,54.52,51.8,53.23
JAL,24/07/2026,0.045,0.045,0.045,0.045,0,0.085,0.084,0.1,0.1,0.09,0.092,0.1,0.1,0.12,0.11,0.1,0.1,0.11,0.1,0.1,0.085,0.089,0.073,0.072,0.079,0.078,0.074,0.074,0.074,0.074,0.07,0.07,0.073,0.073,0.073,0.07,0.07,0.07,0.07,0.07,0.07,0.069,0,0.053,0.052,0.049,0.042,0.045,0.045,0.045,0.041,0.042,0.038,0.038,0.038,0.045,0.044,0.045
JAN,24/07/2026,0.098,0.098,0.098,0.098,7815,0.16,0.17,0.225,0.215,0.195,0.21,0.22,0.2275,0.24,0.24,0.21,0.21,0.22,0.225,0.22,0.22,0.21,0.22,0.23,0.23,0.235,0.285,0.285,0.29,0.26,0.265,0.26,0.26,0.205,0.215,0.22,0.205,0.18,0.135,0.125,0.12,0.105,0.11,0.12,0.125,0.12,0.12,0.12,0.12,0.1,0.1,0.099,0.1,0.097,0.12,0.1,0.092,0.098
JAT,24/07/2026,0.13,0.13,0.13,0.13,1216,0.32,0.385,0.355,0.32,0.32,0.315,0.28,0.25,0.25,0.25,0.175,0.19,0.185,0.205,0.16,0.17,0.17,0.17,0.165,0.16,0.155,0.14,0.125,0.14,0.145,0.16,0.15,0.155,0.15,0.15,0.13,0.13,0.13,0.13,0.145,0.145,0.14,0.145,0.14,0.145,0.135,0.14,0.145,0.145,0.145,0.145,0.125,0.12,0.12,0.115,0.13,0.13,0.13
JAV,24/07/2026,0.077,0.077,0.077,0.077,45,0.0025,0.002,0.003,0.003,0.0025,0.0025,0.003,0.002,0.003,0.0035,0.004,0.0035,0.0035,0.003,0.002,0,0.088,0.074,0.075,0.072,0.067,0.073,0.073,0.074,0.085,0.09,0.14,0.145,0.105,0.125,0.145,0.145,0.12,0.115,0.098,0.1,0.1,0.105,0.12,0.105,0.11,0.098,0.089,0.075,0.079,0.075,0.084,0.08,0.077,0.081,0.092,0.075,0.077
JAVOA,24/07/2026,0.03,0.03,0.03,0.03,0,0.001,0.001,0.001,0.001,0.001,0.001,0.001,0.001,0.001,0.001,0.002,0.0015,0.0015,0.001,0.0015,0,0.04,0.03,0.025,0.025,0.025,0.025,0,0.038,0.041,0.045,0.07,0.066,0.06,0.065,0.067,0.069,0.068,0.056,0.039,0.033,0,0,0.055,0.05,0.05,0.032,0.032,0.03,0.03,0.03,0.029,0.026,0.026,0.028,0,0.03,0.03
JAY,24/07/2026,0.006,0.006,0.006,0.006,0,0.003,0.003,0.004,0.005,0.005,0.006,0.0055,0.004,0.005,0.006,0.006,0.006,0.006,0.006,0.006,0.006,0.006,0.006,0.006,0.006,0.006,0.006,0.006,0.006,0.006,0.006,0.006,0.006,0.006,0.006,0.006,0.006,0.006,0.006,0.006,0.006,0.006,0,0.006,0.006,0.006,0.006,0.006,0.006,0.006,0.006,0.006,0.006,0.006,0.006,0.006,0.006,0.006
JBH,24/07/2026,76.44,76.6,75,76.02,346674,105.94,112.63,117.7,116.51,118.09,117.21,116,114.35,118.94,116.83,119.23,116.95,112.27,114.32,104.72,96.74,97.32,95.23,98.18,94.78,91.81,94.98,96.59,96.25,92.98,89.92,85.28,81.15,80.62,76.68,84.79,82.13,78.04,76.54,71.7,75.57,72.05,75.21,76.07,76.2,78.05,73.29,71.33,72.71,74.49,72.08,77.24,77.96,81.84,77.42,78.1,79.81,76.02
JCS,24/07/2026,0.038,0.038,0.038,0.038,0,0.03,0.049,0.044,0.042,0.05,0.046,0.05,0.043,0.045,0.045,0.046,0.053,0.05,0.055,0.056,0.047,0.05,0.051,0.047,0.044,0.04,0.037,0.037,0.038,0.04,0.044,0.048,0.048,0.046,0.042,0.038,0.04,0.038,0.04,0.042,0.042,0.042,0,0.042,0.045,0.036,0.035,0.035,0.036,0.036,0.036,0.036,0.036,0.03,0.029,0.029,0.04,0.038
JDO,24/07/2026,0.91,0.925,0.895,0.91,6670635,1.54,1.555,1.63,1.73,1.79,1.705,1.665,1.78,1.745,1.735,1.785,1.705,1.63,1.765,1.69,1.66,1.485,1.445,1.6,1.74,1.695,1.73,1.735,1.8,1.77,1.81,1.87,1.815,1.835,1.8,1.78,1.725,1.59,1.505,1.535,1.445,1.33,1.49,1.505,1.4,1.45,1.475,1.395,1.38,1.56,1.43,1.435,1.485,0.88,0.88,0.92,0.94,0.91
JDOPA,24/07/2026,111.5,111.5,110.5,111.399,1503,112.2,112.85,111.85,112.34,111.01,112,112.01,111.9,112,110.4,111.8,112.95,111.35,111.9,112.19,110.9,110.75,110.72,111.11,112,110,112.25,112.2,112.26,113,113,113.31,113.8,112.59,112.05,112.76,113.7,112.66,113.8,112.989,113.49,112.9,115,114.73,113.6,113.74,110.05,111.5,111.79,113.99,113.25,112.3,113.25,111.56,110.5,110.1,111.9,111.399
JEGA,24/07/2026,45.31,45.39,45.31,45.39,413,50.18,50.69,50.67,51.41,52,50.6,51.32,50.45,50.27,50.54,50.44,50.93,50.98,50.88,49.45,50.1,50.79,50.27,50.93,50.22,49.5,50.26,49.65,50.04,49.65,50.12,48.66,47.75,48.6,48.2,48.61,48.78,48.49,47,46.53,47.32,47.29,47.15,45.5,45.23,44.69,44.16,44.13,45.28,44,43.8,44.93,44.24,45.3,46.09,45.95,45.37,45.39
JEME,24/07/2026,82,82,80.82,81.01,2326,0,0,0,0,0,0,0,0,0,0,0,0,0,0,0,70.92,71.77,69.7,70.04,69.5,69.36,68.77,69.9,69.9,72.75,74.44,73.78,73.2,72.36,74.46,75.36,76.73,71.83,70.3,70.8,71.22,70.41,74.28,75.61,76.58,77.6,81,80.55,81.61,84.54,83.41,84.96,87.84,84.69,85.43,85.63,79.14,81.01
JEPI,24/07/2026,48.74,48.9,48.74,48.82,7248,52.66,53.02,51.9,52.79,53.61,52.91,52.6,51.97,52.02,52.17,51.95,52.17,52.72,53.52,52.25,52.41,52.51,52.78,53.25,52.47,52.6,52.51,52,51.98,52.38,52.73,51.5,50.32,50.59,50.3,51.08,50.52,50.57,48.93,48.38,49.17,49.46,49.5,48.67,48.68,48.44,47.24,47.23,47.43,47.16,47.23,47.9,48.1,48.99,49.25,49.02,49,48.82
JGH,24/07/2026,0.09,0.091,0.072,0.076,15227453,0.035,0.037,0.04,0.037,0.039,0.046,0.042,0.041,0.04,0.042,0.046,0.042,0.035,0.033,0.032,0.036,0.035,0.035,0.032,0.035,0.033,0.034,0.034,0.032,0.03,0.03,0.028,0.028,0.024,0.026,0.026,0.023,0.025,0.023,0.029,0.03,0.033,0.043,0.051,0.052,0.054,0.057,0.061,0.07,0.086,0.089,0.082,0.099,0.1,0.115,0.105,0.105,0.076
JGLO,24/07/2026,58.86,58.86,58.63,58.63,4,58.13,58.81,57.9,59.47,59.8,59.8,59.37,58.09,58.15,58.99,60.15,60.18,60.4,60.46,60.97,60.42,60.91,60.21,60.26,59.77,58.95,59.17,59.45,59.58,60,60.51,59.31,57.88,57.6,57,57.61,57.11,56.76,54.69,54.39,54.64,55.26,56.29,56.5,56.94,57.06,57.33,58,57.96,58.4,58.49,58.38,59.12,58.69,59.74,59.57,59.08,58.63
JHGA,24/07/2026,44.17,44.18,44.17,44.18,5380,49.36,49.38,49.52,50.31,49.97,49.69,49.69,49.69,49.73,49.48,49.48,50.33,49.2,50,50,48.77,50.15,48.76,50.1,50.5,50.18,49.73,50.16,49.81,49.9,50.45,49.96,50.49,50.48,50.48,51.1,51.38,51.11,50.2,49.39,48.38,49.21,51.2,49.18,48.45,48.12,47.89,47.66,48.83,47.37,47.31,47.71,46.85,47.21,43.96,44.56,44.16,44.18
JHLO,24/07/2026,59.98,59.98,59.98,59.98,0,56.27,56,56,56,56,56,57.46,57.46,57.46,57.46,57.46,58.61,57.66,57.66,59.54,59.13,59.13,57.47,57.47,59.1,59.01,58.22,58.22,58.22,59.96,59.96,59.2,59.92,58.95,59.79,59.68,60.22,59.5,57.24,57.01,56.18,56.52,0,60.22,60.49,60.37,61.6,61.29,61.03,62.17,61.9,60.92,60.92,61.42,59.52,59.52,60.27,59.98
JHPI,24/07/2026,45.56,45.56,45.5,45.53,1606,51.15,50.5,50.2,50.58,50.98,50.94,50.66,50.93,51.04,50.95,51.1,50.82,50.52,51.35,51.37,50.18,50.94,50.03,51.3,51.35,51,51.27,51.27,51.42,51.65,52.13,52.03,51.92,51.49,52.5,52.93,52.95,52.19,51.2,50.63,50.36,50.61,51.2,51.26,51.23,51.01,50.31,49.96,49.82,50.1,49.81,49.44,50.04,50,45.55,45.5,45.45,45.53
JHX,24/07/2026,37.6,37.6,36.59,36.92,1663220,41.13,40.11,42.9,45.6,30.5,31.17,29.93,30.14,28.86,28.27,29.96,33.11,33.42,34.13,32.21,26.12,25.79,27.6,30.37,29.72,30.43,30.12,30.55,30.79,32.42,35.7,35.62,33.13,32.46,36.54,35.01,34.22,31.6,28.28,27.43,27.1,27.42,29.09,28.04,30.88,29.38,28.67,26.94,28.45,31.92,32.09,33.58,34.46,37.47,37.01,35.05,37.6,36.92
JIN,24/07/2026,6.87,6.87,6.68,6.84,184891,10.31,10.39,10.83,10.55,10.28,12.22,11.28,11.39,11.03,11.05,10.49,10.13,12.6,12.79,11.74,10.19,10.02,10.29,10.76,11,11.23,11.11,11.27,11.39,11.1,11.16,10.86,10.26,9.61,9.51,9.85,9.69,8.85,7.91,7.77,7.79,7.78,8.2,8.1,7.73,7.44,7.63,7.23,7.2,7.68,7.26,7.88,7.52,5.91,6.48,7.25,7.09,6.84
JLL,24/07/2026,0.32,0.345,0.32,0.33,89789,0.45,0.485,0.49,0.45,0.395,0.39,0.4,0.53,0.485,0.54,0.55,0.78,0.915,0.54,0.52,0.49,0.54,0.55,0.53,0.51,0.595,0.525,0.535,0.555,0.66,0.7,0.74,0.605,0.535,0.6,0.57,0.585,0.545,0.51,0.405,0.395,0.42,0.685,0.625,0.55,0.565,0.48,0.41,0.39,0.385,0.41,0.385,0.37,0.37,0.375,0.35,0.35,0.33
JLLO,24/07/2026,0.16,0.16,0.16,0.16,0,0,0,0,0,0,0,0,0,0,0,0,0,0,0,0,0,0,0,0,0,0.15,0.11,0,0.155,0.185,0.185,0.3,0.19,0.22,0.25,0.23,0.23,0.22,0.21,0.12,0.1,0,0,0.23,0.2,0.18,0.165,0.19,0.17,0.175,0.15,0.175,0.175,0.14,0.165,0,0.16,0.16
JLLOA,24/07/2026,0.09,0.09,0.09,0.09,0,0.1,0.1,0.1,0.16,0.16,0.16,0.16,0.19,0.25,0.275,0.295,0.295,0.295,0.3,0.245,0.245,0.25,0.25,0.25,0.25,0.25,0.25,0,0.25,0.25,0.27,0.27,0.28,0.15,0.15,0.16,0.165,0.165,0.165,0.165,0.15,0,0,0.215,0.215,0.215,0.215,0.18,0.18,0.09,0.09,0.09,0.09,0.09,0.09,0,0.09,0.09
JLLOB,24/07/2026,0.13,0.13,0.13,0.13,0,0,0,0,0,0,0,0,0,0,0,0,0,0,0,0,0,0,0,0,0,0,0,0,0,0,0,0,0,0,0,0,0,0,0,0,0,0,0,0,0,0,0,0,0,0,0,0,0,0.12,0.14,0,0.13,0.13
JMS,24/07/2026,0.265,0.265,0.26,0.265,459537,0.22,0.21,0.23,0.23,0.235,0.235,0.24,0.24,0.24,0.25,0.255,0.265,0.255,0.255,0.26,0.275,0.275,0.26,0.265,0.28,0.27,0.265,0.27,0.275,0.28,0.285,0.285,0.275,0.275,0.295,0.3,0.3,0.285,0.27,0.265,0.265,0.27,0.28,0.27,0.275,0.26,0.27,0.275,0.26,0.265,0.26,0.27,0.27,0.27,0.275,0.27,0.26,0.265
JNDQ,24/07/2026,20.61,20.66,20.6,20.61,3824,17.56,17.83,17.74,18.06,18.285,18.34,18.36,18.54,19.01,18.7,19.1,19.06,18.98,19.2,19.18,19.35,19.22,18.55,19.29,19.32,19.59,19.25,19.31,19.03,19.85,20.27,19.9,19.15,18.44,18.35,18.94,18.63,18.44,17.78,18.13,18.22,18.16,18.72,19.45,19.61,19.28,19.96,20.08,20.7,21.66,21.93,21.79,21.91,22.145,21.6,21.49,20.54,20.61
JNO,24/07/2026,0.026,0.026,0.026,0.026,2010,0.026,0.025,0.023,0.024,0.023,0.025,0.025,0.026,0.023,0.03,0.023,0.027,0.039,0.035,0.034,0.03,0.032,0.029,0.035,0.036,0.029,0.032,0.032,0.035,0.035,0.039,0.038,0.04,0.038,0.038,0.036,0.033,0.034,0.032,0.031,0.024,0.029,0,0.024,0.025,0.026,0.028,0.028,0.029,0.029,0.03,0.029,0.028,0.026,0.029,0.025,0.025,0.026
JNS,24/07/2026,0.26,0.285,0.255,0.27,1259839,0.16,0.135,0.12,0.115,0.145,0.135,0.125,0.13,0.125,0.145,0.17,0.17,0.17,0.17,0.17,0.17,0.17,0.099,0.11,0.098,0.058,0.058,0.055,0.055,0.061,0.084,0.11,0.125,0.11,0.13,0.125,0.12,0.11,0.13,0.125,0.15,0.1775,0.14,0.155,0.185,0.18,0.21,0.22,0.18,0.17,0.16,0.155,0.14,0.155,0.14,0.145,0.29,0.27
JPEQ,24/07/2026,60,60,59.35,59.49,3798,59.67,60.9,60.13,61.24,60.78,61.08,60.94,60.4,61.32,61.99,61.94,62.39,62.82,63.64,64.33,63.45,62.8,61.61,63.7,63.1,62.88,62.31,62.5,62.1,62.29,62.46,61.43,60.65,57.96,57.71,58.24,57.59,58.2,57.21,56.9,56.94,57.21,57.91,57.87,58.56,58.63,58.5,59.25,59.84,60.6,60.15,60,61.8,61.1,61.3,61.5,59.5,59.49
JPHQ,24/07/2026,54.87,54.99,54.69,54.71,2051,57.44,57.37,57.13,58.16,57.07,58.42,57.88,58.68,59.1,59.11,59.64,59.76,59.18,60.33,61.58,59.99,59.94,57.86,60.71,60.92,61.09,60.06,61.23,60.62,60.85,60.77,61.22,61.82,58.62,59.75,59.89,60.18,59.66,58.95,58.74,57.47,57,59.72,60.66,61.07,61.04,61.46,61.64,62.27,63.12,62.38,61.4,62.7,61.3,56.26,56.48,54.76,54.71
JPR,24/07/2026,0.025,0.025,0.025,0.025,0,0.029,0.029,0.031,0.03,0.03,0.03,0.03,0.03,0.03,0.03,0.03,0.03,0.03,0.03,0.03,0.03,0.029,0.03,0.029,0.026,0.027,0.025,0.025,0.025,0.025,0.025,0.022,0.03,0.023,0.022,0.022,0.026,0.026,0.027,0.027,0.027,0.028,0.028,0.027,0.027,0.027,0.027,0.022,0.025,0.025,0.025,0.025,0.025,0.025,0.025,0.025,0.025,0.025
JREG,24/07/2026,85.86,85.88,85.48,85.63,3416,79.66,80.28,79.47,81.19,81.61,81.2,81.17,80.69,81.9,82.44,83.49,83.45,83.88,84.92,85.27,84.76,84.57,83.33,87.06,84.89,84.98,84.23,84.67,84.74,85.39,85.86,83.5,82.6,81.31,81.43,82.33,81.79,80.76,78.91,77.95,78.48,79.34,80.93,81.63,82.25,82.77,83.68,84.77,85.71,86.51,86.3,86.62,87.64,88.09,87.01,86.87,85.94,85.63
JRHG,24/07/2026,73.09,73.09,73.09,73.09,4,67.56,67.13,67.11,68.43,67.63,68.48,68.46,69.4,69.93,69.33,70.77,71.19,69.56,70.95,71.95,70.95,71.31,69.4,72,72.56,72.98,71.69,73.25,73.29,73.51,74.43,73.62,74.1,72.83,73.98,74.55,74.96,73.37,72.09,71.29,69.92,70.22,73.88,75.62,76.01,76.7,77.42,78.34,78.95,79.72,79.38,78.26,79.58,78.19,74.07,73.71,73.04,73.09
JYC,24/07/2026,6,6,6,6,0,4.59,4.7,4.75,4.89,4.9,5.14,5.25,5.15,5.02,5.05,5.11,5.29,5.29,5.19,5.29,5.18,5.17,5,5.48,5.46,5.44,5.31,5.3,5.44,5.3,5.35,5.42,5.32,5.31,5.28,5.21,5.79,5.84,5.69,5.7,5.9,5.94,0,5.92,5.89,5.9,5.97,5.82,5.51,5.86,6.04,6.04,6.05,6.05,6.04,5.9,6.01,6
KAL,24/07/2026,0.03,0.03,0.03,0.03,100964,0.043,0.04,0.037,0.038,0.037,0.04,0.048,0.044,0.041,0.044,0.048,0.07,0.083,0.07,0.063,0.059,0.066,0.056,0.063,0.062,0.059,0.049,0.047,0.052,0.049,0.05,0.05,0.045,0.044,0.048,0.046,0.043,0.041,0.042,0.039,0.045,0.042,0.037,0.037,0.04,0.0375,0.037,0.032,0.029,0.029,0.029,0.026,0.031,0.024,0.027,0.036,0.029,0.03
KAM,24/07/2026,0.057,0.057,0.057,0.057,536,0.071,0.07,0.071,0.071,0.071,0.077,0.09,0.085,0.085,0.088,0.09,0.09,0.086,0.081,0.09,0.09,0.078,0.073,0.077,0.074,0.075,0.074,0.075,0.08,0.086,0.079,0.078,0.078,0.075,0.073,0.078,0.079,0.074,0.078,0.078,0.077,0.072,0.075,0.075,0.073,0.064,0.069,0.065,0.058,0.059,0.056,0.046,0.05,0.053,0.056,0.06,0.06,0.057
KAO,24/07/2026,0.52,0.52,0.52,0.52,0,0,0,0,0,0,0,0,0,0,0,0,0,0,0,0,0,0,0,0,0,0,0,0,0,0,0,0,0,0,0,0,0,0,0,0,0,0,0,0,0,0,0.35,0.48,0.47,0.46,0.475,0.44,0.42,0.44,0.635,0.58,0.5,0.52
KAR,24/07/2026,1.69,1.81,1.69,1.79,16341255,1.9,1.86,1.93,1.865,1.855,1.76,1.645,1.595,1.595,1.735,1.595,1.515,1.42,1.625,1.605,1.535,1.66,1.515,1.54,1.615,1.615,1.495,1.55,1.555,1.535,1.58,1.63,1.695,1.62,1.525,1.735,1.545,1.815,1.84,1.97,2.02,2.12,1.99,2.14,2.24,2.17,1.96,2.09,2.11,1.955,1.945,2.03,1.44,1.26,1.395,1.415,1.5,1.79
KAT,24/07/2026,1.37,1.37,1.37,1.37,0,1.255,1.265,1.265,1.29,1.285,1.28,1.29,1.32,1.325,1.33,1.355,1.35,1.37,1.37,1.375,1.34,1.36,1.36,1.35,1.35,1.35,1.33,1.33,1.335,1.335,1.35,1.38,1.375,1.375,1.4,1.37,1.37,1.37,1.35,1.37,1.34,1.35,0,1.35,1.385,1.38,1.35,1.35,1.34,1.34,1.37,1.38,1.36,1.385,1.405,1.37,1.4,1.37
KAU,24/07/2026,0.185,0.185,0.18,0.185,745279,0.18,0.165,0.17,0.175,0.19,0.19,0.225,0.25,0.255,0.26,0.27,0.305,0.34,0.305,0.265,0.26,0.27,0.255,0.275,0.2625,0.28,0.275,0.295,0.305,0.305,0.315,0.365,0.35,0.295,0.32,0.335,0.395,0.36,0.32,0.275,0.255,0.275,0.27,0.255,0.255,0.25,0.26,0.24,0.23,0.235,0.225,0.2,0.2,0.2,0.215,0.195,0.18,0.185
KBC,24/07/2026,0.047,0.047,0.047,0.047,0,0.047,0.047,0.047,0.047,0.047,0.047,0.047,0.047,0.047,0.047,0.047,0.047,0.047,0.047,0.047,0.047,0.047,0.047,0.047,0.047,0.047,0.047,0.047,0.047,0.047,0.047,0.047,0.047,0.047,0.047,0.047,0.047,0.047,0.047,0.047,0.047,0.047,0,0.047,0.047,0.047,0.047,0.047,0.047,0.047,0.047,0.047,0.047,0.047,0.047,0.047,0.047,0.047
KCC,24/07/2026,0.82,0.82,0.805,0.81,1565,0.061,0.066,0.06,0.065,0.066,0,0,0.8,0.775,0.79,0.99,1.115,1.03,1.1,1.1,1.2,1.23,1.1,0.955,0.94,0.935,1,1,1.025,1.08,1.025,1.09,0.96,0.85,1.07,1.22,1.3,1.2,1.03,0.905,0.855,0.88,0.855,0.895,0.835,0.94,0.93,0.91,0.9125,0.93,0.88,0.815,0.85,0.7,0.82,0.85,0.76,0.81
KCCO,24/07/2026,0.099,0.099,0.099,0.099,0,0,0,0,0,0,0,0,0,0,0,0,0,0,0,0,0,0,0,0,0,0,0,0,0,0,0,0,0,0,0,0,0,0,0,0,0,0,0,0.18,0.145,0.145,0.15,0.15,0.115,0.115,0.115,0.115,0.115,0.115,0.09,0,0.078,0.099
KCN,24/07/2026,4.21,4.26,3.98,4.08,1144621,2.4,2.22,2.75,2.91,2.91,2.86,3.01,3.04,3.06,3.74,3.77,3.97,4.05,3.76,3.92,4.35,4.64,3.93,4.29,4.63,5.13,5.46,5.62,5.77,5.95,6.52,6.83,6.52,4.83,5.4,5.82,7.05,6.7,6.12,5.14,4.1,4.37,5.22,5.59,6.08,6.33,6.94,6.11,5.97,6.08,5.01,5.12,5.6,5.39,5.24,4.99,3.92,4.08
KEY,24/07/2026,0.12,0.14,0.12,0.135,185611,0.045,0.042,0.042,0.043,0.054,0.057,0.056,0.051,0.048,0.047,0.045,0.043,0.04,0.04,0.099,0.063,0.069,0.07,0.07,0.071,0.07,0.058,0.058,0.058,0.058,0.058,0.058,0.058,0.06,0.059,0.059,0.051,0.052,0.053,0.046,0.06,0.061,0,0.099,0.165,0.09,0.225,0.17,0.115,0.095,0.082,0.085,0.072,0.081,0.074,0.068,0.1,0.135
KFM,24/07/2026,0.077,0.077,0.076,0.076,119905,0.069,0.067,0.074,0.053,0.055,0.056,0.059,0.069,0.067,0.067,0.078,0.084,0.1,0.095,0.088,0.076,0.09,0.08,0.067,0.075,0.07,0.074,0.089,0.09,0.091,0.092,0.1,0.09,0.08,0.079,0.08,0.082,0.079,0.078,0.078,0.079,0.078,0.08,0.086,0.09,0.084,0.085,0.089,0.076,0.078,0.087,0.085,0.084,0.078,0.071,0.076,0.08,0.076
KGL,24/07/2026,0.22,0.22,0.21,0.21,83237,0.095,0.115,0.105,0.095,0.105,0.1,0.125,0.16,0.185,0.14,0.135,0.14,0.165,0.165,0.165,0.16,0.145,0.14,0.165,0.155,0.16,0.21,0.205,0.2,0.245,0.29,0.25,0.25,0.21,0.25,0.245,0.235,0.23,0.215,0.195,0.195,0.265,0.27,0.31,0.31,0.315,0.32,0.29,0.3,0.29,0.285,0.26,0.28,0.2675,0.205,0.195,0.195,0.21
KGN,24/07/2026,4,4.05,3.94,4.03,243305,3.94,3.84,3.95,4,4.03,4.03,3.92,3.75,3.65,3.44,3.4,3.4,3.22,3.22,3.18,3.06,3.07,3.01,3.41,3.34,3.24,3.33,3.49,3.71,3.99,3.91,3.94,3.67,3.34,3.01,3.09,4.2,4.09,3.73,3.52,3.64,3.79,4,4.03,3.82,3.56,3.6,3.58,3.51,4.19,4.08,4.04,4.38,4.25,4.38,4.25,4.19,4.03
KIT,24/07/2026,1.875,1.875,1.86,1.86,117458,0,0,0,0,0,0,0,0,0,0,0,0,0,0,0,0,0,0,0,0,0,0,0,0,0,0,0,0,0,0,0,0,0,0,0,0,1.95,1.95,1.945,1.945,1.97,1.95,1.93,1.925,1.94,1.925,1.85,1.9,1.875,1.91,1.925,1.895,1.86
KKC,24/07/2026,2.13,2.13,2.11,2.11,249788,2.35,2.34,2.4,2.39,2.38,2.37,2.36,2.36,2.37,2.36,2.38,2.31,2.21,2.27,2.26,2.26,2.3,2.28,2.25,2.25,2.23,2.28,2.3,2.29,2.32,2.3,2.31,2.31,2.25,2.27,2.25,2.1,2.08,2.05,2.11,2.02,2.04,2.03,2.06,2.09,2.1,2.06,2.08,2.08,2.06,2.06,2.04,2.03,2.02,2.05,2.07,2.08,2.11
KKO,24/07/2026,0.036,0.036,0.035,0.035,250700,0.078,0.072,0.08,0.099,0.079,0.089,0.083,0.083,0.08,0.081,0.081,0.073,0.069,0.08,0.0715,0.073,0.072,0.06,0.054,0.057,0.061,0.066,0.066,0.068,0.077,0.074,0.07,0.07,0.062,0.06,0.055,0.053,0.054,0.049,0.055,0.049,0.054,0,0.054,0.057,0.051,0.053,0.052,0.046,0.0435,0.041,0.037,0.035,0.031,0.036,0.035,0.035,0.035
KLI,24/07/2026,0.18,0.18,0.17,0.175,876566,0.033,0.029,0.034,0.038,0.043,0.045,0.043,0.044,0.043,0.047,0.062,0.057,0.066,0.065,0.069,0.065,0.05,0.045,0.048,0.044,0.045,0.041,0.041,0.038,0.046,0.05,0.055,0.055,0.046,0.05,0.049,0.048,0.057,0.049,0.052,0.17,0.18,0.175,0.17,0.235,0.235,0.235,0.235,0.235,0.235,0.235,0.22,0.215,0.2,0.2,0.185,0.175,0.175
KLR,24/07/2026,0.1,0.1,0.1,0.1,0,0.006,0.006,0.006,0.036,0.82,0.665,0.55,0.275,0.27,0.275,0.29,0.305,0.27,0.2,0.195,0.185,0.18,0.18,0.165,0.15,0.145,0.155,0.155,0.19,0.1625,0.17,0.16,0.16,0.145,0.14,0.14,0.13,0.14,0.13,0.125,0.12,0.1125,0,0.095,0.093,0.1,0.1,0.087,0.09,0.084,0.08,0.07,0.072,0.071,0.066,0.072,0.1,0.1
KLS,24/07/2026,4.28,4.32,4.215,4.27,292659,3.84,3.71,3.84,3.88,3.96,4.98,5.02,4.97,5.02,4.83,5.04,5.06,4.91,4.88,4.87,4.78,4.59,4.45,4.62,4.41,4.26,4.34,4.34,4.34,4.34,4.18,4.17,3.9,3.84,3.87,3.91,4.53,4.38,3.96,3.85,3.82,3.79,4,3.93,3.9,3.89,4,4.07,4.15,4.5,4.2,4.22,4.4,4.29,4.33,4.34,4.28,4.27
KLV,24/07/2026,0.052,0.052,0.052,0.052,50096,0,0,0,0,0,0,0,0,0,0,0,0,0,0,0.009,0.009,0.009,0.009,0.009,0.009,0.007,0.004,0.006,0.006,0.008,0.008,0.011,0.021,0.024,0.03,0.032,0.022,0.027,0.026,0.025,0.026,0.022,0,0.022,0.036,0.052,0.052,0.07,0.057,0.068,0.076,0.1,0.09,0.077,0.08,0.046,0.058,0.052
KM1,24/07/2026,0.083,0.084,0.082,0.083,20793,0.115,0.12,0.17,0.16,0.16,0.2,0.18,0.18,0.175,0.175,0.17,0.165,0.165,0.16,0.16,0.16,0.21,0.19,0.205,0.19,0.195,0.18,0.18,0.175,0.165,0.215,0.22,0.205,0.19,0.18,0.17,0.17,0.175,0.17,0.145,0.135,0.15,0.15,0.155,0.14,0.175,0.175,0.1575,0.15,0.135,0.13,0.12,0.11,0.075,0.087,0.082,0.074,0.083
KMD,24/07/2026,1.435,1.49,1.41,1.425,108673,0.24,0.225,0.225,0.225,0.225,0.215,0.24,0.22,0.215,0.235,0.245,0.265,0.275,0.26,0.25,0.25,0.245,0.24,0.24,0.25,0.24,0.245,0.24,0.24,0.24,0.24,0.23,0.24,0.22,0.21,0.215,0.21,0.2,0.19,0.16,0.155,0.07,0.058,0.055,0.05,0.052,0.053,0.052,0.053,0.066,0.062,0.067,0.068,0.058,1.46,1.4,1.435,1.425
KME,24/07/2026,0.475,0.48,0.455,0.48,50525,0.57,0.57,0.55,0.595,0.6,0.625,0.62,0.585,0.58,0.58,0.58,0.59,0.585,0.585,0.585,0.57,0.54,0.54,0.52,0.56,0.57,0.6,0.6,0.6,0.6,0.58,0.59,0.585,0.56,0.53,0.535,0.55,0.575,0.565,0.53,0.565,0.55,0.545,0.55,0.575,0.585,0.58,0.55,0.57,0.5525,0.525,0.515,0.53,0.47,0.48,0.49,0.49,0.48
KNB,24/07/2026,0.022,0.022,0.022,0.022,87500,0.05,0.0475,0.044,0.04,0.038,0.039,0.04,0.05,0.049,0.045,0.045,0.047,0.052,0.05,0.046,0.04,0.041,0.04,0.043,0.044,0.039,0.041,0.042,0.044,0.046,0.038,0.039,0.035,0.028,0.028,0.028,0.028,0.024,0.024,0.025,0.023,0.023,0.025,0.027,0.027,0.025,0.0235,0.023,0.03,0.026,0.028,0.026,0.024,0.021,0.023,0.02,0.021,0.022
KNG,24/07/2026,0.069,0.069,0.069,0.069,0,0.15,0.13,0.125,0.145,0.175,0.175,0.17,0.165,0.17,0.13,0.11,0.15,0.125,0.13,0.115,0.115,0.115,0.12,0.12,0.115,0.105,0.1,0.096,0.105,0.098,0.095,0.095,0.088,0.077,0.08,0.077,0.088,0.08,0.085,0.08,0.08,0.077,0.078,0.08,0.07,0.075,0.072,0.072,0.071,0.07,0.065,0.055,0.067,0.047,0.047,0.051,0.06,0.069
KNGO,24/07/2026,0.002,0.002,0.002,0.002,0,0.023,0.023,0.017,0.017,0.021,0.023,0.022,0.02,0.02,0.02,0.02,0.03,0.025,0.025,0.04,0.04,0.04,0.04,0.04,0.025,0.025,0.025,0,0.025,0.025,0.025,0.025,0.017,0.017,0.017,0.009,0.009,0.009,0.009,0.009,0.009,0,0,0.005,0.007,0.007,0.007,0.007,0.005,0.005,0.005,0.005,0.001,0.001,0.001,0,0.002,0.002
KNI,24/07/2026,0.026,0.026,0.025,0.025,215068,0.105,0.1,0.09,0.082,0.079,0.075,0.075,0.074,0.073,0.07,0.079,0.069,0.072,0.068,0.067,0.064,0.065,0.066,0.068,0.068,0.066,0.062,0.06,0.069,0.068,0.07,0.078,0.07,0.066,0.069,0.061,0.056,0.056,0.054,0.047,0.05,0.043,0.045,0.045,0.042,0.035,0.039,0.036,0.034,0.037,0.033,0.029,0.028,0.024,0.029,0.029,0.024,0.025
KNIOA,24/07/2026,0.006,0.006,0.006,0.006,0,0,0,0,0,0,0,0,0,0,0,0,0,0,0,0,0,0,0,0,0,0,0,0,0,0,0,0,0,0,0,0,0,0,0,0,0,0,0,0,0,0,0.007,0.006,0.005,0.007,0.006,0.006,0.006,0.005,0.005,0,0.006,0.006
KNO,24/07/2026,0.024,0.024,0.024,0.024,0,0.038,0.036,0.032,0.036,0.035,0.033,0.033,0.031,0.03,0.029,0.032,0.028,0.029,0.031,0.029,0.029,0.026,0.024,0.025,0.024,0.024,0.024,0.024,0.024,0.022,0.023,0.026,0.025,0.025,0.021,0.02,0.02,0.022,0.02,0.02,0.022,0.022,0,0.022,0.019,0.018,0.017,0.019,0.018,0.02,0.02,0.021,0.025,0.026,0.025,0.025,0.025,0.024
KOA,24/07/2026,3.07,3.07,3.07,3.07,26,0,0,0,0,0,0,0,0,0,0,0,0,0,0,0,0,0,0,0,0,0,0,0,0,0,0,0,0,0,0,0,0,0,0,0,0,3.8,3.77,3.7,3.47,3.15,3.07,3,3,3.2,3,3.05,3.1,3.15,3.04,3.04,3.04,3.07
KOB,24/07/2026,0.032,0.035,0.032,0.035,957437,0.042,0.034,0.033,0.033,0.031,0.03,0.03,0.032,0.046,0.056,0.062,0.08,0.078,0.074,0.07,0.07,0.07,0.071,0.055,0.06,0.038,0.036,0.035,0.039,0.04,0.039,0.054,0.049,0.04,0.042,0.041,0.044,0.04,0.041,0.039,0.036,0.038,0.04,0.043,0.039,0.036,0.038,0.038,0.034,0.033,0.034,0.031,0.035,0.027,0.032,0.029,0.03,0.035
KOR,24/07/2026,0.008,0.008,0.008,0.008,0,0.008,0.008,0.008,0.008,0.008,0.008,0.008,0.008,0.008,0.008,0.008,0.008,0.008,0.008,0.008,0.008,0.008,0.008,0.008,0.008,0.008,0.008,0.008,0.008,0.008,0.008,0.008,0.008,0.008,0.008,0.008,0.008,0.008,0.008,0.008,0.008,0.008,0,0.008,0.008,0.008,0.008,0.008,0.008,0.008,0.008,0.008,0.008,0.008,0.008,0.008,0.008,0.008
KOV,24/07/2026,17.82,17.82,17,17.33,30663,11.99,13.1,13.91,12.9,13.22,13.22,13.06,12.94,13.15,13.22,12.89,13.13,13.13,13.15,13.08,13.22,13.35,13.18,13.69,14.19,14,13.95,13.94,14.06,14,14.15,14.63,15.29,15.75,15.81,15.54,15.74,15.99,14.9,15.05,14.39,14.41,0,15.3,15.65,15.58,15.82,16.56,16.81,18.87,20.4,18.4,20.13,19.79,18.1,17.87,16.84,17.33
KP2,24/07/2026,0.059,0.059,0.059,0.059,0,0.044,0.046,0.051,0.065,0.064,0.065,0.064,0.064,0.081,0.081,0.076,0.074,0.068,0.066,0.065,0.065,0.059,0.065,0.06,0.056,0.053,0.048,0.059,0.055,0.056,0.056,0.064,0.067,0.063,0.068,0.07,0.064,0.064,0.059,0.063,0.06,0.058,0.06,0.06,0.06,0.055,0.056,0.056,0.057,0.0555,0.0555,0.055,0.054,0.053,0.06,0.061,0.062,0.059
KPG,24/07/2026,3.99,3.99,3.86,3.95,11513,10.82,11.15,10.34,10.44,10.38,10.61,10.76,10.73,10.48,10.38,10.55,10.55,10.37,10.2,9.55,9.1,9.05,8.62,8.69,8.55,7.79,8.47,8.1,8.4,8.35,8.05,7.18,6.65,5.71,6.43,7.15,6.05,5.48,5.32,4.8,4.9,4.69,4.9,4.68,4.39,4.3,4.51,4.24,4.07,3.91,4.01,3.8,3.57,3.62,4.03,3.96,3.87,3.95
KPO,24/07/2026,0.021,0.021,0.02,0.021,3110342,0.012,0.011,0.011,0.012,0.012,0.012,0.012,0.012,0.011,0.012,0.014,0.021,0.018,0.02,0.02,0.021,0.017,0.019,0.017,0.016,0.014,0.013,0.014,0.014,0.015,0.014,0.015,0.014,0.013,0.0135,0.013,0.017,0.014,0.0125,0.012,0.013,0.013,0.013,0.012,0.012,0.011,0.0115,0.015,0.014,0.014,0.014,0.012,0.013,0.014,0.013,0.015,0.017,0.021
KRM,24/07/2026,0.023,0.023,0.023,0.023,0,0.039,0.04,0.042,0.042,0.044,0.041,0.042,0.045,0.049,0.048,0.051,0.049,0.047,0.048,0.045,0.045,0.045,0.042,0.045,0.043,0.046,0.049,0.037,0.038,0.044,0.045,0.044,0.042,0.039,0.04,0.04,0.039,0.037,0.035,0.032,0.033,0.034,0.031,0.033,0.031,0.032,0.031,0.029,0.03,0.028,0.025,0.023,0.025,0.024,0.026,0.023,0.024,0.023
KRR,24/07/2026,0.054,0.064,0.054,0.063,7621395,0.007,0.007,0.007,0.007,0.006,0.007,0.011,0.014,0.016,0.016,0.018,0.015,0.017,0.017,0.014,0.015,0.016,0.012,0.014,0.013,0.013,0.011,0.011,0.011,0.02,0.021,0.02,0.023,0.023,0.022,0.032,0.042,0.032,0.035,0.03,0.031,0.031,0.032,0.031,0.03,0.024,0.028,0.024,0.026,0.024,0.026,0.025,0.038,0.055,0.058,0.058,0.053,0.063
KSC,24/07/2026,2.95,2.95,2.95,2.95,0,3.5,3.39,3.42,3.5,3.4,3.42,3.4,3.5,3.42,3.26,3.34,3.44,3.35,3.42,3.37,3.3,3.33,3.35,3.28,3.37,3.4,3.405,3.38,3.3,3.39,3.4,3.4,3.4,3.48,3.39,3.4,3.35,3.41,3.32,3.23,3.2,3.1,3.26,3.21,3.21,3.15,3,3,3.14,3.14,3.2,3.24,3,3,3.01,3,2.95,2.95
KSL,24/07/2026,1.25,1.25,1.24,1.24,231955,1.305,1.355,1.35,1.325,1.345,1.38,1.3,1.265,1.25,1.24,1.24,1.22,1.235,1.22,1.235,1.23,1.23,1.24,1.235,1.235,1.24,1.24,1.225,1.23,1.255,1.21,1.24,1.24,1.23,1.24,1.23,1.245,1.185,1.21,1.185,1.19,1.19,1.195,1.24,1.24,1.29,1.29,1.31,1.35,1.33,1.35,1.35,1.34,1.33,1.305,1.285,1.23,1.24
KSN,24/07/2026,0.037,0.037,0.035,0.036,1414896,0.14,0.135,0.13,0.13,0.12,0.12,0.1275,0.135,0.13,0.145,0.16,0.145,0.155,0.1375,0.12,0.13,0.13,0.115,0.115,0.115,0.115,0.125,0.1325,0.125,0.125,0.13,0.115,0.115,0.1,0.11,0.11,0.115,0.11,0.097,0.083,0.087,0.091,0.093,0.096,0.094,0.09,0.089,0.089,0.088,0.086,0.087,0.04,0.0365,0.033,0.035,0.035,0.034,0.036
KTA,24/07/2026,0.006,0.0065,0.006,0.0065,332571,0.013,0.012,0.0115,0.015,0.015,0.014,0.011,0.012,0.011,0.01,0.012,0.0145,0.016,0.016,0.013,0.012,0.012,0.011,0.011,0.011,0.011,0.011,0.011,0.01,0.0105,0.013,0.012,0.01,0.008,0.008,0.0075,0.008,0.007,0.007,0.007,0.007,0.0065,0.007,0.006,0.007,0.007,0.0065,0.006,0.006,0.006,0.0055,0.006,0.005,0.0045,0.004,0.007,0.006,0.0065
KTAOD,24/07/2026,0.001,0.001,0.001,0.001,0,0,0,0,0,0,0,0,0,0,0,0,0,0,0,0,0,0,0,0,0.002,0.003,0.002,0,0.003,0.003,0.004,0.004,0.002,0.002,0.002,0.002,0.002,0.002,0.002,0.001,0.001,0,0,0.001,0.001,0.002,0.002,0.001,0.001,0.001,0.001,0.001,0.001,0.001,0.001,0,0.001,0.001
KTK,24/07/2026,0.255,0.27,0.25,0.26,64137,0,0,0,0,0,0,0,0,0,0,0,0,0,0,0,0,0,0,0,0,0,0,0,0,0,0,0,0,0,0,0,0,0,0,0,0,0,0,0,0,0,0,0,0.38,0.32,0.48,0.39,0.415,0.36,0.35,0.305,0.27,0.26
KYP,24/07/2026,0.14,0.14,0.135,0.14,297867,0.245,0.24,0.28,0.295,0.275,0.275,0.29,0.305,0.3,0.31,0.34,0.355,0.345,0.385,0.355,0.32,0.345,0.28,0.29,0.29,0.295,0.31,0.3,0.32,0.295,0.24,0.225,0.215,0.175,0.18,0.185,0.18,0.175,0.16,0.135,0.15,0.14,0.17,0.15,0.165,0.15,0.15,0.165,0.1575,0.135,0.13,0.13,0.13,0.155,0.155,0.16,0.155,0.14
KZR,24/07/2026,0.135,0.135,0.1225,0.125,262600,0.11,0.098,0.12,0.135,0.115,0.12,0.125,0.1325,0.125,0.15,0.16,0.17,0.205,0.185,0.175,0.165,0.205,0.185,0.215,0.205,0.215,0.195,0.195,0.19,0.18,0.1875,0.2,0.22,0.165,0.175,0.17,0.19,0.165,0.16,0.13,0.115,0.135,0.165,0.175,0.16,0.165,0.17,0.16,0.1575,0.17,0.165,0.13,0.155,0.13,0.15,0.135,0.14,0.125
L1G,24/07/2026,1.11,1.15,1.045,1.075,1911450,0,0,0,0,0,0,0,0,0,0,0.69,1.04,1.035,1.04,1.13,1.05,1.05,1.05,1.03,1.025,1.045,1.06,1.11,1.065,1.08,1.09,1.185,1.23,1.125,1.155,1.22,1.24,1.27,1.21,1.115,0.995,1.035,1.1,1.095,1.12,1.14,1.2,1.19,1.09,1.055,1.025,1.04,1.15,1.115,1.2,1.23,1.11,1.075
L1HI,24/07/2026,5.32,5.32,5.32,5.32,8493,5.72,5.72,5.65,5.77,5.76,5.82,5.82,5.83,5.83,5.78,5.92,5.89,5.82,5.88,5.97,5.88,5.85,5.64,5.83,5.91,5.89,5.89,6.01,6.02,5.94,5.98,5.94,5.86,5.67,5.58,5.62,5.66,5.65,5.41,5.39,5.34,5.33,5.55,5.72,5.69,5.73,5.75,5.57,5.54,5.58,5.54,5.5,5.57,5.39,5.5,5.41,5.5,5.32
L1IF,24/07/2026,6.11,6.11,6.09,6.09,6444,6.66,6.7,6.65,6.81,6.86,6.82,6.83,6.72,6.73,6.75,6.87,6.85,6.75,6.96,7,6.88,6.86,6.7,6.85,6.87,6.89,6.88,6.91,6.92,7.01,6.88,6.66,6.43,6.29,6.03,6.135,6.12,6.17,5.85,5.84,5.91,5.97,6.04,6.16,6.16,6.15,6.12,5.99,6,6.01,6.02,6,6.04,6.05,6.29,6.19,6.21,6.09
L1M,24/07/2026,0.014,0.014,0.014,0.014,100000,0.042,0.039,0.038,0.037,0.04,0.038,0.042,0.053,0.047,0.043,0.049,0.051,0.055,0.055,0.047,0.044,0.044,0.039,0.031,0.025,0.026,0.023,0.023,0.026,0.029,0.029,0.029,0.023,0.022,0.022,0.021,0.025,0.021,0.019,0.018,0.017,0.018,0,0.02,0.021,0.023,0.022,0.019,0.022,0.023,0.019,0.0175,0.017,0.016,0.016,0.015,0.015,0.014
L1MO,24/07/2026,0.001,0.001,0.001,0.001,0,0.002,0.002,0.003,0.003,0.003,0.003,0.005,0.009,0.009,0.009,0.009,0.009,0.009,0.01,0.008,0.008,0.006,0.004,0.004,0.004,0.004,0.002,0,0.002,0.002,0.002,0.002,0.002,0.002,0.002,0.002,0.002,0.002,0.002,0.002,0.002,0,0,0.001,0.001,0.001,0.001,0.001,0.001,0.001,0.001,0.001,0.001,0.001,0.002,0,0.001,0.001
L1MOA,24/07/2026,0.002,0.002,0.002,0.002,0,0,0,0,0,0,0,0,0,0,0,0,0,0,0,0,0,0,0,0,0,0,0,0,0,0,0,0,0,0,0,0,0,0.005,0.003,0.003,0.003,0,0,0.004,0.003,0.003,0.003,0.003,0.003,0.003,0.003,0.002,0.002,0.002,0.002,0,0.003,0.002
LAC,24/07/2026,0.35,0.35,0.35,0.35,152,0,0,0,0,0,0,0,0,0,0,0,0,0,0,0,0,0,0,0,0,0,0,0,0,0,0,0,0,0,0,0,0,0,0,0,0,0,0,0,0,0,0,0,0,0.34,0.375,0.38,0.345,0.35,0.34,0.33,0.31,0.35
LAM,24/07/2026,0.755,0.755,0.755,0.755,1200,0.79,0.715,0.65,0.635,0.57,0.57,0.58,0.635,0.65,0.725,0.73,0.8,0.85,0.74,0.72,0.71,0.72,0.66,0.66,0.7,0.69,0.63,0.63,0.63,0.72,0.735,0.84,0.85,0.845,0.845,0.845,0.875,0.815,0.83,0.77,0.76,0.69,0.8,0.86,0.845,0.76,0.775,0.775,0.72,0.64,0.67,0.67,0.67,0.65,0.56,0.505,0.745,0.755
LAT,24/07/2026,0.1,0.1,0.1,0.1,161610,0.038,0.043,0.034,0.036,0.04,0.045,0.065,0.06,0.061,0.057,0.068,0.064,0.066,0.06,0.058,0.05,0.05,0.05,0.07,0.065,0.077,0.078,0.08,0.075,0.078,0.082,0.15,0.13,0.145,0.155,0.17,0.2,0.18,0.155,0.135,0.135,0.1275,0.17,0.175,0.18,0.17,0.175,0.1475,0.15,0.14,0.14,0.105,0.099,0.098,0.1,0.115,0.093,0.1
LAU,24/07/2026,0.66,0.66,0.65,0.66,73787,0.78,0.735,0.765,0.77,0.735,0.68,0.675,0.65,0.65,0.665,0.635,0.635,0.625,0.63,0.605,0.615,0.595,0.61,0.665,0.655,0.66,0.7,0.68,0.7,0.71,0.7,0.67,0.665,0.655,0.68,0.72,0.695,0.64,0.625,0.61,0.615,0.6,0.615,0.63,0.615,0.615,0.62,0.605,0.545,0.56,0.55,0.575,0.59,0.585,0.585,0.63,0.665,0.66
LBL,24/07/2026,0.555,0.56,0.55,0.55,24611,0.545,0.505,0.54,0.54,0.51,0.505,0.55,0.51,0.525,0.53,0.55,0.55,0.5,0.515,0.53,0.53,0.5,0.54,0.65,0.615,0.63,0.635,0.625,0.63,0.63,0.6,0.59,0.59,0.56,0.5425,0.6,0.61,0.6,0.61,0.595,0.555,0.54,0.565,0.54,0.54,0.55,0.55,0.54,0.54,0.515,0.52,0.51,0.51,0.5,0.55,0.54,0.555,0.55
LCE,24/07/2026,0.85,0.85,0.85,0.85,0,0.835,0.835,0.835,0.835,0.76,0.76,0.795,0.795,0.795,0.8,0.8,0.8,0.85,0.85,0.85,0.85,0.85,0.85,0.85,0.85,0.85,0.85,0.85,0.85,0.85,0.85,0.85,0.85,0.85,0.85,0.85,0.85,0.85,0.85,0.85,0.85,0.85,0,0.85,0.85,0.85,0.85,0.85,0.85,0.85,0.85,0.85,0.85,0.85,0.85,0.85,0.85,0.85
LCL,24/07/2026,0.0075,0.0075,0.0075,0.0075,150000,0.006,0.006,0.007,0.006,0.007,0.007,0.007,0.007,0.007,0.008,0.008,0.007,0.008,0.0075,0.007,0.007,0.007,0.006,0.006,0.006,0.0065,0.0065,0.006,0.007,0.008,0.007,0.008,0.007,0.008,0.007,0.0065,0.008,0.007,0.007,0.0065,0.007,0.007,0.007,0.007,0.007,0.007,0.009,0.008,0.008,0.008,0.0075,0.007,0.007,0.007,0.007,0.007,0.008,0.0075
LCY,24/07/2026,0.005,0.005,0.005,0.005,218896,0.009,0.009,0.009,0.0085,0.0085,0.008,0.008,0.008,0.008,0.008,0.009,0.009,0.009,0.0085,0.008,0.008,0.008,0.008,0.008,0.007,0.007,0.0075,0.008,0.008,0.008,0.0075,0.008,0.0075,0.008,0.007,0.008,0.008,0.008,0.007,0.0075,0.007,0.006,0.006,0.007,0.006,0.007,0.007,0.006,0.006,0.006,0.006,0.005,0.006,0.006,0.006,0.006,0.005,0.005
LDR,24/07/2026,0.087,0.087,0.08,0.08,20838,0.14,0.13,0.13,0.13,0.16,0.15,0.14,0.19,0.19,0.205,0.235,0.22,0.315,0.24,0.215,0.195,0.195,0.18,0.2,0.2,0.185,0.195,0.22,0.215,0.22,0.24,0.225,0.21,0.18,0.18,0.2,0.195,0.195,0.175,0.155,0.16,0.15,0.165,0.14,0.135,0.13,0.135,0.135,0.115,0.12,0.11,0.105,0.099,0.092,0.095,0.086,0.08,0.08
LDX,24/07/2026,0.097,0.115,0.095,0.11,5114323,0.072,0.081,0.092,0.11,0.094,0.125,0.13,0.165,0.16,0.155,0.155,0.18,0.18,0.26,0.205,0.175,0.2,0.22,0.215,0.24,0.28,0.26,0.28,0.32,0.31,0.285,0.23,0.215,0.235,0.26,0.28,0.275,0.295,0.28,0.26,0.255,0.21,0.175,0.195,0.165,0.17,0.15,0.125,0.125,0.115,0.105,0.105,0.115,0.115,0.105,0.098,0.084,0.11
LED,24/07/2026,0.49,0.49,0.48,0.49,288870,0,0,0,0,0,0,0,0,0,0,0,0,0,0,0,0,0,0,0,0,0,0,0,0,0,0,0,0,0,0.57,0.58,0.595,0.57,0.59,0.56,0.555,0.555,0.535,0.525,0.535,0.51,0.525,0.5,0.475,0.485,0.48,0.48,0.47,0.465,0.495,0.485,0.49,0.49
LEG,24/07/2026,0.008,0.008,0.008,0.008,0,0.009,0.008,0.007,0.007,0.009,0.007,0.007,0.007,0.0075,0.0075,0.011,0.009,0.01,0.01,0.009,0.01,0.009,0.009,0.009,0.009,0.009,0.008,0.008,0.01,0.012,0.01,0.01,0.011,0.011,0.01,0.009,0.009,0.009,0.009,0.01,0.009,0.008,0.009,0.009,0.01,0.0085,0.008,0.008,0.008,0.008,0.007,0.0075,0.008,0.008,0.01,0.009,0.008,0.008
LEL,24/07/2026,0.335,0.335,0.32,0.32,120979,0.37,0.37,0.37,0.37,0.37,0.37,0.37,0.37,0.37,0.37,0.37,0.37,0.37,0.37,0.37,0.37,0.37,0.37,0.37,0.37,0.37,0.37,0.37,0.37,0.37,0.37,0.37,0.37,0.37,0.37,0.37,0.37,0.37,0.37,0.35,0.35,0.34,0.33,0.31,0.32,0.34,0.32,0.32,0.305,0.41,0.375,0.35,0.335,0.32,0.32,0.31,0.315,0.32
LEND,24/07/2026,14.55,14.55,14.42,14.45,35351,19.58,18.78,18.37,18.66,18.51,18.7,18.55,18.47,18.06,17.65,17.2,16.22,16.36,16.98,16.87,16.56,16.76,16.36,17.2,17.24,17.27,16.88,16.55,16.83,16.94,17.28,17.14,16.7,15.66,15.95,15.47,15.18,15.01,14.35,14.72,14.66,14.38,14.77,15.51,15.28,15.7,15.49,14.85,14.82,14.84,14.72,14.66,14.44,14.13,14.72,14.47,15.1,14.45
LEVR,24/07/2026,1.39,1.39,1.375,1.385,164261,1.62,1.63,1.665,1.715,1.745,1.715,1.645,1.67,1.635,1.625,1.7,1.68,1.68,1.67,1.6,1.55,1.465,1.38,1.455,1.45,1.465,1.46,1.51,1.475,1.47,1.52,1.485,1.5,1.415,1.475,1.565,1.6,1.5,1.385,1.31,1.3,1.33,1.465,1.485,1.4,1.4,1.42,1.38,1.36,1.375,1.36,1.4,1.415,1.38,1.4,1.42,1.39,1.385
LEX,24/07/2026,0.12,0.12,0.12,0.12,20000,0.13,0.135,0.13,0.13,0.13,0.13,0.115,0.165,0.15,0.155,0.165,0.175,0.175,0.15,0.175,0.16,0.195,0.185,0.18,0.185,0.2,0.27,0.27,0.275,0.25,0.245,0.275,0.32,0.255,0.285,0.25,0.25,0.24,0.225,0.205,0.19,0.2,0.215,0.185,0.185,0.17,0.165,0.125,0.125,0.135,0.135,0.105,0.11,0.12,0.12,0.115,0.1,0.12
LF1,24/07/2026,1.87,1.88,1.865,1.87,82571,2.02,2.02,2.01,2,2,2.01,2.01,2.01,1.99,1.975,1.98,1.985,1.99,1.99,1.985,1.97,1.975,1.97,1.985,1.95,1.965,1.995,2,2,1.995,2,2.01,2,1.98,2,1.99,1.96,1.915,1.91,1.9,1.92,1.91,1.9,1.905,1.93,1.91,1.935,1.93,1.9,1.91,1.895,1.86,1.865,1.85,1.91,1.885,1.91,1.87
LFG,24/07/2026,3.35,3.37,3.3,3.3,70366,3.83,3.89,4.08,4.29,4.2,4.22,4.2,4.32,4.44,4.36,4.38,4.39,4.04,4.08,4.12,4.02,4.05,4.01,4.26,4.1,4.09,4.03,4.22,4.24,4.13,4.09,3.92,4.07,3.96,3.9,3.86,3.84,3.69,3.48,3.49,3.5,3.6,3.44,3.4,3.46,3.38,3.38,3.25,3.2,3.14,3.16,3.08,3.13,3.23,3.4,3.25,3.32,3.3
LFS,24/07/2026,0.9,0.9,0.89,0.89,522,1.14,1.15,1.15,1.135,1.14,1.16,1.15,1.15,1.15,1.15,1.15,1.145,1.145,1.14,1.095,1.135,1.13,1.135,1.13,1.125,1.1,1.035,1.06,1.06,1.04,1.035,1.015,1.02,0.97,0.9,0.95,0.94,0.95,0.95,0.94,0.925,0.905,0.915,0.93,0.94,0.915,0.925,0.91,0.93,0.9,0.9,0.91,0.925,0.91,0.92,0.915,0.915,0.89
LFSPA,24/07/2026,100.11,100.239,100.11,100.239,895,98.05,98.6,98.5,98.54,98.15,98.1,98.98,98.5,98.5,98.5,98.501,99.13,97.3,98.001,99.01,99.35,99.89,99.85,100.15,100.25,100,101.2,101.54,101.1,101.58,100.7,100.41,100.55,99.81,100.21,100.2,100.01,100.21,100.25,100.5,100.21,100.09,100.7,99.66,99.65,100.64,100,100.1,100.17,100.72,100.01,100.18,100.89,100.93,101.3,101.4,100.01,100.239
LFSPB,24/07/2026,98.55,98.55,96.42,97.56,1930,0,0,0,0,0,0,0,0,0,0,0,0,0,0,0,0,0,0,0,0,0,0,0,0,0,0,0,0,0,0,0,0,0,0,0,0,0,0,0,0,100.5,100,100,100,99.99,99,99.26,99.1,99.4,99.39,99.39,98.5,97.56
LFT,24/07/2026,3.55,3.55,3.55,3.55,10,0,0,0,0,0,0,0,0,0,0,0,0,0,0,0,0,0,0,0,0,0,0,0,0,0,0,0,0,0,0,0,0,0,0,0,0,0,0,0,0,0,0,0,0,5.4,4.8,4.54,4.7,4.01,4.33,3.79,3.1,3.55
LGF,24/07/2026,1.945,1.96,1.88,1.9,204171,0,0,0,0,0,0,0,0,0,0,0,0,0,0,0,0,0,0,0,0,0,0,0,0,0,0,0,0,0,0,0,0,0,0,0,0,0,0,0,2.03,2.06,2,2.09,1.96,2.02,1.96,1.76,1.82,1.79,1.985,2,1.995,1.9
LGI,24/07/2026,2.4,2.45,2.35,2.35,538482,3,3.5,3.42,4.34,3.81,3.9,3.5,3.82,3.81,3.82,3.86,3.73,3.85,4.51,4.45,4.47,4.29,4.15,4.36,4.05,4.03,3.86,4.04,4.1,4.15,4,4.2,3.7,3.63,3.32,3.61,3.67,3.57,3.65,3.6,3.44,3.5,3.73,3.65,3.52,3.62,3.5,3.47,3.49,3.45,3.1,3.1,3.12,2.71,2.73,2.68,2.51,2.35
LGM,24/07/2026,0.105,0.12,0.1,0.12,386236,0.185,0.165,0.165,0.16,0.14,0.16,0.17,0.15,0.215,0.26,0.29,0.275,0.265,0.23,0.24,0.215,0.25,0.23,0.22,0.21,0.205,0.19,0.2,0.205,0.225,0.215,0.22,0.21,0.195,0.215,0.205,0.205,0.175,0.165,0.15,0.15,0.175,0.175,0.17,0.18,0.185,0.145,0.125,0.13,0.135,0.125,0.125,0.12,0.105,0.125,0.105,0.1,0.12
LGP,24/07/2026,0.072,0.073,0.072,0.072,105374,0.11,0.12,0.105,0.11,0.125,0.1225,0.13,0.125,0.125,0.125,0.135,0.135,0.14,0.14,0.13,0.13,0.13,0.13,0.125,0.12,0.12,0.125,0.135,0.13,0.12,0.14,0.125,0.12,0.1225,0.12,0.115,0.105,0.11,0.105,0.092,0.092,0.097,0.097,0.096,0.1,0.098,0.099,0.097,0.095,0.087,0.089,0.082,0.077,0.064,0.069,0.07,0.076,0.072
LHGG,24/07/2026,1.53,1.53,1.525,1.525,8916,2.48,2.5,2.44,2.43,2.45,2.48,2.5,2.44,2.5,2.44,2.38,2.36,2.31,2.35,2.34,2.29,2.24,2.13,2.15,2.17,2.15,2.14,2.13,2.13,2.16,2.07,1.97,1.86,1.69,1.595,1.615,1.595,1.655,1.57,1.535,1.5325,1.555,1.52,1.58,1.5275,1.56,1.595,1.5,1.58,1.6125,1.63,1.565,1.55,1.505,1.685,1.61,1.63,1.525
LIB,24/07/2026,0.003,0.003,0.003,0.003,3461114,0,0,0,0,0,0,0,0,0,0,0,0,0.004,0.0035,0.003,0.003,0.0025,0.003,0.0025,0.002,0.0025,0.002,0.003,0.004,0.004,0.004,0.004,0.004,0.0035,0.0035,0.0035,0.0035,0.004,0.0035,0.004,0.004,0.003,0.004,0.0045,0.005,0.005,0.0045,0.004,0.004,0.004,0.0035,0.0035,0.0035,0.003,0.003,0.003,0.003,0.003
LIBO,24/07/2026,0.003,0.003,0.003,0.003,0,0,0,0,0,0,0,0,0,0,0,0,0,0,0,0,0,0,0,0.001,0.001,0.001,0.001,0,0.002,0.002,0.002,0.003,0.003,0.002,0.002,0.002,0.002,0.002,0.002,0.002,0.002,0,0,0.003,0.003,0.003,0.002,0.002,0.002,0.003,0.003,0.003,0.003,0.003,0.003,0,0.003,0.003
LIC,24/07/2026,5.24,5.28,5.18,5.22,117590,4.71,4.39,4.52,5,5.07,5.68,5.43,5.64,5.97,5.8,5.43,5.85,5.21,5.34,5.18,5.09,5.21,5.42,5.7,5.45,5.37,5.39,5.36,5.16,5.68,5.55,5.65,5.56,5.55,5.72,5.2,4.96,4.78,5.31,4.85,4.75,4.7,4.62,4.8,4.62,4.7,4.87,4.83,4.88,5.23,5,5.03,5.02,5.07,5.4,5.11,5.41,5.22
LIN,24/07/2026,0.735,0.75,0.71,0.72,5515006,0.11,0.1,0.125,0.225,0.24,0.275,0.23,0.22,0.255,0.27,0.295,0.36,0.37,0.37,0.325,0.3,0.34,0.325,0.39,0.365,0.36,0.375,0.365,0.415,0.46,0.47,0.49,0.425,0.345,0.42,0.41,0.53,0.76,0.91,0.745,0.865,0.755,0.905,0.95,0.89,0.82,0.79,0.665,0.71,0.76,0.765,0.91,0.825,0.92,0.955,0.815,0.695,0.72
LIO,24/07/2026,0.011,0.011,0.011,0.011,8695,0.011,0.012,0.012,0.013,0.015,0.015,0.016,0.016,0.016,0.016,0.015,0.0155,0.015,0.015,0.015,0.011,0.013,0.011,0.012,0.0115,0.012,0.012,0.013,0.011,0.016,0.018,0.018,0.018,0.017,0.017,0.018,0.017,0.016,0.018,0.017,0.017,0.016,0,0.017,0.018,0.018,0.018,0.017,0.015,0.014,0.013,0.013,0.013,0.01,0.012,0.013,0.012,0.011
LIS,24/07/2026,0.13,0.135,0.13,0.13,103163,0.17,0.165,0.15,0.165,0.16,0.16,0.155,0.155,0.155,0.16,0.145,0.185,0.17,0.145,0.16,0.145,0.15,0.155,0.145,0.15,0.145,0.15,0.15,0.15,0.1625,0.16,0.155,0.15,0.14,0.145,0.135,0.13,0.115,0.12,0.12,0.12,0.12,0.125,0.125,0.135,0.13,0.12,0.1325,0.135,0.15,0.145,0.145,0.135,0.125,0.125,0.14,0.13,0.13
LIT,24/07/2026,0.008,0.009,0.008,0.009,394111,0.01,0.011,0.01,0.011,0.011,0.011,0.012,0.011,0.013,0.015,0.014,0.015,0.014,0.012,0.0115,0.011,0.011,0.011,0.0115,0.0105,0.01,0.01,0.01,0.011,0.011,0.011,0.012,0.011,0.011,0.01,0.01,0.01,0.009,0.009,0.008,0.009,0.009,0.011,0.011,0.011,0.01,0.009,0.01,0.01,0.0095,0.009,0.009,0.009,0.008,0.009,0.009,0.008,0.009
LITOC,24/07/2026,0.001,0.001,0.001,0.001,0,0.001,0.001,0.001,0.001,0.001,0.0015,0.0015,0.002,0.0015,0.002,0.001,0.002,0.002,0.001,0.001,0.002,0.001,0.001,0.001,0.001,0.001,0.001,0,0.001,0.001,0.002,0.002,0.001,0.001,0.001,0.001,0.001,0.001,0.001,0.001,0.001,0,0,0.001,0.001,0.001,0.001,0.001,0.001,0.001,0.001,0.001,0.001,0.001,0.001,0,0.001,0.001
LKE,24/07/2026,0.042,0.043,0.04,0.04,5284633,0.044,0.038,0.039,0.042,0.035,0.031,0.031,0.028,0.03,0.03,0.034,0.037,0.035,0.034,0.035,0.034,0.057,0.061,0.072,0.076,0.094,0.091,0.12,0.135,0.135,0.105,0.115,0.092,0.084,0.087,0.084,0.098,0.079,0.079,0.067,0.074,0.075,0.084,0.098,0.099,0.095,0.092,0.084,0.076,0.069,0.062,0.056,0.055,0.042,0.046,0.043,0.04,0.04
LKEO,24/07/2026,0.023,0.025,0.02,0.02,529656,0,0,0,0,0,0,0,0,0,0,0,0,0,0,0.014,0.011,0.029,0.032,0.037,0.038,0.046,0.054,0,0.097,0.09,0.07,0.076,0.057,0.05,0.055,0.05,0.06,0.051,0.049,0.04,0.048,0,0,0.065,0.069,0.065,0.06,0.056,0.054,0.046,0.044,0.037,0.043,0.03,0.029,0,0.023,0.02
LKO,24/07/2026,0.47,0.495,0.47,0.47,37497,1.17,1.16,1.13,0.965,0.905,1.105,1.23,1.75,1.3,1.115,1.15,1.17,1.1,1.155,1.345,1.51,1.53,1.39,1.27,1.31,1.44,1.4,1.33,1.305,1.3,1.47,1.575,1.445,1.33,1.235,1.18,1.22,1.04,1.025,0.78,0.71,0.675,0.58,0.715,0.65,0.65,0.57,0.52,0.445,0.35,0.395,0.375,0.34,0.485,0.69,0.58,0.515,0.47
LKY,24/07/2026,0.053,0.056,0.053,0.055,2584512,0.11,0.14,0.185,0.22,0.225,0.26,0.25,0.49,0.595,0.495,0.555,0.5,0.49,0.475,0.345,0.325,0.34,0.28,0.31,0.295,0.205,0.19,0.2,0.21,0.22,0.245,0.205,0.175,0.155,0.175,0.165,0.165,0.185,0.19,0.16,0.17,0.165,0.185,0.185,0.165,0.145,0.14,0.135,0.12,0.115,0.081,0.078,0.077,0.06,0.062,0.061,0.054,0.055
LLC,24/07/2026,2.87,2.875,2.78,2.81,3175747,5.19,5.27,5.61,5.55,5.54,5.55,5.56,5.45,5.32,5.3,5.48,5.32,5.45,5.76,5.55,5.45,5.4,5.17,5.23,5.16,5.2,4.99,5.29,5.16,5.1,5,5.04,4.84,4.57,4.42,4.58,4.2,3.83,3.51,3.3,3.35,3.22,3.19,3.27,3.4,3.33,3.14,3.06,2.82,2.72,2.46,2.87,2.98,3.16,3.11,3.06,2.95,2.81
LLM,24/07/2026,0.445,0.445,0.435,0.435,675797,0.2,0.215,0.1975,0.26,0.255,0.295,0.295,0.295,0.28,0.275,0.28,0.34,0.34,0.415,0.375,0.315,0.39,0.35,0.345,0.33,0.305,0.29,0.3,0.325,0.35,0.355,0.365,0.285,0.285,0.335,0.295,0.335,0.3,0.305,0.27,0.28,0.2675,0.295,0.29,0.325,0.425,0.425,0.425,0.4275,0.425,0.425,0.425,0.425,0.43,0.43,0.435,0.44,0.435
LM1,24/07/2026,0.175,0.175,0.17,0.175,243489,0.14,0.099,0.16,0.145,0.145,0.155,0.175,0.155,0.17,0.165,0.19,0.25,0.27,0.235,0.2,0.2,0.18,0.145,0.175,0.17,0.16,0.15,0.15,0.155,0.15,0.175,0.185,0.19,0.185,0.17,0.18,0.17,0.17,0.15,0.15,0.14,0.145,0.15,0.145,0.15,0.145,0.14,0.1375,0.17,0.18,0.195,0.215,0.19,0.18,0.215,0.21,0.175,0.175
LM8,24/07/2026,0.315,0.315,0.315,0.315,0,0.24,0.2325,0.255,0.26,0.25,0.27,0.28,0.29,0.35,0.32,0.315,0.33,0.345,0.325,0.28,0.3,0.3,0.285,0.32,0.29,0.315,0.29,0.305,0.335,0.415,0.485,0.455,0.4,0.35,0.37,0.4,0.46,0.47,0.425,0.33,0.355,0.34,0.34,0.39,0.36,0.38,0.37,0.365,0.37,0.385,0.335,0.315,0.335,0.29,0.315,0.305,0.305,0.315
LMG,24/07/2026,0.011,0.012,0.011,0.0115,3085346,0.016,0.015,0.016,0.017,0.023,0.025,0.028,0.026,0.025,0.03,0.027,0.027,0.025,0.043,0.034,0.028,0.033,0.026,0.029,0.023,0.021,0.019,0.021,0.02,0.027,0.022,0.022,0.02,0.02,0.022,0.021,0.019,0.019,0.018,0.018,0.017,0.019,0.018,0.02,0.02,0.018,0.018,0.018,0.019,0.018,0.015,0.015,0.015,0.013,0.014,0.0135,0.012,0.0115
LML,24/07/2026,0.014,0.014,0.012,0.014,430528,0.007,0.007,0.008,0.007,0.009,0.009,0.007,0.007,0.006,0.0065,0.006,0.007,0.008,0.0085,0.008,0.008,0.01,0.008,0.008,0.009,0.011,0.011,0.012,0.015,0.015,0.015,0.016,0.02,0.016,0.015,0.014,0.014,0.013,0.009,0.011,0.012,0.0105,0.012,0.015,0.013,0.011,0.0115,0.011,0.012,0.013,0.011,0.011,0.011,0.012,0.012,0.011,0.0125,0.014
LMLO,24/07/2026,0.005,0.005,0.005,0.005,0,0,0,0,0,0,0,0.002,0.002,0.002,0.002,0.002,0.003,0.004,0.004,0.003,0.003,0.004,0.003,0.004,0.005,0.006,0.007,0,0.01,0.01,0.009,0.01,0.011,0.008,0.009,0.008,0.008,0.006,0.005,0.004,0.005,0,0,0.005,0.004,0.004,0.004,0.004,0.004,0.004,0.006,0.003,0.004,0.004,0.005,0,0.005,0.005
LMS,24/07/2026,0.22,0.22,0.21,0.21,7224,0.12,0.12,0.12,0.115,0.11,0.11,0.105,0.1075,0.1375,0.12,0.19,0.185,0.73,0.615,0.665,0.57,0.62,0.465,0.6,0.585,0.395,0.4,0.385,0.44,0.48,0.715,0.74,0.565,0.71,0.635,0.63,0.61,0.515,0.455,0.385,0.375,0.37,0.44,0.43,0.41,0.5,0.505,0.575,0.51,0.48,0.25,0.24,0.27,0.23,0.22,0.23,0.215,0.21
LNAS,24/07/2026,11.25,11.29,11.05,11.11,232300,11.42,11.31,11.54,12.02,11.16,11.76,11.82,12.1,12.66,12.56,13.2,13.38,12.65,13.41,14.46,13.3,12.95,11.92,13.26,13.73,13.65,12.92,13.48,13.29,13.34,13.51,13.37,13.54,11.82,12.18,12.33,12.51,12.6,11.95,11.73,11.04,10.8,12.35,13.72,14.49,15.16,16.7,17.34,17.69,18.77,18.55,17.29,18.33,16.6,12.38,12.32,11.29,11.11
LNQ,24/07/2026,0.275,0.275,0.27,0.27,35831,0.14,0.155,0.165,0.15,0.155,0.195,0.19,0.165,0.17,0.1875,0.25,0.2,0.195,0.21,0.185,0.225,0.19,0.185,0.18,0.2,0.205,0.205,0.2,0.2,0.28,0.59,0.645,0.475,0.455,0.48,0.54,0.545,0.48,0.47,0.37,0.375,0.365,0.38,0.365,0.38,0.38,0.39,0.415,0.36,0.35,0.345,0.305,0.37,0.29,0.32,0.295,0.275,0.27
LNW,24/07/2026,109.01,109.44,105.95,106.03,390551,147.58,148.75,118.75,138.02,141.25,141.21,135.75,133.66,133.81,130.74,129.6,123.18,117.06,119,109.47,124.85,131.66,139.25,153,149.72,151.41,152.25,158,156,154.7,180.53,163,167.06,157.8,138.03,136.32,134.21,129.97,118.2,110.9,123.96,120,125.5,121.5,121.07,114.66,114.64,114,114.8,116.73,115.9,127.26,128.34,110.78,106.63,106.8,112.42,106.03
LNYN,24/07/2026,1.85,1.86,1.85,1.86,223723,1.67,1.64,1.68,1.72,1.715,1.73,1.715,1.705,1.705,1.77,1.805,1.835,1.845,1.815,1.83,1.795,1.87,1.815,1.815,1.84,1.84,1.84,1.9,1.875,1.9,1.935,1.95,1.92,1.85,1.85,1.88,1.96,1.94,1.945,1.85,1.85,1.89,1.94,1.935,1.945,1.93,1.97,1.925,1.92,1.95,1.92,1.9,1.955,1.93,1.95,1.905,1.9,1.86
LOT,24/07/2026,0.66,0.66,0.66,0.66,0,0.195,0.15,0.16,0.16,0.165,0.2,0.185,0.18,0.205,0.215,0.23,0.225,0.21,0.185,0.195,0.17,0.165,0.155,0.16,0.18,0.175,0.19,0.185,0.185,0.215,0.205,0,3.05,2.08,1.965,2.11,2.19,1.89,1.585,1.44,1.225,1.36,1.465,1.59,1.485,0.9,0.78,0.675,0.675,0.63,0.59,0.52,0.66,0.66,0.66,0.66,0.66,0.66
LOV,24/07/2026,21.56,21.56,20.55,20.66,397824,32.8,33.81,35.06,34.94,35.23,43.14,41.54,40.76,39.03,37.41,37.71,38.3,37.67,38.62,36.24,35.77,35.21,30.02,32.13,31.75,29.94,30.5,29.83,29.29,29.17,30.7,31.17,30.99,31.21,28.38,26.21,23.93,21.96,20.84,20.32,22.06,21,23.32,23.81,23.71,24.06,22.76,22.21,21.89,23.22,20.43,22.2,23.41,23.25,22.11,22.88,23.35,20.66
LPE,24/07/2026,0.084,0.084,0.084,0.084,0,0.115,0.11,0.115,0.1175,0.11,0.115,0.115,0.14,0.13,0.12,0.12,0.11,0.11,0.115,0.11,0.11,0.11,0.105,0.105,0.099,0.11,0.11,0.105,0.11,0.11,0.105,0.12,0.095,0.11,0.1,0.1,0.105,0.094,0.092,0.092,0.091,0.092,0.0935,0.1,0.096,0.1,0.1,0.089,0.09,0.088,0.081,0.066,0.081,0.075,0.08,0.08,0.072,0.084
LPGD,24/07/2026,5.68,5.68,5.62,5.65,119117,5.49,5.495,5.34,5.41,5.36,5.45,5.38,5.42,5.54,5.58,5.72,5.86,5.74,5.85,5.96,5.79,5.71,5.41,5.53,5.58,5.59,5.45,5.45,5.53,5.55,5.54,5.47,5.43,4.99,5.06,5.19,5.12,5.16,5.14,5.12,5.07,5.1,5.33,5.61,5.74,5.69,5.92,5.98,6.07,6.2,6.23,6.12,6.32,6.12,5.87,5.87,5.59,5.65
LPHD,24/07/2026,10.07,10.07,10.06,10.06,41745,0,0,0,0,0,0,8.77,9.07,9.23,9.18,9.22,9.52,9.37,9.49,9.83,9.59,9.53,8.75,9.11,9.15,9.26,9,9.21,9.21,9.51,9.21,9.39,9.55,8.96,9,9.14,9.16,9.06,9.1,9.08,8.73,8.92,9.44,10,10.17,10.13,10.6,10.69,10.65,11.04,11.05,10.73,11.11,10.54,10.42,10.42,10.12,10.06
LPM,24/07/2026,0.12,0.12,0.12,0.12,0,0.077,0.076,0.068,0.083,0.083,0.085,0.08,0.09,0.088,0.099,0.115,0.115,0.155,0.12,0.12,0.11,0.12,0.125,0.135,0.145,0.135,0.13,0.135,0.14,0.185,0.2,0.185,0.17,0.14,0.135,0.135,0.14,0.13,0.12,0.1,0.11,0.14,0.13,0.125,0.13,0.115,0.125,0.12,0.11,0.11,0.105,0.09,0.093,0.1,0.1,0.115,0.12,0.12
LRD,24/07/2026,0.014,0.014,0.014,0.014,1242,0.033,0.03,0.031,0.031,0.026,0.025,0.026,0.023,0.038,0.042,0.052,0.043,0.045,0.028,0.02,0.02,0.018,0.018,0.018,0.019,0.018,0.018,0.018,0.018,0.018,0.02,0.021,0.02,0.019,0.019,0.018,0.019,0.017,0.02,0.021,0.018,0.019,0,0.019,0.019,0.018,0.018,0.018,0.018,0.017,0.0155,0.015,0.014,0.013,0.015,0.014,0.014,0.014
LRDO,24/07/2026,0.001,0.001,0.001,0.001,0,0.004,0.004,0.004,0.004,0.004,0.004,0.004,0.004,0.004,0.004,0.004,0.004,0.008,0.008,0.006,0.006,0.006,0.006,0.006,0.006,0.006,0.006,0,0.006,0.002,0.002,0.002,0.002,0.002,0.002,0.002,0.001,0.001,0.001,0.001,0.001,0,0,0.001,0.001,0.001,0.001,0.001,0.001,0.001,0.001,0.001,0.001,0.001,0.001,0,0.001,0.001
LRK,24/07/2026,0.87,0.87,0.87,0.87,4152,0.82,0.86,0.785,0.765,0.78,0.81,0.7525,0.775,0.77,0.795,0.79,0.73,0.765,0.72,0.725,0.7,0.68,0.685,0.66,0.615,0.635,0.62,0.615,0.62,0.6,0.565,0.645,0.61,0.65,0.64,0.69,0.735,0.725,0.685,0.7,0.8,0.8,0.815,0.825,0.88,0.9,0.87,0.825,0.8,0.855,0.885,0.875,0.885,0.86,0.89,0.87,0.89,0.87
LRM,24/07/2026,0.022,0.022,0.018,0.019,3687765,0,0,0,0.05,0.058,0.062,0.058,0.061,0.061,0.062,0.053,0.05,0.047,0.044,0.032,0.027,0.03,0.028,0.024,0.024,0.031,0.036,0.034,0.028,0.029,0.027,0.026,0.025,0.024,0.025,0.02,0.023,0.023,0.023,0.023,0.02,0.02,0.02,0.022,0.021,0.019,0.022,0.026,0.025,0.026,0.026,0.026,0.024,0.024,0.024,0.023,0.0215,0.019
LRT,24/07/2026,2.07,2.07,1.99,1.99,4187,1.4,1.41,1.45,1.575,1.55,1.605,1.745,1.87,1.885,1.95,2.16,2.08,2.18,2.1,1.945,1.84,1.96,1.85,1.86,1.99,2.12,2.13,2.22,2.25,2.35,2.56,2.68,2.8,2.52,2.7,2.76,2.99,2.65,2.4,2.15,2.08,2.27,2.51,2.5,2.24,2.25,2.45,2.67,2.35,2.34,2.49,2.45,2.595,2.47,2.2,2.18,2.08,1.99
LRV,24/07/2026,1.135,1.14,1.1175,1.13,685686,0.695,0.71,0.765,0.73,0.68,0.675,0.695,0.715,0.635,0.735,0.885,0.825,1.24,1.165,1.135,1.055,1.14,1.11,1.28,1.165,1.1,1.02,1.115,1.18,1.19,1.38,1.58,1.405,1.24,1.36,1.38,1.49,1.365,1.265,1.075,1.03,1.04,1.23,1.285,1.34,1.25,1.335,1.43,1.31,1.25,1.33,1.225,1.29,1.2,1.27,1.26,1.02,1.13
LSA,24/07/2026,0.1,0.1,0.1,0.1,271,0.065,0.07,0.062,0.053,0.057,0.052,0.057,0.052,0.055,0.063,0.061,0.062,0.068,0.07,0.064,0.06,0.054,0.061,0.057,0.053,0.05,0.05,0.053,0.053,0.058,0.068,0.078,0.075,0.084,0.082,0.085,0.105,0.13,0.135,0.125,0.15,0.15,0.17,0.21,0.19,0.19,0.21,0.21,0.18,0.17,0.155,0.125,0.125,0.115,0.135,0.12,0.105,0.1
LSF,24/07/2026,4.35,4.455,4.29,4.4,580087,3.09,3.08,3.08,3.12,3.13,3.2,3.16,3.29,3.34,3.34,3.49,3.58,3.54,3.39,3.54,3.5,3.58,3.57,3.66,3.74,3.75,3.87,4,3.96,4.14,4.14,4.4,4.22,4.06,4.16,4.27,4.42,4.26,4.05,3.7,3.94,3.96,4.11,4.24,4.13,4.24,4.3,4.38,4.32,4.49,4.6,4.58,4.54,4.61,4.83,4.7,4.39,4.4
LSGE,24/07/2026,1.86,1.865,1.85,1.85,73254,2.38,2.39,2.4,2.42,2.42,2.45,2.45,2.46,2.51,2.5,2.53,2.57,2.53,2.54,2.56,2.49,2.42,2.36,2.42,2.46,2.4,2.38,2.42,2.39,2.45,2.38,2.35,2.26,2.12,2.09,2.14,2.11,2.12,2.03,1.995,2.01,2,2.05,2.11,2.14,2.14,2.17,2.17,2.18,2.23,2.21,2.13,2.17,2.08,1.96,1.955,1.93,1.85
LSR,24/07/2026,0.01,0.01,0.009,0.009,1011984,0.017,0.017,0.018,0.018,0.016,0.025,0.025,0.029,0.028,0.025,0.027,0.039,0.05,0.039,0.032,0.023,0.023,0.018,0.02,0.017,0.015,0.012,0.012,0.012,0.013,0.012,0.017,0.012,0.011,0.011,0.009,0.014,0.012,0.016,0.02,0.025,0.019,0.022,0.02,0.022,0.02,0.022,0.019,0.018,0.015,0.013,0.011,0.011,0.01,0.01,0.009,0.009,0.009
LSRO,24/07/2026,0.006,0.006,0.006,0.006,0,0,0,0,0,0.012,0.015,0.015,0.015,0.017,0.021,0.019,0.027,0.029,0.029,0.019,0.011,0.012,0.009,0.011,0.01,0.007,0.006,0,0.006,0.007,0.007,0.008,0.006,0.007,0.006,0.004,0.007,0.006,0.0075,0.011,0.016,0,0,0.011,0.014,0.012,0.011,0.01,0.008,0.008,0.007,0.006,0.006,0.006,0.0065,0,0.005,0.006
LSX,24/07/2026,0.875,0.875,0.85,0.85,62995,0.865,0.805,0.795,0.8,0.785,0.865,0.89,0.895,0.91,1,1.01,0.955,0.98,0.9,0.925,0.905,0.9,0.86,0.935,0.905,0.925,0.985,0.99,0.99,1.02,0.985,1.075,1.055,0.965,1.005,0.99,1.025,1.015,0.97,0.8625,0.885,0.915,0.925,0.935,0.92,0.91,0.865,0.87,0.875,0.865,0.875,0.835,0.855,0.825,0.84,0.86,0.865,0.85
LTP,24/07/2026,0.49,0.49,0.48,0.49,154274,0.405,0.33,0.325,0.355,0.535,0.485,0.475,0.58,0.735,0.66,0.72,0.665,0.51,0.525,0.5,0.44,0.495,0.45,0.47,0.42,0.505,0.52,0.64,0.71,0.63,0.575,0.57,0.545,0.49,0.515,0.485,0.45,0.45,0.44,0.395,0.4,0.405,0.415,0.4,0.39,0.51,0.435,0.405,0.385,0.375,0.465,0.54,0.59,0.56,0.575,0.52,0.51,0.49
LTR,24/07/2026,1.25,1.25,1.165,1.185,24049485,0.94,0.8,0.845,0.845,0.84,0.94,0.93,0.795,0.945,0.935,0.975,1.005,1.095,1.22,1.175,1.02,1.465,1.47,1.435,1.32,1.48,1.465,1.67,1.62,2.05,2.15,2.19,1.855,1.67,1.655,1.62,1.705,1.56,1.685,1.455,1.765,1.695,1.955,2.2,2.24,2.64,2.45,2.35,2.32,2.42,2.14,2.18,1.98,1.66,1.705,1.49,1.33,1.185
LU7,24/07/2026,0.0055,0.0055,0.0055,0.0055,86204,0.007,0.0065,0.006,0.012,0.014,0.011,0.015,0.011,0.012,0.013,0.013,0.015,0.017,0.016,0.014,0.013,0.012,0.011,0.012,0.0115,0.01,0.011,0.012,0.012,0.013,0.014,0.013,0.011,0.011,0.011,0.011,0.012,0.011,0.01,0.009,0.008,0.008,0.008,0.01,0.01,0.008,0.008,0.009,0.008,0.009,0.008,0.008,0.007,0.006,0.006,0.005,0.006,0.0055
LU7OB,24/07/2026,0.003,0.003,0.003,0.003,0,0,0,0,0,0,0,0,0.007,0.006,0.007,0.007,0.008,0.01,0.007,0.006,0.006,0.006,0.006,0.006,0.006,0.005,0.005,0,0.006,0.006,0.007,0.006,0.006,0.008,0.006,0.005,0.005,0.005,0.005,0.004,0.004,0,0,0.004,0.006,0.006,0.005,0.005,0.005,0.005,0.004,0.004,0.003,0.003,0.003,0,0.003,0.003
LUX,24/07/2026,0.295,0.305,0.295,0.3,426286,0,0,0,0,0,0,0,0,0,0,0,0,0,0,0,0,0,0,0,0,0,0,0,0,0,0,0,0,0,0,0,0,0,0,0,0,0,0,0,0,0,0,0,0,0,0,0,0,0,0,0,0.315,0.3
LVE,24/07/2026,0.09,0.09,0.09,0.09,0,0.115,0.12,0.11,0.115,0.115,0.125,0.125,0.13,0.13,0.13,0.135,0.135,0.135,0.115,0.1,0.115,0.115,0.115,0.115,0.115,0.115,0.115,0.115,0.089,0.09,0.09,0.09,0.09,0.09,0.09,0.09,0.105,0.12,0.12,0.12,0.12,0.115,0,0.12,0.115,0.115,0.115,0.105,0.105,0.105,0.11,0.11,0.105,0.105,0.105,0.105,0.105,0.09
LYC,24/07/2026,15,15.06,14.69,14.79,5172508,10.73,10.81,12.62,14.49,14.31,13.87,14.35,14.41,14.63,16.9,18.06,19.81,19.24,18.82,15.25,13.52,14.18,14.7,14.47,14.14,12.85,12.19,12.57,12.22,14.1,15.48,16.86,14.9,14.27,15.97,15.68,18.98,18.33,20.7,19.54,20.08,19.41,21.77,20.7,18.22,19.14,19.44,17.95,18.86,19.19,18.16,17.77,18.18,18.54,18.22,16.63,15.89,14.79
LYL,24/07/2026,18.99,18.99,18.47,18.67,10233,11.73,11.32,11.76,12.17,12.12,11.89,12.5,12.13,12.01,11.77,12.2,12.4,12.41,12.88,12.6,12.26,13.11,12.82,12.87,13.07,13.35,13.46,14.06,14.11,14.72,15.48,15.05,15.7,15.5,14.84,14.85,14.33,13.69,14,13.7,13.22,13.31,13.24,12.76,12.8,12.75,13.19,12.8,12.9,14.82,16.05,15.62,18.46,18.15,17.34,18.88,18.41,18.67
M24,24/07/2026,0.018,0.018,0.018,0.018,0,0.015,0.014,0.013,0.013,0.014,0.016,0.015,0.017,0.018,0.016,0.02,0.019,0.02,0.018,0.018,0.016,0.017,0.016,0.016,0.015,0.015,0.015,0.015,0.015,0.017,0.025,0.027,0.04,0.027,0.029,0.028,0.028,0.025,0.021,0.02,0.018,0.019,0,0.022,0.023,0.024,0.023,0.02,0.017,0.022,0.018,0.015,0.015,0.014,0.019,0.019,0.018,0.018
M2M,24/07/2026,0.006,0.006,0.006,0.006,10000,0.025,0.023,0.023,0.021,0.0225,0.022,0.019,0.021,0.021,0.024,0.023,0.021,0.022,0.0205,0.017,0.015,0.015,0.017,0.012,0.013,0.012,0.0125,0.013,0.014,0.014,0.017,0.017,0.016,0.015,0.014,0.014,0.014,0.012,0.011,0.011,0.01,0.012,0.011,0.011,0.01,0.009,0.006,0.005,0.007,0.005,0.006,0.006,0.007,0.008,0.008,0.008,0.007,0.006
M2MOA,24/07/2026,0.002,0.002,0.002,0.002,0,0,0,0,0,0,0,0,0,0,0,0,0,0,0,0,0,0,0,0.004,0.003,0.003,0.003,0,0.003,0.005,0.004,0.004,0.004,0.004,0.004,0.004,0.004,0.004,0.003,0.003,0.002,0,0,0.002,0.002,0.002,0.002,0.001,0.001,0.001,0.002,0.002,0.002,0.002,0.001,0,0.002,0.002
M2R,24/07/2026,0.002,0.0025,0.002,0.0025,7373224,0.004,0.004,0.004,0.004,0.003,0.003,0.003,0.0025,0.0025,0.003,0.003,0.0035,0.0035,0.0035,0.003,0.002,0.003,0.003,0.003,0.0025,0.003,0.003,0.003,0.003,0.003,0.003,0.004,0.005,0.003,0.004,0.0045,0.0045,0.003,0.003,0.003,0.003,0.0025,0.003,0.003,0.003,0.003,0.0025,0.003,0.0025,0.003,0.003,0.0025,0.0025,0.0025,0.003,0.003,0.003,0.0025
M2ROA,24/07/2026,0.001,0.001,0.001,0.001,0,0.002,0.001,0.001,0.001,0.001,0.001,0.001,0.001,0.001,0.001,0.001,0.001,0.001,0.001,0.001,0.001,0.001,0.001,0.001,0.001,0.001,0.001,0,0.001,0.001,0.001,0.001,0.001,0.001,0.0015,0.001,0.002,0.001,0.001,0.001,0.001,0,0,0.001,0.001,0.001,0.001,0.001,0.001,0.001,0.001,0.001,0.001,0.001,0.001,0,0.001,0.001
M3M,24/07/2026,0.024,0.024,0.024,0.024,0,0.027,0.027,0.03,0.03,0.033,0.036,0.032,0.028,0.026,0.034,0.033,0.038,0.045,0.046,0.039,0.031,0.034,0.03,0.029,0.027,0.029,0.028,0.027,0.03,0.029,0.035,0.037,0.032,0.03,0.029,0.03,0.029,0.029,0.028,0.027,0.024,0.022,0,0.023,0.024,0.026,0.026,0.026,0.027,0.027,0.03,0.024,0.024,0.025,0.027,0.029,0.025,0.024
M4M,24/07/2026,0.007,0.007,0.007,0.007,200000,0.006,0.006,0.007,0.007,0.007,0.0075,0.007,0.0075,0.006,0.007,0.008,0.008,0.008,0.007,0.007,0.007,0.0065,0.006,0.006,0.007,0.007,0.007,0.007,0.008,0.009,0.009,0.01,0.008,0.008,0.008,0.007,0.007,0.0065,0.007,0.006,0.006,0.0065,0.0055,0.007,0.007,0.007,0.006,0.006,0.006,0.006,0.008,0.008,0.007,0.006,0.006,0.0065,0.007,0.007
M79,24/07/2026,0.044,0.044,0.041,0.041,1056290,0,0,0,0.12,0.099,0.12,0.11,0.105,0.11,0.135,0.145,0.17,0.175,0.13,0.12,0.14,0.14,0.13,0.125,0.125,0.12,0.12,0.115,0.115,0.115,0.115,0.145,0.135,0.078,0.08,0.082,0.085,0.082,0.076,0.055,0.05,0.047,0.047,0.045,0.073,0.074,0.072,0.063,0.058,0.054,0.054,0.043,0.04,0.034,0.045,0.042,0.041,0.041
M7T,24/07/2026,0.305,0.305,0.295,0.295,72344,0.425,0.37,0.38,0.355,0.34,0.315,0.315,0.29,0.29,0.315,0.315,0.295,0.295,0.295,0.3,0.305,0.315,0.365,0.45,0.505,0.58,0.565,0.54,0.675,0.615,0.59,0.45,0.415,0.36,0.355,0.355,0.335,0.315,0.29,0.265,0.26,0.315,0.31,0.29,0.28,0.265,0.275,0.29,0.325,0.33,0.32,0.3,0.315,0.295,0.295,0.31,0.305,0.295
M96,24/07/2026,0.007,0.008,0.007,0.007,830123,0,0,0,0,0,0,0,0,0,0,0,0,0,0,0,0,0,0,0,0,0,0,0,0,0,0,0,0,0,0,0,0,0,0,0,0,0,0,0,0,0,0,0,0,0,0,0,0,0.009,0.01,0.009,0.008,0.007
MA1,24/07/2026,1.995,2.01,1.99,1.99,222567,2.04,2.04,2.03,2.03,2.06,2.03,2.03,2.02,2,2.02,2,2,1.99,1.995,1.995,2.01,1.99,2.01,2,1.975,1.99,2,2.01,2.01,2,2.02,2.03,2.01,2.01,2,2.01,2,2,1.97,1.965,1.95,1.95,1.95,1.955,1.975,1.97,1.985,1.945,1.975,1.99,1.97,1.985,1.955,1.97,1.995,2.01,1.99,1.99
MA2HA,24/07/2026,96.86,97.69,96.5,97.69,1370,0,0,0,0,0,0,0,0,0,0,0,0,0,0,0,0,0,0,0,0,0,100.58,0,100,99.9,100.3,99.95,99.95,100.1,100.1,99.89,99.8,99.8,98.2,99.25,98.85,0,0,96,96.65,97.07,98.95,97,96.99,96,95.65,95.3,94.62,94,96.95,0,96.8,97.69
MAD,24/07/2026,7.45,7.49,7.25,7.33,56518,7.27,7.15,7.81,7.91,8.23,8.44,8.43,8.4,8.01,8.23,8.56,8.42,8.34,9.63,8.87,8.39,8.62,7.94,8.1,7.77,7.51,7.6,7.65,7.52,7.47,7.77,8.44,8.21,7.73,8.51,8.67,8.33,8.16,7.4,7.37,7.66,8.19,7.85,8.12,7.81,7.86,7.7,8.3,8.32,8.37,8.51,8.23,8.15,7.75,8.19,7.98,7.46,7.33
MAET,24/07/2026,5.49,5.49,5.42,5.44,285166,6.09,6.16,6.12,6.18,6.1,6.14,6.12,6.22,6.3,6.22,6.34,6.5,6.34,6.42,6.6,6.39,6.28,6.14,6.24,6.25,6.28,6.2,6.27,6.27,6.33,6.39,6.24,6.23,5.99,6.05,6.18,6.16,6.04,5.955,5.92,5.86,5.93,6.17,6.19,6.43,6.46,6.69,6.84,6.83,6.95,6.97,6.84,7.15,7.05,5.79,5.62,5.37,5.44
MAF,24/07/2026,6.07,6.07,5.71,5.72,658880,7.91,8.06,7.93,8.49,9.22,9.67,9.15,9.52,9.6,9.18,9.11,9.18,8.89,9.38,9.61,9.01,9.46,9.17,9.66,9.8,10.49,10.82,10.96,11.05,10.87,10.76,11.33,10.37,9.73,10.16,9.08,9.24,8.18,7.15,6.77,7.19,7.01,7.27,7.12,6.87,7.05,6.9,6.55,6.44,6.43,6,5.97,6.62,5.95,6.3,6.42,6.32,5.72
MAG,24/07/2026,0.026,0.027,0.026,0.027,28757,0.05,0.052,0.05,0.045,0.05,0.049,0.05,0.046,0.062,0.052,0.056,0.074,0.072,0.064,0.06,0.06,0.061,0.059,0.055,0.059,0.055,0.056,0.056,0.05,0.054,0.056,0.055,0.058,0.049,0.045,0.042,0.043,0.038,0.038,0.034,0.031,0.033,0.03,0.031,0.031,0.028,0.03,0.028,0.029,0.035,0.04,0.032,0.03,0.025,0.029,0.029,0.03,0.027
MAH,24/07/2026,0.985,0.985,0.935,0.95,1949061,0.3,0.31,0.365,0.37,0.43,0.435,0.435,0.42,0.41,0.415,0.425,0.48,0.475,0.475,0.47,0.475,0.525,0.535,0.58,0.575,0.57,0.645,0.665,0.665,0.725,0.715,0.69,0.655,0.635,0.635,0.77,0.745,0.64,0.64,0.63,0.71,0.73,0.855,0.85,0.79,0.74,0.775,0.865,0.87,1.005,0.925,0.92,0.96,0.96,0.875,0.905,0.86,0.95
MAM,24/07/2026,0.43,0.44,0.41,0.41,112438,0.5,0.58,0.57,0.6,0.61,0.605,0.59,0.555,0.545,0.56,0.56,0.565,0.57,0.55,0.55,0.53,0.53,0.545,0.555,0.595,0.605,0.585,0.61,0.6,0.595,0.62,0.59,0.58,0.535,0.51,0.52,0.49,0.49,0.49,0.47,0.465,0.44,0,0.46,0.44,0.43,0.415,0.41,0.4,0.41,0.41,0.415,0.42,0.395,0.435,0.425,0.435,0.41
MAN,24/07/2026,0.021,0.021,0.021,0.021,90455,0.022,0.022,0.022,0.021,0.023,0.022,0.023,0.022,0.023,0.023,0.022,0.0235,0.024,0.025,0.023,0.024,0.026,0.022,0.024,0.023,0.022,0.021,0.021,0.0225,0.023,0.023,0.026,0.023,0.022,0.025,0.025,0.024,0.023,0.024,0.022,0.021,0.021,0.022,0.023,0.023,0.021,0.021,0.022,0.02,0.02,0.021,0.021,0.022,0.021,0.021,0.021,0.021,0.021
MAP,24/07/2026,0.045,0.045,0.045,0.045,0,0.096,0.089,0.091,0.086,0.096,0.094,0.09,0.086,0.084,0.081,0.082,0.083,0.082,0.082,0.079,0.07,0.072,0.072,0.074,0.075,0.075,0.07,0.071,0.077,0.075,0.09,0.099,0.089,0.085,0.085,0.085,0.085,0.082,0.08,0.078,0.075,0.068,0.071,0.075,0.072,0.076,0.0805,0.077,0.07,0.067,0.063,0.046,0.037,0.04,0.039,0.041,0.044,0.045
MAQ,24/07/2026,65,65,63.71,63.87,35332,68.79,68.79,69.62,68.29,66.11,61.1,59.51,61.7,65.07,64.16,67.38,67.77,65,65.12,66.2,65.56,61.22,61.08,67.72,62.77,63.9,65.91,68.91,68.41,69.05,69.51,70.39,70.02,61.73,63.75,67.19,67.89,63.01,65.2,63.5,61.54,60.67,66.6,67.66,71,69.8,75.57,76.1,74.94,74.7,77.87,75,76,67.69,65.31,65.68,64.08,63.87
MAT,24/07/2026,0.061,0.062,0.061,0.061,265835,0.078,0.072,0.078,0.073,0.075,0.075,0.094,0.13,0.115,0.115,0.105,0.11,0.13,0.11,0.105,0.096,0.105,0.1,0.12,0.12,0.125,0.115,0.13,0.13,0.13,0.135,0.15,0.135,0.11,0.125,0.12,0.12,0.11,0.093,0.083,0.085,0.092,0.094,0.09,0.085,0.067,0.088,0.085,0.072,0.08,0.071,0.062,0.069,0.059,0.067,0.07,0.061,0.061
MAY,24/07/2026,0.0045,0.0045,0.0045,0.0045,127500,0.026,0.023,0.022,0.022,0.019,0.016,0.018,0.017,0.016,0.019,0.018,0.017,0.0175,0.017,0.015,0.008,0.01,0.01,0.012,0.009,0.009,0.008,0.009,0.009,0.009,0.01,0.01,0.009,0.009,0.008,0.008,0.008,0.008,0.008,0.007,0.007,0.007,0.007,0.008,0.009,0.009,0.008,0.0075,0.007,0.0065,0.0065,0.006,0.005,0.004,0.005,0.005,0.005,0.0045
MAYOA,24/07/2026,0.001,0.001,0.001,0.001,0,0,0,0,0,0,0,0,0,0,0,0,0,0,0,0,0,0,0,0,0,0,0,0,0,0,0.003,0.003,0.003,0.003,0.003,0.003,0.003,0.002,0.003,0.003,0.002,0,0,0.003,0.003,0.002,0.002,0.002,0.002,0.002,0.002,0.002,0.001,0.001,0.001,0,0.001,0.001
MBG,24/07/2026,0.135,0.135,0.135,0.135,0,0,0,0,0,0,0,0,0,0,0,0,0,0,0,0,0,0,0,0,0,0,0,0,0,0,0,0,0,0.235,0.24,0.225,0.225,0.205,0.19,0.185,0.16,0.175,0,0.17,0.195,0.205,0.205,0.2,0.195,0.19,0.185,0.175,0.175,0.16,0.15,0.14,0.15,0.135
MBH,24/07/2026,0.073,0.073,0.07,0.073,149990,0.063,0.064,0.06,0.055,0.058,0.0645,0.064,0.062,0.062,0.059,0.057,0.06,0.069,0.077,0.09,0.086,0.088,0.098,0.11,0.105,0.096,0.085,0.097,0.096,0.092,0.093,0.095,0.09,0.081,0.077,0.08,0.082,0.082,0.081,0.084,0.08,0.08,0.07,0.08,0.083,0.0805,0.08,0.08,0.074,0.078,0.07,0.07,0.07,0.07,0.071,0.071,0.078,0.073
MBK,24/07/2026,0.012,0.012,0.011,0.011,248242,0.011,0.012,0.011,0.01,0.013,0.014,0.015,0.018,0.017,0.015,0.019,0.018,0.016,0.016,0.016,0.0165,0.015,0.019,0.018,0.02,0.024,0.019,0.02,0.025,0.029,0.027,0.0255,0.029,0.027,0.027,0.027,0.026,0.024,0.026,0.02,0.02,0.023,0.021,0.02,0.018,0.018,0.015,0.016,0.014,0.016,0.015,0.014,0.013,0.013,0.013,0.012,0.01,0.011
MBLPC,24/07/2026,101.69,101.84,101.65,101.84,4849,101.98,101.69,102.15,102.39,102.1,102.38,100.53,100.88,100.531,100.66,100.38,100.42,100.49,100.61,100.72,100.84,101.54,103,103.25,102.6,103.7,102.55,102.98,103.16,103.55,103.41,103.5,103.5,103.99,104,103.551,103.91,101.96,101.9,101.5,101.2,101.85,102.3,102.2,102.32,102.52,101.46,102.2,102.7,103.3,100.78,100.51,101.4,101.18,101.7,101.6,101.68,101.84
MBLPD,24/07/2026,103.91,104.24,103.9,103.9,1656,102.5,103.12,103.29,103.89,103.55,104.27,102.43,102.65,102.66,103,103.11,103.36,103.2,103.449,103.3,103.65,103.415,101.91,102.38,102.05,102.3,103.49,103.75,103.74,103.5,103.2,103.03,103.3,103.49,103.65,102.33,102.9,103.4,102.46,102.88,102.26,101.91,101.71,102.29,102.26,102.9,102.6,102.87,102.5,102.41,102.5,102.01,103.3,103.101,103.24,103.69,103.38,103.9
MC2,24/07/2026,7.51,7.51,7.34,7.51,11603,0,0,0,0,0,0,0,10.24,10,11.3,12.51,13,12.3,12.3,11.51,11.98,12.5,12.25,12.25,12.25,12.25,12.25,12.25,12.25,13,12.75,13,12.75,12.49,11.55,10.11,10.65,10.35,9.61,8.11,8.3,8.54,8.94,9.19,8.85,7.925,8.11,9.11,7.86,7.86,7.85,7.9,8.4,7.35,8.18,7.51,7.56,7.51
MCA,24/07/2026,0.15,0.15,0.145,0.145,99116,1.025,1.1,1.1,1.13,1.1,1.1,1.1,0.9725,1.03,1.08,1.11,1.085,1.005,1.03,1.085,1.075,1.055,1.05,1.035,1.05,1,0.95,1.01,1.05,1.005,1.005,1,0.76,0.6125,0.605,0.53,0.51,0.48,0.43,0.5,0.49,0.45,0.315,0.29,0.28,0.2625,0.165,0.175,0.16,0.165,0.155,0.15,0.145,0.135,0.145,0.16,0.16,0.145
MCCL,24/07/2026,18.05,18.05,17.93,17.97,77603,16.86,17.14,16.86,16.96,16.91,16.72,16.27,16.32,16.76,16.85,17.66,17.8,17.97,17.8,18.13,17.68,17.39,17.44,17.82,17.94,18.14,17.57,17.61,17.56,17.5,18.05,17.8,17.92,17.55,18.5,19.04,19.06,18.76,18.71,18.72,18.87,19.18,19.9,19.77,21.15,21.14,20.76,21.54,21.12,21.42,21.9,21.19,22.29,22.3,18.99,18.37,17.71,17.97
MCE,24/07/2026,0.3975,0.3975,0.3975,0.3975,0,0.25,0.295,0.295,0.285,0.265,0.2225,0.23,0.23,0.27,0.245,0.26,0.26,0.255,0.265,0.26,0.26,0.23,0.21,0.23,0.25,0.245,0.28,0.25,0.26,0.25,0.245,0.25,0.245,0.21,0.245,0.255,0.245,0.23,0.24,0.24,0.25,0.36,0.365,0.37,0.39,0.3925,0.3925,0.39,0.39,0.39,0.39,0.39,0.4,0.395,0.395,0.3975,0.3975,0.3975
MCGG,24/07/2026,14.7,14.72,14.6,14.64,35819,14.71,15.04,14.85,15.06,14.94,14.95,14.94,15.06,15.22,15.2,15.55,15.77,15.61,15.75,16.08,15.57,15.31,14.91,15.28,15.28,15.36,15.14,15.26,15.18,15.37,15.5,14.88,14.69,14.25,14.4,14.79,14.67,14.4,14.29,14.01,14.22,14.44,14.97,14.98,15.48,15.55,15.98,16.34,16.38,16.7,16.79,16.69,17.23,17.19,15.58,15.21,14.43,14.64
MCM,24/07/2026,0.275,0.275,0.275,0.275,0,0.11,0.11,0.115,0.105,0.135,0.13,0.135,0.135,0.12,0.125,0.135,0.13,0.13,0.215,0.215,0.245,0.255,0.25,0.23,0.195,0.24,0.215,0.2,0.2,0.22,0.22,0.225,0.22,0.22,0.225,0.225,0.255,0.26,0.32,0.315,0.315,0.34,0.3,0.315,0.31,0.305,0.295,0.315,0.315,0.31,0.3,0.295,0.295,0.275,0.27,0.27,0.27,0.275
MCO,24/07/2026,0.021,0.021,0.02,0.02,42928,0.015,0.015,0.015,0.016,0.016,0.015,0.015,0.015,0.016,0.017,0.016,0.014,0.015,0.015,0.014,0.014,0.014,0.014,0.013,0.013,0.014,0.013,0.012,0.012,0.015,0.017,0.02,0.019,0.017,0.015,0.015,0.014,0.014,0.012,0.014,0.012,0.011,0,0.012,0.012,0.013,0.01,0.015,0.025,0.022,0.022,0.02,0.016,0.015,0.016,0.02,0.02,0.02
MCP,24/07/2026,0.15,0.15,0.15,0.15,4000,0.33,0.31,0.315,0.325,0.305,0.255,0.265,0.25,0.26,0.27,0.275,0.26,0.265,0.245,0.255,0.235,0.22,0.225,0.22,0.225,0.235,0.245,0.235,0.245,0.24,0.23,0.22,0.21,0.19,0.18,0.195,0.19,0.18,0.18,0.18,0.17,0.18,0.17,0.165,0.15,0.15,0.1375,0.135,0.13,0.13,0.13,0.115,0.145,0.1375,0.14,0.155,0.14,0.15
MCY,24/07/2026,5.61,5.69,5.56,5.56,2863,5.64,5.75,5.69,5.71,6,5.92,6.01,6.01,5.69,5.7,5.94,5.75,5.77,5.7,5.73,5.62,5.6,5.52,5.53,5.63,5.6,5.46,5.58,5.63,5.61,5.5,5.5,5.44,5.51,5.36,5.17,5.38,5.515,5.25,5.42,5.49,5.16,5.31,5.41,5.46,5.555,5.52,5.79,5.54,5.87,5.72,5.6,5.69,5.45,5.44,5.6,5.79,5.56
MDI,24/07/2026,0.014,0.014,0.014,0.014,0,0.02,0.017,0.019,0.021,0.018,0.02,0.046,0.039,0.043,0.047,0.04,0.044,0.046,0.039,0.03,0.031,0.036,0.03,0.028,0.026,0.026,0.03,0.031,0.041,0.041,0.042,0.037,0.04,0.044,0.043,0.061,0.051,0.042,0.038,0.032,0.025,0.027,0.028,0.029,0.024,0.024,0.021,0.022,0.021,0.021,0.017,0.014,0.014,0.013,0.017,0.017,0.017,0.014
MDX,24/07/2026,0.018,0.018,0.018,0.018,0,0.059,0.059,0.057,0.058,0.055,0.051,0.053,0.05,0.063,0.055,0.055,0.054,0.0535,0.054,0.049,0.0485,0.045,0.044,0.046,0.046,0.044,0.042,0.045,0.041,0.04,0.043,0.039,0.039,0.04,0.038,0.038,0.038,0.034,0.031,0.031,0.03,0.03,0,0.03,0.03,0.022,0.018,0.018,0.018,0.019,0.019,0.019,0.02,0.018,0.019,0.019,0.021,0.018
MEC,24/07/2026,1.265,1.27,1.265,1.27,400,1.13,1.15,1.135,1.15,1.155,1.18,1.175,1.14,1.14,1.165,1.175,1.185,1.195,1.18,1.175,1.165,1.18,1.18,1.16,1.14,1.165,1.09,1.11,1.165,1.18,1.2,1.18,1.1625,1.145,1.125,1.195,1.195,1.2,1.145,1.13,1.125,1.13,0,1.21,1.21,1.22,1.225,1.315,1.31,1.295,1.305,1.325,1.32,1.36,1.35,1.35,1.245,1.27
MEG,24/07/2026,0.019,0.019,0.019,0.019,0,0.04,0.04,0.034,0.031,0.031,0.031,0.03,0.022,0.024,0.022,0.036,0.033,0.037,0.033,0.031,0.03,0.027,0.028,0.027,0.031,0.03,0.032,0.029,0.028,0.032,0.04,0.038,0.036,0.029,0.029,0.028,0.033,0.026,0.022,0.021,0.018,0.02,0,0.02,0.018,0.02,0.019,0.019,0.017,0.017,0.018,0.017,0.017,0.017,0.016,0.017,0.018,0.019
MEI,24/07/2026,0.185,0.185,0.175,0.18,8971666,0.155,0.125,0.15,0.15,0.135,0.14,0.14,0.125,0.14,0.15,0.16,0.2,0.215,0.23,0.2,0.185,0.18,0.16,0.16,0.15,0.145,0.14,0.18,0.17,0.19,0.215,0.25,0.22,0.18,0.2,0.19,0.215,0.2,0.205,0.165,0.16,0.165,0.17,0.17,0.19,0.205,0.205,0.2,0.185,0.18,0.17,0.17,0.155,0.15,0.16,0.18,0.155,0.18
MEK,24/07/2026,0.094,0.094,0.089,0.091,23210989,0.14,0.135,0.155,0.145,0.14,0.145,0.18,0.185,0.2,0.21,0.215,0.2,0.235,0.195,0.205,0.205,0.24,0.215,0.265,0.24,0.255,0.265,0.275,0.27,0.275,0.26,0.285,0.235,0.205,0.225,0.225,0.235,0.23,0.17,0.16,0.165,0.17,0.16,0.155,0.135,0.135,0.14,0.13,0.115,0.12,0.12,0.11,0.105,0.097,0.115,0.11,0.09,0.091
MEL,24/07/2026,0.012,0.012,0.012,0.012,52030,0.002,0.003,0.003,0.003,0.003,0.002,0.002,0.0025,0.002,0.003,0.0025,0.002,0.0025,0.0025,0.002,0.002,0.002,0.001,0,0,0.03,0.028,0.026,0.027,0.028,0.028,0.029,0.028,0.026,0.023,0.024,0.022,0.021,0.021,0.018,0.02,0.02,0,0.016,0.014,0.014,0.014,0.015,0.014,0.013,0.014,0.014,0.013,0.014,0.012,0.012,0.012,0.012
MEM,24/07/2026,0.007,0.007,0.007,0.007,1316667,0.005,0.004,0.004,0.0035,0.004,0.004,0.0035,0.0045,0.0045,0.005,0.004,0.004,0.004,0.004,0.004,0.004,0.004,0.004,0.004,0.004,0.004,0.005,0.005,0.007,0.006,0.006,0.006,0.005,0.006,0.0065,0.0065,0.006,0.006,0.0055,0.005,0.005,0.0045,0.006,0.005,0.006,0.005,0.005,0.005,0.005,0.005,0.0055,0.006,0.006,0.007,0.008,0.007,0.008,0.007
MEU,24/07/2026,0.085,0.085,0.079,0.079,737711,0.038,0.037,0.038,0.043,0.039,0.038,0.0415,0.05,0.051,0.053,0.051,0.068,0.077,0.066,0.064,0.061,0.066,0.073,0.072,0.071,0.12,0.11,0.12,0.145,0.15,0.155,0.17,0.15,0.15,0.145,0.135,0.145,0.13,0.125,0.1,0.1,0.105,0.115,0.115,0.11,0.11,0.115,0.105,0.1,0.1,0.096,0.087,0.086,0.079,0.0815,0.078,0.074,0.079
MEX,24/07/2026,0.05,0.051,0.05,0.051,189073,0,0,0,0,0,0,0,0,0,0,0,0,0,0,0,0,0,0,0,0.18,0.18,0.16,0.18,0.185,0.2,0.225,0.24,0.22,0.195,0.17,0.155,0.16,0.14,0.125,0.11,0.115,0.105,0.105,0.11,0.095,0.087,0.088,0.085,0.078,0.057,0.058,0.062,0.062,0.058,0.058,0.06,0.052,0.051
MEZ,24/07/2026,4.84,4.84,4.7,4.71,10237,5.27,5.28,5.15,5.06,5.08,5.01,5.15,5.13,4.97,5.11,5.2,5.08,5.3,5.28,5.13,5.015,5.14,4.92,5,4.89,4.8,4.8,4.82,4.89,4.88,4.8,4.91,4.86,4.82,4.91,4.81,4.65,4.71,4.45,4.52,4.58,4.47,4.64,4.64,4.72,4.7,4.84,4.83,4.85,4.79,4.81,4.78,4.83,4.64,4.71,4.65,4.7,4.71
MFD,24/07/2026,0.14,0.14,0.13,0.135,9407,0.325,0.355,0.36,0.385,0.37,0.36,0.365,0.385,0.345,0.34,0.395,0.4,0.38,0.365,0.465,0.485,0.485,0.485,0.485,0.48,0.485,0.48,0.48,0.49,0.495,0.485,0.49,0.525,0.51,0.51,0.51,0.495,0.42,0.345,0.355,0.37,0.34,0,0.37,0.345,0.325,0.315,0.315,0.315,0.265,0.27,0.27,0.26,0.14,0.185,0.19,0.15,0.135
MFF,24/07/2026,5.21,5.25,5.18,5.18,358425,4.48,4.54,4.48,4.58,4.64,4.72,4.76,4.75,4.84,4.83,4.84,4.73,4.55,4.7,4.77,4.79,4.75,4.66,4.78,4.84,4.86,5,5.01,4.95,5.04,4.92,4.88,4.86,4.67,4.65,4.77,4.88,4.72,4.56,4.4,4.58,4.58,4.68,4.79,4.53,4.72,4.81,4.94,4.98,4.91,5.04,5.01,5.1,5.07,5.21,5.18,5.17,5.18
MFG,24/07/2026,9.76,9.79,9.57,9.68,442668,10.43,10.56,10.53,10.94,11.05,10.22,10.33,10.62,9.88,9.5,10.06,10.4,10.22,10.06,9.62,9.35,9.27,9.25,9.51,9.58,9.56,9.48,10.05,9.91,9.04,9.21,9.02,8.73,8.41,8.06,9.35,8.46,11.55,10.12,10.03,9.69,9.53,9.45,9.58,9.83,10.27,8.9,8.6,8.63,8.45,8.67,9.52,10.12,9.63,10.63,9.93,9.7,9.68
MFGO,24/07/2026,0.012,0.012,0.012,0.012,153,0.046,0.045,0.045,0.046,0.055,0.047,0.047,0.046,0.046,0.044,0.044,0.042,0.045,0.045,0.045,0.043,0.043,0.042,0.042,0.036,0.021,0.011,0,0.024,0.024,0.02,0.02,0.02,0.017,0.015,0.014,0.014,0.032,0.023,0.03,0.026,0,0,0.023,0.027,0.021,0.022,0.02,0.02,0.021,0.01,0.009,0.009,0.008,0.01,0,0.01,0.012
MFOA,24/07/2026,10.04,10.04,9.98,9.98,17,11.19,11.13,11.23,11.4,11.32,11.39,11.38,11.37,11.35,11.37,11.57,11.46,11.5,11.52,11.41,11.4,11.24,11.14,11.32,11.26,11.41,11.3,11.49,11.34,11.37,11.46,11.5,11.5,11.36,11.5,11.6,11.77,11.6,11.45,11.23,11.29,11.38,11.55,11.54,11.5,11.49,11.47,11.43,11.41,11.38,11.4,11.45,11.35,11.19,9.85,9.89,9.85,9.98
MGA,24/07/2026,0.098,0.098,0.094,0.094,368,0.059,0.06,0.06,0.066,0.061,0.058,0.065,0.062,0.061,0.061,0.059,0.061,0.061,0.059,0.063,0.065,0.065,0.065,0.063,0.081,0.072,0.089,0.083,0.083,0.09,0.086,0.091,0.085,0.09,0.12,0.13,0.13,0.12,0.115,0.11,0.1,0.115,0,0.11,0.11,0.099,0.099,0.099,0.1,0.11,0.094,0.089,0.089,0.091,0.092,0.105,0.105,0.094
MGAO,24/07/2026,0.016,0.016,0.016,0.016,0,0.006,0.006,0.006,0.005,0.005,0.004,0.004,0.004,0.004,0.004,0.007,0.007,0.007,0.007,0.007,0.003,0.003,0.003,0.003,0.006,0.007,0.007,0,0.01,0.007,0.007,0.007,0.009,0.008,0.039,0.039,0.029,0.029,0.027,0.027,0.02,0,0,0.02,0.02,0.016,0.016,0.016,0.016,0.016,0.016,0.016,0.016,0.016,0.016,0,0.016,0.016
MGH,24/07/2026,5.4,5.43,5.29,5.32,1455185,4.02,4.03,4.35,4.24,4.45,4.47,4.55,4.4,4.33,4.28,4.48,4.58,4.7,4.56,4.75,4.37,4.27,4.24,4.54,4.52,4.49,4.87,5.4,5.55,5.81,5.61,5.5,5.46,4.2,4.26,4.22,4.78,4.96,4.95,4.95,4.48,4.02,4.3,4.77,4.69,4.43,4.74,4.94,4.95,5.1,5.32,5.29,5.36,5.2,5.34,5.57,5.63,5.32
MGL,24/07/2026,0.205,0.205,0.205,0.205,0,0.2,0.19,0.185,0.23,0.2,0.245,0.2,0.2,0.22,0.23,0.245,0.205,0.215,0.21,0.2,0.2,0.22,0.2,0.2,0.21,0.21,0.235,0.235,0.23,0.235,0.215,0.23,0.21,0.205,0.205,0.205,0.255,0.245,0.22,0.245,0.22,0.22,0.23,0.225,0.22,0.215,0.22,0.245,0.255,0.245,0.245,0.22,0.23,0.19,0.2,0.2,0.2,0.205
MGR,24/07/2026,1.695,1.705,1.68,1.695,4906673,2.21,2.24,2.3,2.29,2.38,2.36,2.34,2.37,2.33,2.27,2.31,2.3,2.39,2.42,2.3,2.29,2.24,2.21,2.16,2.03,2.05,2.07,2.09,2.04,2.02,2.02,2,2,1.94,1.905,2,2.05,1.9,1.83,1.795,1.77,1.705,1.73,1.78,1.73,1.705,1.7,1.725,1.685,1.69,1.67,1.77,1.765,1.785,1.71,1.705,1.74,1.695
MGT,24/07/2026,0.018,0.018,0.018,0.018,58635,0.086,0.09,0.077,0.071,0.09,0.086,0.065,0.063,0.062,0.063,0.065,0.065,0.063,0.059,0.063,0.058,0.057,0.057,0.059,0.056,0.055,0.052,0.054,0.054,0.058,0.054,0.06,0.056,0.051,0.05,0.05,0.05,0.044,0.041,0.04,0.038,0.034,0.0325,0.031,0.03,0.027,0.026,0.029,0.031,0.027,0.025,0.025,0.025,0.019,0.021,0.019,0.018,0.018
MGTOA,24/07/2026,0.001,0.001,0.001,0.001,0,0.018,0.018,0.018,0.003,0.02,0.02,0.012,0.012,0.003,0.003,0.003,0.003,0.003,0.005,0.005,0.005,0.002,0.003,0.003,0.003,0.005,0.005,0,0.002,0.002,0.002,0.002,0.002,0.002,0.002,0.003,0.002,0.002,0.001,0.001,0.001,0,0,0.001,0.001,0.001,0.001,0.001,0.001,0.001,0.001,0.001,0.001,0.001,0.001,0,0.001,0.001
MGTOF,24/07/2026,0.002,0.002,0.002,0.002,0,0,0,0,0,0,0,0,0.012,0.012,0.012,0.014,0.013,0.012,0.011,0.01,0.011,0.012,0.009,0.01,0.01,0.008,0.008,0,0.009,0.009,0.007,0.008,0.009,0.01,0.008,0.008,0.008,0.005,0.005,0.004,0.003,0,0,0.002,0.002,0.002,0.002,0.003,0.003,0.002,0.002,0.002,0.003,0.002,0.002,0,0.002,0.002
MGTOG,24/07/2026,0.002,0.002,0.002,0.002,0,0,0,0,0,0,0,0,0,0,0,0,0,0,0,0,0,0,0,0,0,0,0,0,0,0,0,0,0,0,0,0,0,0,0,0,0,0,0,0.005,0.005,0.005,0.005,0.004,0.004,0.005,0.005,0.005,0.005,0.003,0.003,0,0.003,0.002
MGU,24/07/2026,0.007,0.007,0.0065,0.0065,1822617,0.007,0.009,0.008,0.008,0.0065,0.01,0.008,0.008,0.008,0.009,0.01,0.01,0.009,0.008,0.008,0.007,0.007,0.006,0.005,0.006,0.005,0.0055,0.005,0.005,0.006,0.006,0.005,0.006,0.005,0.005,0.006,0.005,0.005,0.005,0.005,0.005,0.005,0.007,0.007,0.0075,0.007,0.007,0.006,0.007,0.0055,0.007,0.005,0.005,0.005,0.0055,0.0065,0.006,0.0065
MGUOA,24/07/2026,0.002,0.002,0.002,0.002,0,0,0,0,0,0,0,0,0,0,0,0,0,0,0,0,0,0,0,0,0,0,0,0,0,0,0.002,0.001,0.001,0.001,0.002,0.002,0.002,0.002,0.001,0.001,0.002,0,0,0.002,0.002,0.002,0.0015,0.0015,0.002,0.001,0.002,0.002,0.001,0.001,0.001,0,0.002,0.002
MGX,24/07/2026,0.34,0.34,0.335,0.335,67185,0.375,0.39,0.385,0.395,0.355,0.385,0.38,0.38,0.36,0.375,0.415,0.435,0.47,0.345,0.36,0.37,0.36,0.355,0.39,0.38,0.41,0.425,0.435,0.45,0.455,0.46,0.48,0.49,0.435,0.44,0.43,0.475,0.435,0.42,0.37,0.365,0.4,0.4,0.41,0.39,0.4,0.385,0.35,0.36,0.355,0.345,0.335,0.355,0.345,0.345,0.335,0.33,0.335
MHC,24/07/2026,0.0235,0.027,0.023,0.023,1636423,0.024,0.026,0.024,0.023,0.023,0.022,0.021,0.02,0.022,0.022,0.026,0.025,0.026,0.025,0.028,0.025,0.026,0.023,0.023,0.026,0.025,0.025,0.027,0.028,0.029,0.027,0.026,0.026,0.025,0.024,0.024,0.026,0.028,0.028,0.024,0.022,0.022,0.024,0.023,0.021,0.024,0.024,0.025,0.021,0.023,0.022,0.023,0.023,0.02,0.023,0.02,0.021,0.023
MHJ,24/07/2026,0.32,0.325,0.32,0.325,2025,0.385,0.42,0.41,0.41,0.395,0.38,0.37,0.36,0.36,0.365,0.365,0.37,0.37,0.355,0.34,0.33,0.325,0.335,0.34,0.34,0.335,0.33,0.35,0.38,0.38,0.4,0.37,0.4,0.395,0.405,0.415,0.44,0.45,0.435,0.43,0.355,0.375,0.37,0.41,0.39,0.39,0.365,0.33,0.33,0.315,0.33,0.31,0.32,0.33,0.34,0.35,0.34,0.325
MHK,24/07/2026,0.07,0.07,0.07,0.07,0,0.38,0.175,0.175,0.175,0.175,0.15,0.15,0.135,0.145,0.15,0.13,0.125,0.13,0.12,0.125,0.125,0.135,0.12,0.125,0.11,0.11,0.105,0.1,0.11,0.115,0.115,0.135,0.11,0.087,0.085,0.092,0.085,0.081,0.08,0.078,0.085,0.085,0.09,0.082,0.089,0.077,0.078,0.071,0.063,0.06,0.063,0.061,0.065,0.048,0.049,0.069,0.071,0.07
MHM,24/07/2026,0.12,0.12,0.12,0.12,29639,0.165,0.16,0.165,0.155,0.17,0.155,0.15,0.155,0.15,0.18,0.17,0.2,0.2,0.215,0.19,0.175,0.19,0.165,0.16,0.17,0.155,0.17,0.175,0.175,0.18,0.17,0.22,0.205,0.19,0.2,0.185,0.19,0.18,0.18,0.15,0.16,0.16,0.155,0.165,0.145,0.125,0.14,0.135,0.12,0.14,0.135,0.13,0.12,0.115,0.13,0.145,0.12,0.12
MHMO,24/07/2026,0.03,0.03,0.03,0.03,0,0.034,0.034,0.04,0.04,0.04,0.04,0.04,0.04,0.04,0.04,0.04,0.04,0.06,0.06,0.06,0.07,0.065,0.065,0.065,0.052,0.06,0.06,0,0.06,0.06,0.05,0.085,0.078,0.078,0.078,0.051,0.078,0.06,0.057,0.05,0.057,0,0,0.058,0.058,0.058,0.058,0.058,0.058,0.04,0.04,0.04,0.04,0.03,0.03,0,0.03,0.03
MHOT,24/07/2026,120.35,120.62,120.35,120.57,504,134.01,131,130.27,132.55,131.06,133.09,132.26,133,133.55,131.28,135.8,135.47,134.18,138.5,136,134.41,135.85,132.26,139.83,141.36,143.6,140.79,142.92,142.2,145.44,146.62,146.44,142.48,141.39,144.99,145.11,144.69,141.76,134.05,133.92,130.78,130.01,134.34,137.26,136.31,136.27,137.87,134.29,138.16,138.01,139.67,139.41,137.91,139.71,123,122.7,124.15,120.57
MI6,24/07/2026,0.625,0.635,0.61,0.625,11646370,0.11,0.105,0.125,0.13,0.125,0.125,0.15,0.165,0.205,0.21,0.245,0.32,0.36,0.3,0.3,0.3,0.315,0.305,0.34,0.375,0.36,0.41,0.44,0.43,0.435,0.46,0.465,0.445,0.39,0.395,0.42,0.69,0.645,0.62,0.615,0.6,0.675,0.785,0.775,0.745,0.72,0.795,0.835,0.845,0.845,0.775,0.86,0.93,0.85,0.76,0.62,0.575,0.625
MICH,24/07/2026,3.12,3.13,3.12,3.12,241215,3.09,3.09,3.13,3.13,3.17,3.11,3.06,3.09,3.07,3.07,3.13,3.17,3.2,3.27,3.21,3.19,3.22,3.16,3.24,3.2,3.16,3.18,3.18,3.15,3.19,3.19,3.17,3.21,3.27,3.43,3.44,3.5,3.42,3.36,3.31,3.27,3.34,3.5,3.4,3.4,3.44,3.4,3.39,3.43,3.44,3.42,3.43,3.44,3.51,3.14,3.12,3.14,3.12
MIDS,24/07/2026,10.11,10.11,10.03,10.03,75951,0,0,0,0,0,0,0,0,0,0,0,0,0,0,0,0,8.78,8.7,9.08,9.19,9.33,9.36,9.38,9.41,9.69,9.89,9.85,9.79,9.37,9.46,9.57,9.7,9.4,8.99,8.77,9.07,9.18,9.41,9.65,9.61,9.66,9.86,9.77,9.85,9.96,9.95,10,10.2,10.23,10.6,10.5,10.18,10.03
MIN,24/07/2026,54.28,54.3,52.85,53.54,803840,32.32,29.86,33.98,36.64,35.69,37.4,37.1,37.45,38.86,41.29,40.6,44.14,41.77,44.94,48.4,42.56,50.74,48.84,49.08,50.15,52.03,52.65,55.98,55.44,57.09,59.78,62.3,57.15,51.81,52.2,51.25,60.98,55.2,57.48,51.69,56.69,52.68,57.98,63.54,59.37,66.7,69.55,64.77,69.66,73.47,67.57,68.18,69.15,63.14,65.07,59.7,56.78,53.54
MIO,24/07/2026,0.023,0.023,0.023,0.023,0,0.015,0.016,0.021,0.026,0.026,0.023,0.023,0.024,0.024,0.03,0.033,0.045,0.079,0.063,0.061,0.061,0.055,0.039,0.03,0.03,0.02,0.019,0.02,0.024,0.03,0.03,0.029,0.03,0.031,0.031,0.031,0.031,0.031,0.033,0.028,0.026,0.026,0.027,0.025,0.031,0.026,0.024,0.027,0.028,0.026,0.027,0.024,0.021,0.017,0.02,0.024,0.019,0.023
MIR,24/07/2026,2.68,2.68,2.66,2.67,155496,3.34,3.3,3.3,3.31,3.33,3.41,3.38,3.3,3.3,3.31,3.36,3.31,3.34,3.32,3.29,3.26,3.23,3.16,3.17,3.15,3.14,3.09,3.11,3.12,3.14,3.13,3.09,3.04,2.98,3.07,2.88,2.8,2.72,2.64,2.48,2.62,2.59,2.64,2.64,2.63,2.62,2.58,2.5,2.48,2.44,2.44,2.41,2.44,2.44,2.5,2.55,2.62,2.67
MKAX,24/07/2026,2.87,2.87,2.86,2.86,334,4.37,4.52,4.3,4.39,4.32,4.35,4.4,4.49,4.56,4.41,4.3,4.33,4.24,4.3,4.41,4.27,4.17,4.04,4.12,4.22,4.29,4.27,4.28,3.84,3.86,3.75,3.56,3.48,3.03,2.97,3.03,2.98,2.94,2.97,2.91,2.83,2.85,0,2.9,2.9,2.99,3,2.95,2.97,3.01,3.005,2.96,2.885,2.82,3.01,3.03,3.2,2.86
MKR,24/07/2026,0.084,0.084,0.08,0.081,2829509,0.046,0.044,0.045,0.046,0.044,0.041,0.042,0.035,0.034,0.054,0.064,0.058,0.093,0.062,0.055,0.054,0.068,0.077,0.073,0.061,0.068,0.071,0.078,0.098,0.13,0.165,0.21,0.2,0.125,0.13,0.115,0.135,0.135,0.125,0.099,0.096,0.089,0.099,0.1,0.093,0.089,0.092,0.13,0.11,0.099,0.091,0.079,0.079,0.072,0.087,0.089,0.08,0.081
ML8,24/07/2026,0.15,0.15,0.15,0.15,0,0,0,0,0,0,0,0,0,0,0,0,0,0,0,0,0,0,0,0,0,0.18,0.17,0.165,0.165,0.165,0.175,0.2,0.19,0.18,0.175,0.175,0.175,0.185,0.175,0.17,0.16,0.17,0.18,0.17,0.175,0.18,0.18,0.165,0.185,0.17,0.155,0.145,0.155,0.155,0.17,0.16,0.15,0.15
MLG,24/07/2026,0.68,0.68,0.68,0.68,41971,0.76,0.74,0.74,0.8,0.815,0.78,0.94,0.9,0.9,0.9,0.98,1,1.01,0.935,0.89,0.895,0.9,0.9,0.86,0.86,0.905,0.84,0.885,0.865,0.905,0.945,0.96,1,0.945,0.995,0.98,1.02,1,0.965,0.84,0.77,0.78,0.825,0.75,0.73,0.78,0.79,0.79,0.705,0.695,0.725,0.735,0.76,0.735,0.735,0.685,0.66,0.68
MLS,24/07/2026,0.018,0.018,0.018,0.018,47877,0.022,0.019,0.019,0.02,0.0205,0.02,0.019,0.022,0.02,0.027,0.035,0.035,0.033,0.031,0.031,0.031,0.029,0.029,0.028,0.026,0.024,0.025,0.028,0.026,0.025,0.026,0.026,0.025,0.025,0.024,0.023,0.023,0.024,0.022,0.021,0.023,0.023,0.02,0.021,0.021,0.0225,0.022,0.022,0.022,0.024,0.021,0.021,0.022,0.02,0.022,0.019,0.02,0.018
MLX,24/07/2026,1.49,1.49,1.4425,1.455,1867002,0.625,0.57,0.595,0.57,0.565,0.64,0.64,0.645,0.66,0.74,0.815,0.87,0.86,0.855,0.845,0.805,0.845,0.77,0.915,0.945,1.01,1.065,1.1,1.11,1.145,1.25,1.25,1.305,1.17,1.185,1.28,1.43,1.285,1.235,1.18,1.28,1.3,1.47,1.495,1.385,1.345,1.59,1.54,1.765,1.58,1.525,1.505,1.44,1.315,1.33,1.4,1.37,1.455
MM1,24/07/2026,0.75,0.75,0.725,0.74,258573,0.32,0.335,0.325,0.33,0.3,0.355,0.385,0.4,0.43,0.445,0.44,0.415,0.43,0.39,0.425,0.38,0.4,0.41,0.39,0.45,0.445,0.56,0.6,0.59,0.625,0.76,0.79,0.715,0.695,0.74,1,0.98,0.9,0.79,0.715,0.78,0.805,0.88,0.915,0.89,0.87,1.015,0.98,0.955,0.975,0.91,0.9,0.96,0.905,0.93,0.85,0.765,0.74
MM8,24/07/2026,0.42,0.42,0.395,0.4,1001994,0.27,0.225,0.28,0.315,0.315,0.315,0.405,0.46,0.51,0.525,0.555,0.55,0.545,0.5,0.455,0.39,0.405,0.365,0.43,0.415,0.4,0.395,0.435,0.44,0.405,0.44,0.505,0.48,0.45,0.41,0.41,0.475,0.425,0.46,0.375,0.365,0.395,0.435,0.42,0.415,0.415,0.44,0.435,0.43,0.425,0.43,0.4,0.445,0.41,0.415,0.435,0.415,0.4
MMA,24/07/2026,0.395,0.42,0.385,0.385,419593,0.24,0.23,0.24,0.255,0.23,0.235,0.25,0.265,0.3,0.37,0.43,0.355,0.355,0.31,0.335,0.295,0.33,0.285,0.33,0.33,0.35,0.335,0.385,0.43,0.47,0.56,0.61,0.6,0.425,0.48,0.46,0.535,0.465,0.39,0.335,0.325,0.31,0.33,0.35,0.31,0.32,0.33,0.315,0.375,0.405,0.36,0.41,0.51,0.425,0.47,0.43,0.375,0.385
MME,24/07/2026,0.08,0.08,0.08,0.08,1796173,0.1375,0.135,0.1375,0.125,0.135,0.135,0.135,0.125,0.125,0.115,0.105,0.115,0.11,0.105,0.11,0.105,0.12,0.115,0.115,0.11,0.1075,0.11,0.115,0.115,0.1125,0.12,0.13,0.125,0.1,0.097,0.115,0.11,0.098,0.088,0.082,0.081,0.083,0.084,0.083,0.085,0.085,0.083,0.082,0.084,0.084,0.083,0.081,0.084,0.084,0.081,0.082,0.082,0.08
MMI,24/07/2026,1.335,1.37,1.275,1.355,2456052,0.07,0.07,0.072,0.072,0.076,0.076,0.082,0.086,0.091,0.094,0.09,0.089,0.07,0.073,0.073,0.071,0.072,0.068,0.069,0.072,0.07,0.071,0.072,0.075,0.07,0.069,0.071,0.067,0.063,0.065,0.066,0.071,0.068,0.067,0.061,0.069,0.068,0.069,0.068,0,0,1.27,1.365,1.3,1.51,1.52,1.48,1.635,1.735,1.74,1.605,1.34,1.355
MMKT,24/07/2026,50.18,50.19,50.18,50.18,9660,50.17,50.03,50.07,50.12,50.16,50.18,50.04,50.09,50.12,50.16,50.05,50.07,50.12,50.16,50.17,50.05,50.09,50.14,50.16,50.05,50.07,50.13,50.2,50.04,50.08,50.115,50.15,50.18,50.04,50.09,50.12,50.165,50.05,50.08,50.11,50.15,50.05,50.09,50.14,50.18,50.04,50.08,50.11,50.17,50.23,50.05,50.1,50.15,50.19,50.03,50.1,50.135,50.18
MML,24/07/2026,0.012,0.012,0.011,0.011,522300,0.023,0.022,0.022,0.021,0.021,0.03,0.026,0.025,0.028,0.024,0.028,0.028,0.028,0.027,0.025,0.022,0.023,0.034,0.035,0.032,0.026,0.027,0.027,0.025,0.034,0.027,0.027,0.023,0.02,0.023,0.02,0.022,0.02,0.023,0.02,0.019,0.02,0.019,0.017,0.016,0.016,0.015,0.015,0.0135,0.014,0.014,0.013,0.014,0.012,0.012,0.011,0.011,0.011
MMLO,24/07/2026,0.002,0.002,0.002,0.002,1986246,0,0,0,0,0,0,0,0,0,0,0,0,0,0.007,0.006,0.003,0.004,0.01,0.01,0.011,0.009,0.009,0,0.007,0.012,0.007,0.006,0.005,0.004,0.005,0.004,0.005,0.004,0.005,0.004,0.005,0,0,0.003,0.003,0.003,0.002,0.003,0.003,0.004,0.003,0.003,0.003,0.003,0.003,0,0.002,0.002
MMR,24/07/2026,0.002,0.002,0.002,0.002,0,0.005,0.0045,0.005,0.007,0.007,0.008,0.007,0.006,0.006,0.005,0.005,0.005,0.006,0.005,0.005,0.005,0.005,0.004,0.005,0.005,0.0045,0.005,0.005,0.005,0.0055,0.0055,0.005,0.004,0.007,0.006,0.007,0.0045,0.0045,0.004,0.005,0.0045,0.004,0.0045,0.005,0.0045,0.005,0.005,0.005,0.005,0.005,0.005,0.005,0.002,0.0025,0.002,0.0015,0.002,0.002
MMROA,24/07/2026,0.003,0.003,0.003,0.003,0,0,0,0,0,0,0,0,0,0,0,0,0,0,0,0,0,0,0,0,0,0,0,0,0,0,0,0,0,0,0.003,0.003,0.002,0.002,0.001,0.002,0.002,0,0,0.002,0.002,0.002,0.002,0.003,0.002,0.001,0.002,0.003,0.003,0.003,0.003,0,0.003,0.003
MMS,24/07/2026,19.25,19.53,19.24,19.44,121944,17.53,17.9,18.13,18.35,18.1,19.59,19.4,17.75,16.9,17.14,17.41,17.12,17.44,17.33,17.22,15.85,16.05,15.94,16.68,17.26,16.84,16.82,16.87,17.16,17.46,17.25,17.31,17.05,17,16.7,17.54,16.08,15.74,14.25,13.7,14.63,14.96,15.51,15.73,15.8,15.89,18.48,17.59,18.56,18.26,19.26,19.57,19.62,19.33,19.26,19.33,19.87,19.44
MNB,24/07/2026,0.018,0.019,0.017,0.017,19601769,0.047,0.057,0.055,0.063,0.072,0.066,0.069,0.056,0.055,0.053,0.052,0.05,0.042,0.046,0.043,0.04,0.041,0.032,0.034,0.028,0.023,0.022,0.025,0.025,0.026,0.026,0.024,0.023,0.02,0.012,0.015,0.02,0.024,0.025,0.027,0.027,0.033,0.031,0.034,0.027,0.024,0.026,0.024,0.02,0.022,0.022,0.021,0.02,0.02,0.023,0.022,0.023,0.017
MNBO,24/07/2026,0.001,0.001,0.001,0.001,0,0.006,0.009,0.006,0.01,0.013,0.012,0.012,0.011,0.011,0.005,0.006,0.005,0.009,0.006,0.006,0.006,0.004,0.004,0.004,0.004,0.004,0.004,0,0.004,0.002,0.002,0.002,0.002,0.001,0.001,0.001,0.001,0.002,0.002,0.002,0.002,0,0,0.002,0.002,0.002,0.002,0.002,0.002,0.001,0.001,0.001,0.001,0.001,0.001,0,0.001,0.001
MNBOC,24/07/2026,0.008,0.008,0.008,0.008,0,0,0,0,0,0,0,0,0,0,0,0,0,0,0,0,0,0,0,0,0,0,0,0,0.006,0.006,0.007,0.007,0.005,0.006,0.005,0.007,0.007,0.015,0.015,0.015,0.015,0,0,0.014,0.01,0.01,0.008,0.006,0.008,0.011,0.011,0.011,0.011,0.011,0.008,0,0.007,0.008
MNBOD,24/07/2026,0.009,0.009,0.009,0.009,0,0,0,0,0,0,0,0,0,0,0,0,0,0,0,0,0,0,0,0,0,0,0,0,0,0,0,0,0,0,0,0,0,0,0,0,0.012,0,0,0.012,0.015,0.015,0.015,0.012,0.012,0.014,0.014,0.014,0.014,0.014,0.014,0,0.009,0.009
MNC,24/07/2026,0.08,0.08,0.08,0.08,0,0.145,0.145,0.145,0.145,0.14,0.14,0.16,0.16,0.13,0.125,0.14,0.14,0.165,0.14,0.14,0.12,0.12,0.14,0.13,0.125,0.125,0.145,0.145,0.145,0.115,0.12,0.135,0.12,0.115,0.11,0.11,0.1,0.1,0.12,0.085,0.105,0.09,0,0.091,0.09,0.09,0.125,0.155,0.125,0.115,0.12,0.1,0.09,0.095,0.09,0.09,0.086,0.08
MND,24/07/2026,30.01,30.01,28.58,29.1,119966,19.01,19.41,19.72,20.22,21.08,21.47,21.1,21.48,21.86,22.45,23.05,23.48,22.94,22.53,23.24,22.52,26.97,25.82,26.79,25.95,26.21,26.4,26.8,26.53,27.15,29.99,29.91,31.14,28.71,29.15,30.5,32.41,30.04,26.89,27.4,28.06,28.05,29.24,28.33,28.9,29.05,29.75,29.94,30.03,31.06,30.52,28.98,28.66,30.58,28.75,28.31,29.15,29.1
MNE,24/07/2026,0.14,0.14,0.14,0.14,47462,0,0,0,0,0,0,0,0,0,0,0,0,0,0,0,0,0,0,0,0,0,0,0,0,0,0,0,0,0,0,0,0.23,0.215,0.21,0.155,0.15,0.16,0.16,0.165,0.195,0.19,0.2,0.18,0.18,0.15,0.155,0.165,0.16,0.14,0.125,0.125,0.16,0.14
MNRS,24/07/2026,12.49,12.49,12.22,12.3,68897,9.51,9.37,10.47,10.39,10.56,10.85,11.61,12.49,12.28,13.12,13.68,13.52,15.21,12.92,12.87,12.74,13.87,12.96,14.5,14.57,15.17,15.1,16.04,15.71,16.38,17.65,18.85,18.35,16.33,17.55,18.36,20.19,18.21,17.75,15.24,15.21,16.59,17.4,17.13,16.32,15.5,16.53,16.18,15.45,15.44,15.08,13.81,14.53,13.56,13.47,12.46,11.79,12.3
MNV,24/07/2026,1.1,1.15,1.1,1.12,572284,0,0,0,0,0,0,0,0,0,0,0,0,0,0,0,0,0,0,0,0,0,0,0,0,0,0,0,0,0,0,0,0,0,0,0,0,0,0,0,0,0,0,0,0,0,0,0,0,0,0,0,0,1.12
MOAT,24/07/2026,113.5,114,113.5,113.58,13413,124.83,124.84,122.22,125.01,125.2,125.17,124.21,122.89,124.57,123.13,126.59,126.46,127.16,130.89,127.75,128.08,127.64,126.43,130.6,131.54,132.03,130.95,130.57,130.27,133.17,135.49,131.87,125.3,125.65,124.25,126.72,125.54,124.26,117.37,116.35,117.15,116.47,117.38,118.56,118.42,117.38,118,116.51,119.6,120.72,121.79,122,122,124.27,116.25,115.44,116.6,113.58
MOGL,24/07/2026,3.81,3.81,3.81,3.81,0,4.89,4.98,4.885,4.94,4.9,5,4.99,4.93,4.985,4.97,4.94,4.91,4.83,4.96,4.99,4.81,4.79,4.67,4.79,4.875,4.92,4.9,4.88,4.73,4.77,4.68,4.55,4.4,3.99,3.93,3.99,3.96,4.03,3.84,3.8,3.74,3.77,3.83,4,3.99,3.94,3.98,3.9,3.96,3.98,3.91,3.91,3.9,3.79,3.93,3.91,3.99,3.81
MOH,24/07/2026,0.006,0.0065,0.006,0.006,604677,0.004,0.004,0.005,0.004,0.005,0.006,0.006,0.005,0.007,0.006,0.009,0.009,0.009,0.0085,0.008,0.008,0.007,0.007,0.007,0.008,0.009,0.0085,0.009,0.008,0.008,0.01,0.011,0.014,0.009,0.007,0.007,0.008,0.007,0.007,0.007,0.008,0.009,0.009,0.009,0.009,0.009,0.009,0.009,0.0095,0.011,0.0095,0.009,0.009,0.008,0.009,0.009,0.008,0.006
MOM,24/07/2026,0.002,0.002,0.002,0.002,0,0.0015,0.0015,0.0015,0.0015,0.001,0.001,0.001,0.0015,0.001,0.002,0.002,0.002,0.002,0.002,0.0025,0.002,0.002,0.002,0.002,0.002,0.002,0.002,0.002,0.003,0.0025,0.002,0.002,0.002,0.002,0.002,0.002,0.002,0.002,0.002,0.002,0.0015,0.002,0,0.002,0.002,0.0015,0.0015,0.0015,0.001,0.002,0.002,0.002,0.002,0.0015,0.002,0.003,0.002,0.002
MONY,24/07/2026,50.22,50.22,50.22,50.22,10,0,0,0,0,0,0,0,0,0,0,0,0,0,0,0,0,0,0,0,0,0,0,0,0,0,0,0,0,50.04,50.06,50.1,50.16,50.04,50.1,50.14,50.17,50.05,50.08,50.14,50.18,50.05,50.1,50.15,50.19,50.24,50.1,50.14,50.17,50.23,50.05,50.13,50.14,50.22
MOON,24/07/2026,34.37,34.37,34,34.31,67,0,0,0,0,0,0,0,0,0,0,0,0,0,0,0,0,0,0,0,0,0,0,0,0,0,0,0,0,0,0,0,0,0,0,0,0,0,0,0,0,0,0,0,0,0,0,54.6,44.42,38,44.22,40.01,33.59,34.31
MOT,24/07/2026,1.6,1.63,1.585,1.61,669553,2.05,2.04,2.06,2.07,2.07,2.07,2.06,1.93,1.97,1.95,1.96,1.915,1.92,1.92,1.885,1.87,1.88,1.88,1.865,1.85,1.81,1.87,1.865,1.88,1.91,1.94,1.945,1.935,1.91,1.9,1.885,1.85,1.785,1.69,1.735,1.7,1.7,1.69,1.7,1.7,1.75,1.745,1.725,1.74,1.73,1.7,1.715,1.66,1.64,1.655,1.655,1.635,1.61
MOV,24/07/2026,0.155,0.155,0.15,0.15,21864,0.195,0.195,0.2,0.205,0.21,0.215,0.215,0.215,0.215,0.215,0.19,0.19,0.19,0.165,0.175,0.175,0.19,0.17,0.17,0.17,0.165,0.165,0.16,0.16,0.23,0.23,0.23,0.23,0.24,0.24,0.21,0.19,0.19,0.19,0.19,0.195,0.195,0,0.195,0.195,0.14,0.15,0.15,0.15,0.16,0.16,0.16,0.16,0.145,0.145,0.145,0.145,0.15
MP1,24/07/2026,18.88,18.93,18.18,18.47,1042095,14.63,15.03,15.29,14.82,14.2,16.44,14.09,14.89,15.01,15.87,15.86,15.13,14.5,15.31,16.46,14.81,13.72,12.69,14.3,13.24,13.17,12.59,12.55,12.32,12.34,12.39,12.42,11.59,10.3,10.72,9.65,8.79,8.34,7.66,7.44,7.38,6.9,6.71,8.49,8.89,8.94,9.86,12.88,13.05,15.52,18.48,18.88,20.94,20.26,19.19,20.08,18.23,18.47
MPK,24/07/2026,0.81,0.81,0.8,0.81,30032,0.82,0.715,0.72,0.93,0.9,0.92,0.97,0.94,0.88,0.9,0.89,0.79,0.88,0.8,0.71,0.69,0.67,0.66,0.72,0.9,0.89,0.86,0.915,0.99,0.925,0.845,0.93,0.86,0.865,0.87,0.85,1,0.97,0.855,0.875,0.79,0.835,1.03,1.175,1.16,1.06,0.995,0.965,0.98,0.965,0.93,0.86,0.82,0.81,0.835,0.84,0.8,0.81
MPL,24/07/2026,5.12,5.15,5.1,5.12,6013938,4.94,5.04,5.04,5.17,5.22,5.1,5.08,4.88,4.89,4.8,4.82,4.83,4.67,4.77,4.88,4.94,4.86,4.75,4.75,4.5,4.69,4.76,4.77,4.81,4.85,4.69,4.55,4.62,4.57,4.48,4.47,4.38,4.29,4.25,4.21,4.41,4.44,4.52,4.67,4.65,4.72,4.59,4.66,4.81,4.8,4.78,4.97,4.85,4.97,5,5.04,5.13,5.12
MPP,24/07/2026,1.045,1.045,1.045,1.045,0,0.041,0.042,0.042,0.04,0.03,0.035,0.045,0.031,0.031,0.031,0.031,0.031,0.037,0.037,0.037,0.037,0.04,0.04,0.033,0.033,0.033,0.04,0.04,0.04,0.04,0.04,0.04,0.043,0.042,0.043,0.043,0.043,0,0.043,0.8,0.8,0.9,0,0.94,0.94,0.9,0.88,0.8,0.8,0.82,0.88,0.88,0.945,0.945,1.015,1.015,1.05,1.045
MPR,24/07/2026,0.005,0.005,0.005,0.005,0,0.0085,0.009,0.008,0.008,0.008,0.007,0.007,0.007,0.007,0.0065,0.007,0.007,0.007,0.007,0.006,0.008,0.007,0.007,0.006,0.006,0.005,0.005,0.005,0.005,0.005,0.005,0.005,0.005,0.005,0.005,0.005,0.005,0.005,0.005,0.005,0.005,0.005,0,0.005,0.005,0.005,0.005,0.005,0.005,0.005,0.005,0.005,0.005,0.005,0.005,0.005,0.005,0.005
MPRO,24/07/2026,0.001,0.001,0.001,0.001,0,0.001,0.001,0.001,0.001,0.001,0.001,0.001,0.001,0.001,0.001,0.001,0.001,0.001,0.001,0.001,0.001,0.001,0.001,0.001,0.001,0.001,0.001,0,0.001,0.001,0.001,0.001,0.001,0.001,0.001,0.001,0.001,0.001,0.001,0.001,0.001,0,0,0.001,0.001,0.001,0.001,0.001,0.001,0.001,0.001,0.001,0.001,0.001,0.001,0,0.001,0.001
MPW,24/07/2026,1.96,1.96,1.785,1.835,117755,1.72,1.95,1.97,2.67,3.2,3.65,3.69,4.46,4.8,4.26,3.46,3.28,3.01,3.16,3.1,2.3,2.13,2.05,1.88,1.43,1.55,1.95,1.99,2,2.09,2.77,2.9,2.71,2.3,2.52,2.53,2.85,2.25,1.995,1.89,1.915,2.1,2.41,3,2.59,2.62,2.7,2.55,2.17,2.11,2.05,1.9,2.02,1.85,1.975,2.1,2.06,1.835
MPX,24/07/2026,0.1,0.1,0.1,0.1,0,0.21,0.21,0.21,0.21,0.21,0.21,0.21,0.21,0.185,0.195,0.19,0.19,0.14,0.14,0.14,0.14,0.14,0.14,0.14,0.14,0.14,0.14,0.14,0.14,0.1425,0.145,0.14,0.135,0.12,0.12,0.12,0.12,0.12,0.12,0.125,0.13,0.13,0.13,0.13,0.13,0.13,0.13,0.13,0.13,0.13,0.12,0.12,0.12,0.12,0.12,0.1,0.1,0.1
MQAE,24/07/2026,11.9,11.91,11.8,11.83,508192,11.67,11.69,11.91,12.09,12.13,12.23,12.14,12.17,12.07,12.06,12.31,12.29,12.3,12.36,12.16,11.97,11.9,11.6,11.87,11.9,11.97,11.9,12.06,11.96,11.91,12.18,12.1,12.11,11.84,12.1,12.34,12.51,12.02,11.65,11.4,11.51,11.53,12.06,12,11.82,11.77,11.84,11.69,11.76,11.88,11.73,11.98,12.05,11.96,11.95,11.89,11.87,11.83
MQDB,24/07/2026,10.55,10.55,10.52,10.53,36426,10.71,10.7,10.79,10.81,10.77,10.81,10.83,10.88,10.87,10.82,10.81,10.8,10.91,10.88,10.85,10.8,10.82,10.81,10.84,10.81,10.8,10.8,10.78,10.72,10.76,10.78,10.71,10.77,10.8,10.8,10.85,10.89,10.82,10.74,10.71,10.62,10.56,10.64,10.64,10.62,10.61,10.63,10.56,10.59,10.65,10.66,10.71,10.71,10.76,10.63,10.6,10.61,10.53
MQEG,24/07/2026,13.83,13.83,13.77,13.8,26379,12.27,12.38,12.38,12.74,12.73,12.69,12.745,12.69,12.88,12.94,13.07,13.1,13.09,13.27,13.4,13.3,13.29,13.1,13.4,13.41,13.42,13.39,13.43,13.42,13.5,13.56,13.24,13.05,12.87,12.81,13,12.93,12.8,12.49,12.31,12.46,12.55,12.81,12.97,13.03,13.11,13.29,13.41,13.54,13.7,13.76,13.73,13.88,13.84,13.92,13.92,13.82,13.8
MQG,24/07/2026,252.9,258.66,252.04,255.04,917193,214.15,213.78,214.2,217.41,223.78,225.16,221.79,224.09,222.56,217.29,224.93,221,226.76,225,218.56,204.77,200.58,194.09,197.04,195.79,201.57,200.58,205.03,203.73,206.08,211.86,210.41,212.18,207.83,216.17,219.39,213.48,200.3,195.33,194.99,201.42,205.59,225,239.88,232.28,238.19,239.23,242.96,240.2,238.55,236.42,242.44,249.82,249.36,251.65,254.49,258.41,255.04
MQGPD,24/07/2026,101.35,102.31,101.329,102.151,23482,103.3,103.52,103.76,103.7,103.75,104.34,102.55,102.58,102.05,102.28,102.95,102.8,102.72,102.8,102.84,102.91,102.92,103,102.95,101.31,101.74,101.8,102.12,102.1,102.17,102.22,102.2,102.2,102.59,102.53,102.68,101.25,100.81,100.52,100.97,100.7,100.77,101.1,101.07,101.1,101.41,101.55,101.71,101.79,100.15,100.2,100.261,100.49,100.55,100.85,101.05,101.04,102.151
MQGPE,24/07/2026,102.23,102.5,102.11,102.11,8930,102.14,102.5,102.966,103.3,103,103.8,102.07,102.5,102.1,101.79,102.5,102.56,102.37,102.39,101.86,102.88,103.32,103,102.95,102,101.98,101.81,101.93,102.17,102.15,102.05,102.05,102.23,102.7,103,103.01,102.91,101.53,101.05,102.33,101.5,101.4,101.85,101.61,101.99,101.8,101.86,102.4,102.31,102.1,100.84,100.71,101.6,101.94,101.75,102.41,101.62,102.11
MQGPF,24/07/2026,106.31,106.99,106.31,106.4,5849,105.85,106.16,106.8,106.85,106.8,106.51,105.8,106.7,106.33,106.37,106.72,106.55,106.24,106.1,106.1,106.89,106.75,106.2,104.96,104.9,105.11,106,106.35,106.26,106.51,106.66,106.5,106.2,106.6,107.79,107.25,105.84,105.41,105.57,105.28,105.32,105.5,105.23,104.66,104.94,104.99,105.46,105.83,106.61,105.3,104.83,104.7,105.8,106.23,106.3,107.17,107.39,106.4
MQGPG,24/07/2026,104.51,104.55,104.371,104.5,9108,102.15,102.81,103.6,103.45,103.43,103.36,102.31,103.12,102.82,103.75,102.62,102.96,102.69,103.45,103.32,104.25,103.7,103.3,101.35,102,102.3,103.13,103.5,103.61,104.09,104.19,104.45,104.5,104.18,104.72,104.65,103.53,103.48,103.33,102.98,102.3,103.58,102.32,102.8,102.55,102.88,102.68,103.5,103.9,103.94,102.49,102.56,104.21,104.6,104.71,104,104.39,104.5
MQHG,24/07/2026,10.96,11,10.96,10.98,20016,0,0,0,0,0,0,0,0,0,0,0,0,0,0,0,0,0,0,0,10.06,10.15,9.98,10.2,10.13,10.35,10.36,10.31,10.33,10.16,10.32,10.42,10.465,10.28,10.08,9.94,9.81,9.89,10.31,10.57,10.58,10.69,10.86,10.91,11.04,11.16,11.15,11,11.11,10.86,10.95,11.03,10.98,10.98
MQIO,24/07/2026,10.61,10.61,10.59,10.61,17555,10.68,10.65,10.68,10.74,10.7,10.74,10.67,10.74,10.76,10.74,10.72,10.71,10.76,10.78,10.76,10.7,10.72,10.71,10.72,10.67,10.66,10.67,10.67,10.63,10.68,10.69,10.68,10.69,10.66,10.67,10.7,10.72,10.63,10.6,10.56,10.59,10.56,10.57,10.6,10.6,10.53,10.58,10.59,10.63,10.64,10.59,10.64,10.61,10.66,10.61,10.61,10.63,10.61
MQR,24/07/2026,0.004,0.004,0.004,0.004,0,0.014,0.011,0.011,0.013,0.012,0.011,0.012,0.011,0.01,0.011,0.011,0.011,0.013,0.013,0.0105,0.01,0.0095,0.009,0.01,0.009,0.009,0.008,0.008,0.008,0.009,0.01,0.01,0.01,0.008,0.008,0.009,0.0095,0.009,0.008,0.0085,0.008,0.008,0.009,0.008,0.008,0.008,0.007,0.008,0.007,0.007,0.006,0.005,0.005,0.005,0.005,0.004,0.005,0.004
MQSD,24/07/2026,50.4,50.41,50.39,50.41,57948,50.11,49.96,50.03,50.14,50.2,50.27,50.075,50.19,50.31,50.35,50.24,50.32,50.32,50.4,50.49,50.31,50.32,50.39,50.39,50.2,50.29,50.37,50.41,50.25,50.32,50.39,50.5,50.6,50.45,50.5,50.54,50.5,50.29,50.27,50.26,50.31,50.11,50.21,50.3,50.37,50.16,50.17,50.26,50.26,50.36,50.17,50.24,50.31,50.4,50.22,50.29,50.34,50.41
MQWS,24/07/2026,7.85,7.85,7.81,7.81,4101,9.14,9.08,9.04,9.07,9.26,9.23,9.1,9.09,9.14,9.12,9.25,9.24,9.28,9.42,9.28,9.29,9.2,9,9.21,9.24,9.14,9.16,9.16,9.15,9.36,9.42,9.15,8.92,8.68,8.51,8.69,8.68,8.63,8.23,8.16,8.31,8.42,8.44,8.39,8.5,8.52,8.6,8.48,8.66,8.71,8.75,8.83,8.86,8.91,8.15,8.03,8.01,7.81
MQXS,24/07/2026,30.83,30.83,30.83,30.83,16,0,0,0,0,0,0,0,0,0,0,0,0,0,0,0,0,0,0,0,0,0,0,0,0,0,0,0,0,0,0,0,0,0,0,0,0,0,0,0,0,0,0,0,0,0,30.25,30.67,31.01,31.4,31.19,30.95,30.47,30.83
MQYM,24/07/2026,49.63,49.63,49.52,49.57,1837,50.36,50.1,50.25,50.39,50.47,50.49,50.29,50.48,50.66,50.71,50.49,50.41,50.24,50.45,50.48,50.16,50.15,50.22,50.44,50.26,50.06,50.25,50.4,50.13,50.34,50.4,50.53,50.48,50.15,50.29,50.39,50.36,49.75,49.55,49.46,49.16,48.83,0,49.7,49.85,49.48,49.52,49.57,49.47,49.69,49.45,49.56,49.59,49.79,49.66,49.58,49.71,49.57
MRD,24/07/2026,0.028,0.028,0.026,0.027,1464212,0.0025,0.002,0.002,0.004,0.004,0.003,0.003,0.003,0.0025,0.003,0.003,0.003,0.004,0.005,0.032,0.048,0.028,0.033,0.038,0.036,0.034,0.031,0.032,0.033,0.032,0.036,0.035,0.033,0.029,0.032,0.03,0.028,0.026,0.027,0.024,0.028,0.03,0.032,0.034,0.032,0.031,0.029,0.028,0.029,0.027,0.026,0.025,0.026,0.021,0.022,0.023,0.021,0.027
MRE,24/07/2026,1.9075,1.93,1.905,1.92,55182,2,1.975,1.955,2.01,2.01,2,2,1.98,1.965,1.96,1.94,1.91,1.84,1.87,1.85,1.955,1.88,1.925,1.935,1.925,1.94,1.95,1.98,2,2.03,1.975,1.95,1.985,1.97,1.97,1.97,1.955,1.91,1.91,1.89,1.885,1.93,1.97,1.945,1.94,1.9075,1.935,1.93,1.9,1.94,1.92,1.885,1.86,1.795,1.85,1.93,1.88,1.92
MRQ,24/07/2026,0.004,0.004,0.004,0.004,0,0.004,0.0035,0.004,0.003,0.003,0.0035,0.005,0.004,0.005,0.0045,0.0045,0.005,0.007,0.005,0.005,0.005,0.0045,0.004,0.004,0.004,0.005,0.004,0.005,0.004,0.005,0.005,0.006,0.005,0.004,0.0045,0.0045,0.004,0.004,0.0035,0.004,0.003,0.003,0.0035,0.0035,0.004,0.0035,0.004,0.004,0.003,0.003,0.0035,0.0035,0.0035,0.003,0.004,0.0035,0.0035,0.004
MRQOD,24/07/2026,0.001,0.001,0.001,0.001,0,0,0,0,0,0,0,0.002,0.002,0.002,0.002,0.002,0.002,0.003,0.002,0.002,0.002,0.002,0.002,0.002,0.002,0.002,0.002,0,0.002,0.002,0.002,0.002,0.002,0.002,0.002,0.002,0.002,0.002,0.002,0.001,0.001,0,0,0.001,0.001,0.001,0.001,0.001,0.001,0.001,0.001,0.001,0.001,0.001,0.001,0,0.001,0.001
MRR,24/07/2026,0.0155,0.0155,0.0155,0.0155,10000,0.009,0.0085,0.008,0.008,0.008,0.008,0.009,0.009,0.009,0.009,0.011,0.012,0.012,0.013,0.014,0.012,0.013,0.011,0.012,0.011,0.012,0.012,0.014,0.013,0.016,0.019,0.022,0.023,0.019,0.021,0.023,0.022,0.021,0.019,0.015,0.017,0.0175,0.017,0.017,0.017,0.019,0.02,0.019,0.015,0.016,0.016,0.015,0.015,0.014,0.017,0.016,0.016,0.0155
MRRO,24/07/2026,0.008,0.008,0.008,0.008,0,0.003,0.003,0.003,0.003,0.003,0.003,0.003,0.003,0.003,0.004,0.005,0.005,0.005,0.007,0.006,0.005,0.005,0.005,0.005,0.005,0.005,0.005,0,0.005,0.006,0.007,0.01,0.011,0.007,0.008,0.009,0.009,0.009,0.009,0.007,0.006,0,0,0.005,0.005,0.007,0.007,0.006,0.006,0.006,0.007,0.006,0.009,0.009,0.009,0,0.008,0.008
MRT,24/07/2026,0.65,0.655,0.62,0.63,293819,0,0,0,0,0,0,0,0,0,0,0,0,0,0,0,0,0,0,0,0,0,0,0,0,0,0,0,0,0,0,0,0,0,0,0,0,0,0,0.905,0.8,0.745,0.78,0.76,0.705,0.665,0.67,0.72,0.685,0.64,0.665,0.645,0.615,0.63
MRZ,24/07/2026,0.105,0.11,0.1,0.105,536576,0.041,0.041,0.041,0.041,0.041,0.041,0.041,0.041,0.041,0.041,0.041,0.041,0.041,0,0.041,0.255,0.345,0.27,0.255,0.285,0.275,0.265,0.255,0.28,0.275,0.27,0.27,0.23,0.25,0.21,0.185,0.21,0.21,0.21,0.17,0.165,0.15,0.15,0.21,0.18,0.18,0.215,0.21,0.205,0.22,0.22,0.14,0.14,0.15,0.135,0.12,0.115,0.105
MSB,24/07/2026,2.31,2.32,2.22,2.22,2221012,2.52,2.35,2.31,2.51,2.38,2.18,2.12,2.21,2.41,2.4,2.76,2.89,2.62,2.57,2.51,2.22,2.22,2.31,2.71,2.66,2.77,2.91,2.9,2.77,3.07,2.64,2.68,2.53,2.23,2.38,2.41,2.24,2.3,2.11,2.06,2.11,2.13,2.12,2.25,2.19,2.2,2.02,2.11,2.12,2.14,2.05,1.95,2.13,1.885,2.06,2.24,2.44,2.22
MSG,24/07/2026,0.003,0.003,0.003,0.003,0,0.007,0.008,0.008,0.009,0.008,0.008,0.007,0.007,0.008,0.008,0.008,0.008,0.008,0.012,0.009,0.008,0.008,0.008,0.008,0.008,0.007,0.007,0.007,0.007,0.007,0.007,0.007,0.007,0.007,0.007,0.007,0.007,0.006,0.005,0.005,0.006,0.005,0,0.005,0.006,0.004,0.004,0.004,0.004,0.004,0.004,0.003,0.004,0.003,0.003,0.003,0.003,0.003
MSI,24/07/2026,0.003,0.003,0.003,0.003,0,0.005,0.005,0.005,0.004,0.005,0.005,0.005,0.005,0.004,0.004,0.004,0.004,0.004,0.004,0.005,0.005,0.005,0.005,0.005,0.005,0.005,0.005,0.005,0.005,0.005,0.005,0.004,0.004,0.004,0.004,0.003,0.003,0.003,0.003,0.003,0.003,0.003,0,0.004,0.004,0.004,0.004,0.004,0.004,0.003,0.003,0.003,0.003,0.003,0.003,0.003,0.003,0.003
MSTR,24/07/2026,8.39,8.41,8.37,8.37,34829,8.85,8.92,8.9,9.09,9.035,9,9.09,9.25,9.29,9.22,9.37,9.33,9.16,9.38,9.16,9.15,9.18,8.96,9.2,9.32,9.35,9.26,9.37,9.33,9.44,9.69,9.68,9.67,9.46,9.83,9.9,9.84,9.64,9.32,9.23,9.2,9.18,9.58,9.78,9.84,9.86,9.97,9.98,10.21,10.33,10.35,10.33,10.25,10.15,8.3,8.4,8.43,8.37
MSV,24/07/2026,0.545,0.545,0.515,0.535,343508,0.285,0.265,0.27,0.27,0.26,0.29,0.285,0.3,0.275,0.285,0.295,0.32,0.345,0.33,0.325,0.315,0.325,0.31,0.3,0.32,0.32,0.335,0.325,0.335,0.345,0.345,0.35,0.4,0.385,0.43,0.58,0.48,0.49,0.48,0.4,0.44,0.435,0.485,0.51,0.52,0.505,0.52,0.5,0.465,0.525,0.495,0.475,0.45,0.47,0.53,0.52,0.535,0.535
MTC,24/07/2026,0.17,0.17,0.165,0.165,4433,0.135,0.14,0.145,0.175,0.18,0.19,0.185,0.23,0.225,0.245,0.295,0.31,0.315,0.28,0.27,0.25,0.285,0.275,0.27,0.28,0.265,0.265,0.26,0.27,0.27,0.26,0.23,0.25,0.23,0.24,0.215,0.225,0.23,0.27,0.265,0.295,0.315,0.33,0.315,0.265,0.27,0.255,0.245,0.25,0.27,0.235,0.205,0.17,0.15,0.16,0.18,0.18,0.165
MTH,24/07/2026,0.23,0.235,0.215,0.22,59726,0.51,0.505,0.505,0.52,0.52,0.62,0.67,0.62,0.62,0.585,0.59,0.615,0.595,0.51,0.575,0.46,0.47,0.365,0.41,0.5,0.495,0.455,0.56,0.6,0.55,0.565,0.585,0.5,0.345,0.365,0.38,0.365,0.34,0.34,0.295,0.33,0.34,0.39,0.365,0.34,0.31,0.315,0.33,0.31,0.34,0.275,0.29,0.27,0.225,0.255,0.24,0.245,0.22
MTHO,24/07/2026,0.14,0.14,0.14,0.14,0,0.28,0.27,0.28,0.34,0.325,0.43,0.45,0.44,0.44,0.49,0.395,0.41,0.4,0.325,0.32,0.3,0.31,0.215,0.21,0.3,0.3,0.27,0,0.395,0.35,0.42,0.395,0.38,0.22,0.2,0.195,0.185,0.185,0.14,0.17,0.14,0,0,0.135,0.135,0.135,0.135,0.15,0.15,0.15,0.14,0.14,0.14,0.14,0.14,0,0.14,0.14
MTL,24/07/2026,0.001,0.001,0.001,0.001,7206940,0.001,0.001,0.0015,0.001,0.001,0.001,0.002,0.002,0.002,0.002,0.002,0.002,0.002,0.001,0.001,0.001,0.001,0.001,0.001,0.001,0.001,0.001,0.001,0.001,0.001,0.001,0.001,0.001,0.001,0.001,0.001,0.001,0.0015,0.001,0.001,0.001,0.001,0.001,0.001,0.001,0.0015,0.0015,0.0015,0.001,0.0015,0.001,0.001,0.001,0.001,0.001,0.0015,0.001,0.001
MTM,24/07/2026,0.375,0.375,0.35,0.355,2195116,0.765,0.8,0.77,0.71,0.67,0.77,0.895,1.05,1.025,1.165,1.315,1.05,1.09,0.995,0.84,0.7,0.705,0.69,1.02,0.92,0.785,0.79,0.94,1.065,0.905,0.92,0.96,0.845,0.83,0.825,0.775,0.755,0.725,0.69,0.53,0.56,0.62,0.635,0.675,0.6,0.565,0.59,0.525,0.52,0.54,0.46,0.48,0.45,0.39,0.425,0.42,0.36,0.355
MTO,24/07/2026,2.49,2.55,2.41,2.42,56702,3.29,3.51,3.45,3.6,3.57,3.72,3.62,3.25,3.5,3.3,3.2,3.17,3.32,3.9,3.77,3.69,3.73,3.6,3.68,3.26,3.12,3.29,3.14,3.14,3.1,3,2.93,2.77,2.54,2.52,2.81,2.85,2.67,2.35,2.19,2.25,2.29,2.21,2.29,2.38,2.5,2.4,2.24,2.2,2.16,2.27,2.42,2.65,2.45,2.61,2.475,2.4,2.42
MTS,24/07/2026,2.96,2.985,2.94,2.97,2478685,3.83,3.89,4.01,4.16,4.17,4.2,4.13,3.93,3.9,3.84,3.77,3.79,3.79,3.81,3.81,3.92,3.84,3.76,3.7,3.38,3.26,3.28,3.29,3.31,3.31,3.33,3.32,3.32,3.2,3.27,3.27,3.3,3.11,2.97,2.87,3.04,2.97,3.04,2.9,2.82,2.7,2.74,2.95,3.05,3.07,3.04,3.21,3.18,3,3,3.06,2.94,2.97
MTUM,24/07/2026,26.78,26.78,26.4,26.46,27634,27.97,28.3,29.1,29.32,30.24,30.32,30.24,30.35,30.13,29.97,30.63,30.6,30.36,30.4,29.87,29.6,29.19,28.51,29.16,28.71,28.51,28.95,29.18,28.75,28.66,29.11,29.2,28.86,28.17,29.04,29.37,30,28.65,27.78,26.94,26.99,27.66,29.13,28.76,28.12,27.97,28.35,28.15,27.87,25.51,27.51,27.75,27.88,27.34,27.43,26.72,26.06,26.46
MVA,24/07/2026,23,23.13,22.97,23.06,31195,24.55,24.7,25.71,26.17,26.94,26.88,26.73,27.06,26.67,26.1,26.59,26.32,26.98,27.5,26.47,26,25.68,25.51,26.21,25.86,26.01,26.44,26.21,25.94,25.74,25.7,25,25.04,24.29,24.37,24.56,24.58,23.4,22.22,22.21,21.6,21.7,22.36,23.11,22.81,23.21,22.52,22.57,22.52,23,22.99,24.03,23.88,24.38,23.06,22.9,23.185,23.06
MVB,24/07/2026,44.29,44.67,44.12,44.54,55272,40.01,40.04,40.22,41.54,43.5,43.33,42.93,43.17,43.01,42.58,43.93,43.75,43.98,44.26,44.12,43.97,42.55,41.34,41.58,40.83,41.51,41.85,42.34,42.32,41.21,42.66,41.86,42.08,42.71,45.74,46.87,46.5,44.41,44.48,44.09,43.36,42.87,46.12,44.97,43.8,43.34,43.65,41.87,42.89,42.32,41.46,41.81,42.4,42.61,43,43.83,44.1,44.54
MVE,24/07/2026,42.54,42.54,41.85,41.92,5129,43.345,43.23,44.47,45.3,45.08,45.82,45.24,44.92,45.46,45.68,46.61,46.87,46.63,47.21,46.43,44.97,45.09,44.57,46.46,45.79,45.56,45.37,46.19,45.46,45.85,46.68,46.82,45.78,43.7,43.71,44.63,45.73,43.99,41.89,40.37,40.91,41.23,43.24,43.5,42.68,42.59,42.67,42.3,42.5,42.92,42.5,43.67,43.87,43.24,43.27,42.9,42.42,41.92
MVF,24/07/2026,0.67,0.68,0.655,0.655,450923,0.805,0.795,0.795,0.835,0.695,0.705,0.695,0.67,0.68,0.66,0.7,0.74,0.715,0.72,0.69,0.67,0.61,0.61,0.85,0.835,0.82,0.815,0.735,0.75,0.75,0.745,0.745,0.705,0.685,0.7,0.725,0.695,0.66,0.63,0.625,0.635,0.66,0.665,0.765,0.73,0.735,0.745,0.73,0.715,0.71,0.695,0.685,0.71,0.71,0.705,0.715,0.69,0.655
MVL,24/07/2026,0.012,0.012,0.0115,0.0115,48250,0.014,0.012,0.014,0.018,0.022,0.018,0.018,0.017,0.017,0.017,0.017,0.017,0.0185,0.017,0.017,0.017,0.016,0.017,0.016,0.018,0.016,0.016,0.016,0.016,0.017,0.023,0.022,0.021,0.019,0.02,0.017,0.017,0.017,0.017,0.016,0.017,0.016,0.016,0.016,0.016,0.014,0.014,0.017,0.016,0.016,0.015,0.013,0.015,0.014,0.014,0.012,0.012,0.0115
MVOL,24/07/2026,35.56,35.62,35.46,35.47,836,34.74,35.13,35.34,35.72,36.25,36.13,35.81,35.88,35.6,35.49,36.19,36,36.2,36.27,35.8,35.6,35.41,35.08,35.36,35.1,35.33,35.18,35.71,35.44,34.82,35.15,35.02,35.19,34.51,35.15,35.7,36.13,35.16,34.51,33.99,34.28,34.75,35.67,35.6,35.29,35.3,35.09,35.17,35.25,34.91,34.88,35.99,35.78,35.87,35.75,35.45,35.45,35.47
MVP,24/07/2026,0.43,0.5,0.43,0.5,2185948,0.65,0.555,0.715,0.67,0.62,0.585,0.575,0.59,0.7,0.68,0.655,0.67,0.715,0.7,0.7,0.62,0.555,0.51,0.525,0.545,0.55,0.54,0.525,0.55,0.555,0.545,0.5,0.47,0.45,0.455,0.47,0.445,0.43,0.41,0.405,0.39,0.41,0.415,0.375,0.52,0.475,0.44,0.43,0.41,0.385,0.38,0.385,0.415,0.39,0.415,0.405,0.41,0.5
MVR,24/07/2026,45.19,45.19,44.33,44.33,30473,34.56,34.1,35.7,37,36.52,37.62,37.92,37.58,37.23,38.97,40.15,40.32,41.41,41.32,41.23,40.16,42.39,41.06,42.69,43.09,43.89,42.99,44.4,43.37,44.47,45.81,47.33,46.95,44.9,46.19,46.73,49.25,47.66,46.5,44.31,45.22,47.34,49.32,49.7,48.45,47.77,49.23,49,49,49.65,48.6,48.52,47.92,45.65,46.06,44.49,43.43,44.33
MVS,24/07/2026,20.57,20.57,20.07,20.16,9597,20.38,20.42,21.43,21.68,21.81,22.35,22.54,22.71,22.7,22.56,23.16,23.02,23.54,23.38,23.25,22.57,22.79,22.07,23.38,22.99,23.03,23.24,23.76,23.47,23.71,24.11,24.45,23.59,21.79,21.94,22.44,23.21,22.08,20.79,19.87,19.43,19.67,20.52,20.95,20.72,20.14,20.67,20.59,20.05,20.87,20.67,20.85,21.54,20.76,20.65,20.69,20.38,20.16
MVW,24/07/2026,37.76,37.76,37.48,37.54,123679,39,39,39.53,40.18,40.67,40.25,39.95,39.83,39.67,39.6,40.25,40.15,40.17,40.44,39.6,39,38.76,38.02,39.15,38.86,38.54,38.39,38.88,38.14,38.3,38.71,38.86,38.61,37.49,37.64,38.21,38.95,38.1,37.09,36.43,36.86,36.9,38.17,38.68,38.08,38.09,37.83,37.65,37.5,37.86,37.42,38.98,38.93,38.76,38.27,37.96,38.01,37.54
MX1,24/07/2026,0.0315,0.0315,0.03,0.03,210301,0.065,0.08,0.079,0.085,0.082,0.077,0.085,0.095,0.079,0.0805,0.1,0.105,0.105,0.115,0.11,0.098,0.091,0.082,0.086,0.087,0.086,0.088,0.092,0.1,0.088,0.092,0.087,0.088,0.086,0.081,0.07,0.075,0.067,0.065,0.063,0.055,0.051,0.055,0.055,0.054,0.052,0.054,0.046,0.045,0.041,0.042,0.037,0.038,0.032,0.036,0.033,0.033,0.03
MXI,24/07/2026,1.5,1.55,1.5,1.5,356681,2.3,2.3,2.26,2.26,2.4,2.54,2.55,2.5,2.37,2.39,2.31,2.4,2.39,2.39,2.45,2.37,2.38,2.39,2.37,2.39,2.38,2.21,2.26,2.21,2.25,2.17,2.19,2.18,2.17,2.17,2.08,1.955,1.93,1.99,2,1.94,1.95,1.94,1.87,1.855,1.785,1.67,1.525,1.5,1.65,1.465,1.385,1.365,1.3975,1.385,1.41,1.41,1.5
MXO,24/07/2026,0.054,0.054,0.05,0.05,284668,0.051,0.057,0.055,0.054,0.053,0.058,0.061,0.057,0.057,0.05,0.049,0.051,0.048,0.057,0.058,0.052,0.053,0.048,0.053,0.055,0.055,0.051,0.055,0.057,0.056,0.053,0.051,0.05,0.046,0.047,0.048,0.052,0.05,0.049,0.047,0.047,0.048,0.045,0.051,0.048,0.048,0.049,0.048,0.046,0.047,0.046,0.047,0.047,0.05,0.053,0.052,0.053,0.05
MXT,24/07/2026,1.945,1.95,1.93,1.93,1697039,2.06,2.04,2.05,2.05,2.05,2.04,2.04,1.97,1.99,1.99,1.965,1.95,1.94,1.96,1.935,1.93,1.95,1.94,1.94,1.92,1.94,1.95,1.965,1.99,1.99,1.995,1.99,1.98,2,1.99,1.995,1.985,1.925,1.9,1.91,1.91,1.915,1.94,1.945,1.965,1.965,1.925,1.91,1.93,1.92,1.93,1.915,1.9,1.905,1.93,1.94,1.94,1.93
MYE,24/07/2026,0.46,0.46,0.395,0.45,808222,0.155,0.155,0.15,0.15,0.14,0.145,0.14,0.15,0.145,0.13,0.135,0.13,0.13,0.13,0.1275,0.13,0.125,0.12,0.125,0.12,0.13,0.13,0.13,0.14,0.15,0.155,0.155,0.155,0.145,0.15,0.16,0.18,0.2,0.19,0.195,0.19,0.185,0.18,0.18,0.18,0.2,0.19,0.205,0.215,0.245,0.23,0.24,0.3,0.305,0.3,0.36,0.345,0.45
MYG,24/07/2026,2.3,2.335,2.27,2.28,107950,1.1,1.295,1.28,1.2,1.14,1.53,1.48,1.485,1.4,1.46,1.45,1.715,1.71,1.74,1.945,1.99,2.29,2.11,2.55,2.58,2.54,2.72,2.97,3.2,3.25,2.95,3.15,3.09,2.7,2.54,2.67,2.97,2.32,1.99,1.98,2,2.2,2.23,2.25,2.49,2.57,2.71,3.01,2.9,3,3.02,2.82,3.27,3.05,2.81,2.48,2.53,2.28
MYR,24/07/2026,0.255,0.255,0.245,0.25,7478215,0.615,0.605,0.625,0.665,0.655,0.665,0.69,0.67,0.645,0.465,0.48,0.455,0.435,0.425,0.395,0.385,0.4,0.41,0.46,0.43,0.47,0.475,0.475,0.475,0.48,0.465,0.485,0.435,0.4,0.37,0.37,0.375,0.33,0.285,0.285,0.325,0.295,0.28,0.285,0.275,0.26,0.275,0.25,0.23,0.235,0.24,0.255,0.29,0.31,0.3,0.295,0.265,0.25
MYS,24/07/2026,4.77,4.86,4.77,4.81,185073,4.16,4.3,4.42,4.65,4.31,4.29,4.26,4.15,4.19,4.17,4.36,4.44,4.36,4.47,4.45,4.5,4.34,4.33,4.45,4.43,4.55,4.76,4.62,4.57,4.56,4.61,4.54,4.48,4.49,4.66,4.8,4.55,4.38,4.24,4.64,4.42,4.45,4.74,4.61,4.42,4.68,4.72,4.51,4.5,4.46,4.36,4.56,4.66,4.61,4.6,4.75,4.81,4.81
MYX,24/07/2026,2.73,2.73,2.67,2.71,143096,5.25,5.07,4.99,5.12,5.05,5.17,5.28,4.53,4.9,5.16,5.77,5.85,6.19,6.17,4.25,4.9,4.85,4.45,3.71,3.21,3.25,3.12,3.13,3.19,3.17,2.84,2.9,2.8,2.63,2.62,2.65,2.52,2.54,2.38,2.2,2.28,2.33,2.24,2.51,2.57,2.78,2.58,2.31,2.43,2.4,2.3,2.41,2.34,2.57,2.76,2.87,2.88,2.71
N1H,24/07/2026,0.08,0.08,0.08,0.08,0,0.11,0.11,0.11,0.11,0.105,0.105,0.105,0.105,0.105,0.1,0.1,0.1,0.1,0.115,0.115,0.115,0.125,0.17,0.17,0.145,0.105,0.105,0.115,0.115,0.115,0.115,0.1,0.105,0.105,0.105,0.105,0.105,0.105,0.105,0.105,0.105,0.1,0,0.1,0.1,0.1,0.12,0.12,0.09,0.09,0.09,0.09,0.09,0.092,0.091,0.08,0.08,0.08
NAB,24/07/2026,39.81,40.39,39.81,40.39,3829590,37.51,38.44,38.49,39.19,42.47,42.79,43.17,43.54,43.79,43.64,44.6,44.02,43.3,43.25,43.62,43.44,41.48,40.56,40.1,40.86,42.13,42.14,42.43,42.4,41.02,42.67,42.35,43.37,43.36,46.01,48.32,49.02,46.82,47.11,45.57,41.99,41.8,45.36,42.55,40.08,39.83,38.36,36.52,37.85,37.33,36.59,36.5,37.74,37.51,38.57,39.61,39.85,40.39
NABPH,24/07/2026,103.09,103.32,103.03,103.07,11259,104.16,104.5,104.58,104.56,104.9,105.02,103.1,103.7,103.35,103.6,103.76,103.68,103.8,104,104.14,104.2,104.24,104.47,104.11,103.2,103.27,103.65,103.55,103.78,103.7,103.79,103.65,103.81,104.35,104.73,104.5,104.65,103.12,102.66,103.12,103.03,102.83,102.9,103,103.65,103.5,103.4,103.54,103.47,103.83,102.59,102.1,102.71,103.11,103.2,102.9,103.26,103.07
NABPI,24/07/2026,105.4,105.6,105.389,105.6,13086,104.35,104.85,105.72,105.24,105.85,105.5,104.55,104.65,105.4,105.13,105.06,104.8,104.71,105.7,105.6,105.22,105.35,105.479,105.22,104,104.17,104.94,104.88,104.9,105.5,105,104.79,104.92,105.9,106,105.35,105.45,104.77,104.07,104.14,104.14,104.2,103.9,104.15,104.1,104,104.17,104.78,105.2,105.4,104.069,103.82,104.97,105.45,105.68,105.5,105.43,105.6
NABPJ,24/07/2026,105.1,105.669,105,105.379,12746,104,104.6,104.78,104.53,104.36,104.99,104.2,104.35,104.6,104.25,104.48,104.1,104.39,104.1,104.46,104.45,104.95,104.7,104.55,104,103.51,104.25,104.14,104.5,104.57,104.99,104.61,104.5,105.97,105.3,104.67,105.053,104.1,103.4,103.81,103.68,103.65,103.25,103.3,103.1,103.02,103.6,104.11,104.78,104.71,103.879,103.08,104.39,105.11,105.24,105.06,105.5,105.379
NABPK,24/07/2026,106.08,106.85,106.08,106.7,5360,103.596,103.53,104.001,104.5,104.65,104.45,103.98,104.5,104.45,104.25,104.56,105.58,104.24,104.52,105.19,104.58,104.25,104.5,104.89,103.85,103.9,104.74,105.33,105,105,104.8,104.65,104.75,106.05,105.75,105.21,106.26,104.85,104.2,104.1,104.14,104,103.67,104.05,103.92,103.7,103.94,104,104.37,105.48,103.97,104.22,105.13,106.32,107.01,106.52,106.83,106.7
NAC,24/07/2026,0.585,0.585,0.57,0.57,9709,0.505,0.5,0.505,0.54,0.595,0.58,0.59,0.55,0.615,0.6,0.575,0.645,0.605,0.65,0.64,0.59,0.66,0.64,0.615,0.65,0.67,0.67,0.7,0.7,0.7,0.7,0.675,0.69,0.645,0.68,0.665,0.655,0.65,0.585,0.6,0.61,0.62,0.6,0.615,0.565,0.58,0.59,0.585,0.59,0.57,0.575,0.555,0.56,0.5,0.51,0.53,0.55,0.57
NACGA,24/07/2026,98.1,98.1,98.1,98.1,0,92,95.5,95.5,94.5,92.1,94,94,94,95,95,95,93,94,94,94.01,94.5,94.5,94.5,94.5,94.5,94.5,94.5,94.5,94.5,94.5,95.5,95.5,95.5,95.5,95.5,97,98,98.35,97,98,98,98,0,98,98,98,96,96.5,96,96,96,96,96,96,97.25,97.25,97.5,98.1
NACO,24/07/2026,0.001,0.001,0.001,0.001,0,0.01,0.005,0.007,0.007,0.007,0.007,0.007,0.007,0.009,0.01,0.01,0.009,0.01,0.01,0.01,0.01,0.009,0.009,0.009,0.009,0.009,0.009,0,0.01,0.01,0.009,0.009,0.01,0.01,0.009,0.009,0.006,0.006,0.006,0.006,0.006,0,0,0.006,0.006,0.006,0.006,0.006,0.001,0.001,0.005,0.005,0.005,0.01,0.001,0,0.001,0.001
NAE,24/07/2026,0.002,0.002,0.002,0.002,137999,0.004,0.0035,0.003,0.003,0.003,0.003,0.003,0.003,0.003,0.003,0.003,0.003,0.003,0.003,0.003,0.003,0.0035,0.003,0.003,0.0025,0.0025,0.0025,0.003,0.0035,0.004,0.0035,0.0035,0.0035,0.0025,0.003,0.005,0.005,0.004,0.004,0.003,0.002,0.0025,0.002,0.003,0.002,0.0025,0.002,0.002,0.002,0.002,0.002,0.002,0.002,0.001,0.003,0.0025,0.003,0.002
NAEO,24/07/2026,0.001,0.001,0.001,0.001,0,0,0,0,0,0,0,0,0,0,0,0,0,0,0,0,0,0,0,0,0,0,0,0,0,0,0,0,0,0,0.001,0.001,0.001,0.001,0.001,0.001,0.001,0,0,0.001,0.001,0.001,0.001,0.001,0.001,0.001,0.001,0.001,0.001,0.001,0.001,0,0.001,0.001
NAG,24/07/2026,0.009,0.009,0.009,0.009,100000,0.016,0.013,0.016,0.014,0.014,0.013,0.014,0.012,0.013,0.014,0.018,0.015,0.018,0.016,0.015,0.012,0.013,0.012,0.013,0.01,0.01,0.011,0.011,0.011,0.0105,0.012,0.01,0.015,0.016,0.016,0.015,0.016,0.013,0.013,0.012,0.013,0.012,0.012,0.012,0.012,0.012,0.012,0.011,0.011,0.0105,0.009,0.01,0.009,0.009,0.009,0.009,0.01,0.009
NAN,24/07/2026,2.99,3,2.94,2.98,277594,3.85,3.87,3.96,4.02,4.05,4.48,4.02,3.89,4.16,4.23,4.44,4.65,4.64,4.47,4.58,4.24,4.01,3.97,4.28,4.17,3.96,4.05,3.98,3.92,4.14,4.05,4,3.88,3.83,3.57,3.74,3.42,3.44,3.46,3.47,3.7,3.7,3.72,3.54,3.7,3.36,3.4,3.47,3.29,3.16,3.18,3.32,3.31,3.22,3.35,3.24,3.15,2.98
NC1,24/07/2026,0.115,0.115,0.115,0.115,55320,0.11,0.115,0.105,0.1,0.105,0.098,0.097,0.092,0.095,0.115,0.145,0.165,0.18,0.165,0.15,0.12,0.12,0.1,0.105,0.1,0.096,0.093,0.098,0.135,0.17,0.33,0.33,0.26,0.215,0.28,0.255,0.26,0.235,0.21,0.17,0.16,0.18,0.175,0.195,0.19,0.245,0.21,0.21,0.175,0.175,0.17,0.135,0.13,0.125,0.125,0.13,0.115,0.115
NC6,24/07/2026,0.076,0.076,0.076,0.076,100009,0.08,0.083,0.085,0.083,0.078,0.078,0.06,0.07,0.06,0.058,0.06,0.065,0.052,0.052,0.055,0.045,0.041,0.047,0.04,0.045,0.042,0.05,0.052,0.049,0.059,0.065,0.069,0.071,0.061,0.066,0.072,0.071,0.065,0.071,0.074,0.063,0.074,0.079,0.082,0.082,0.078,0.079,0.078,0.077,0.068,0.068,0.053,0.051,0.049,0.067,0.074,0.072,0.076
NC6OB,24/07/2026,0.01,0.01,0.01,0.01,0,0.016,0.016,0.016,0.016,0.016,0.016,0.014,0.014,0.014,0.014,0.014,0.014,0.014,0.014,0.014,0.014,0.014,0.014,0.014,0.014,0.014,0.014,0,0.014,0.014,0.014,0.014,0.014,0.014,0.014,0.014,0.014,0.014,0.014,0.014,0.014,0,0,0.019,0.03,0.03,0.03,0.03,0.03,0.03,0.03,0.03,0.01,0.01,0.01,0,0.01,0.01
NCC,24/07/2026,0.45,0.45,0.435,0.445,10429,0.295,0.295,0.29,0.33,0.37,0.375,0.385,0.39,0.42,0.425,0.44,0.415,0.43,0.42,0.44,0.42,0.4,0.415,0.425,0.41,0.405,0.41,0.42,0.435,0.44,0.435,0.44,0.425,0.42,0.42,0.44,0.43,0.42,0.44,0.445,0.445,0.415,0.41,0.42,0.42,0.425,0.4,0.4,0.425,0.4,0.4,0.39,0.39,0.385,0.385,0.385,0.435,0.445
NCCGA,24/07/2026,89,89,89,89,0,84,84.5,84.7,87.9,86,86,86,86,87,86.5,86.5,87.25,87,86.513,86.513,87,88.9,86.52,86.52,86.01,86.01,86,86.01,86.01,86.61,88.95,88.95,88.95,88.25,88.5,88.5,88.1,88.1,88.1,89.5,85.1,87.5,0,87.5,87.5,87.5,87.5,87.5,87.5,88,88,89.5,89.5,89,89,89,89,89
NCCO,24/07/2026,0.001,0.001,0.001,0.001,3144,0.001,0.001,0.001,0.001,0.004,0.004,0.004,0.004,0.001,0.001,0.007,0.008,0.009,0.009,0.008,0.008,0.008,0.008,0.008,0.002,0.002,0.002,0,0.001,0.001,0.001,0.001,0.001,0.001,0.002,0.004,0.004,0.004,0.001,0.001,0.001,0,0,0.001,0.001,0.001,0.001,0.001,0.001,0.001,0.001,0.001,0.001,0.001,0.001,0,0.001,0.001
NCK,24/07/2026,15.26,15.42,15.03,15.05,307744,18.65,19.37,20.49,22.39,23.51,24.28,24.12,23.64,24.13,23.34,23.13,22.78,22.14,22.35,25.42,24.08,23.19,22.68,23.88,23.18,21.61,21.16,24.04,23.6,23.83,25.51,25.6,24.56,23.67,18.48,18.71,18.65,17.18,15.95,15.47,15.77,15.54,16.19,15.63,14.93,14.9,14.64,13.89,13.38,14.43,13.84,15.46,16.43,15.86,16,16.1,15.48,15.05
NDIA,24/07/2026,59.23,59.23,58.52,58.52,3615,74.1,74.77,72.71,73.42,75.3,72.55,72.7,72.01,73.05,72.22,71.8,72.83,75.49,76.37,74.44,74.25,74.88,76.31,75.73,73.4,72.34,73,73.28,73.1,72.13,71.7,68.34,66.3,68.55,67.14,67.27,66.28,64.77,61,60,60.94,60.03,62.89,62.55,61.16,60.7,60.69,59.24,59.5,60,59.14,59.46,61.7,62.61,62.09,60.7,60.27,58.52
NDO,24/07/2026,0.345,0.355,0.345,0.345,48927,0.68,0.665,0.635,0.66,0.695,0.66,0.67,0.66,0.65,0.645,0.645,0.65,0.64,0.605,0.63,0.625,0.6,0.585,0.59,0.595,0.58,0.58,0.56,0.6125,0.6,0.59,0.54,0.525,0.49,0.475,0.415,0.465,0.47,0.405,0.41,0.42,0.4,0.4,0.39,0.36,0.36,0.36,0.345,0.28,0.29,0.37,0.35,0.3,0.35,0.35,0.385,0.365,0.345
NDQ,24/07/2026,59.55,59.59,59,59.12,274599,52.08,53.02,52.9,54,53.03,53.35,53.52,53.18,54.66,55,55.78,56.39,55.81,57.09,58.6,57.28,56.24,55.07,57.18,57.17,56.74,55.91,56.18,55.97,56.14,56.37,54.99,54.18,51.68,51.36,52.09,51.71,52.6,51.26,50.63,50.64,50.66,52.34,54.13,55.7,56.34,58.54,60.16,60.83,62.22,62.45,61.64,63.51,62.06,62.07,61.94,59.44,59.12
NEC,24/07/2026,0.95,0.955,0.93,0.94,5241387,1.675,1.695,1.725,1.655,1.735,1.67,1.705,1.12,1.16,1.16,1.265,1.235,1.21,1.205,1.16,1.12,1.1,1.08,1.09,1.12,1.115,1.125,1.14,1.11,1.13,1.175,1.09,1.145,1.145,1.095,1.07,1.055,1.005,0.86,0.88,0.9,0.965,1.015,0.99,0.935,0.935,0.97,0.95,0.94,0.955,0.92,0.91,0.915,0.88,0.915,0.945,0.97,0.94
NEM,24/07/2026,136.3,137,134.35,134.76,294759,95.38,96.29,106.68,106.1,107.8,111.86,115.8,119.85,119.21,127.17,130.23,129.25,149.96,127.15,124.93,128,138.1,126.43,139.46,138.2,150.06,148.5,156.24,151.11,157.4,169.25,178.49,173.28,154.8,169.12,167.6,177.2,165.14,161.7,142.46,146.85,159.33,167.8,156.34,155.59,153.69,160.35,157.44,151.02,151.27,148.76,137.79,143.47,136.33,142.17,135.84,129.91,134.76
NES,24/07/2026,0.003,0.003,0.003,0.003,5914682,0.004,0.003,0.003,0.003,0.003,0.003,0.003,0.003,0.003,0.003,0.008,0.009,0.007,0.006,0.007,0.006,0.0055,0.0055,0.006,0.009,0.006,0.004,0.005,0.004,0.005,0.005,0.006,0.005,0.005,0.004,0.004,0.004,0.0045,0.004,0.0035,0.0035,0.003,0,0.004,0.004,0.004,0.003,0.004,0.004,0.004,0.004,0.004,0.003,0.003,0.0035,0.003,0.004,0.003
NESO,24/07/2026,0.0015,0.0015,0.0015,0.0015,0,0,0,0,0,0,0,0,0,0,0,0,0,0,0,0,0,0,0,0,0,0,0,0,0,0,0,0,0,0,0,0,0,0,0.001,0.0015,0.001,0,0,0.0015,0.002,0.0015,0.0015,0.002,0.002,0.0015,0.002,0.002,0.002,0.001,0.001,0,0.0015,0.0015
NEU,24/07/2026,16.5,16.9,16.31,16.46,334729,16.48,16.93,17.78,16.35,17.17,19.01,20.48,19.27,19.82,19.39,21.5,21.39,20.65,21.4,21.76,18.58,19,18.15,19.64,19.75,19.01,19.59,19.69,18.91,19.22,19.14,17.65,16.69,12.52,12.75,13.07,13.05,12.35,11.76,11.47,11.78,12.03,12.52,12.49,12.33,12.47,12.8,12.79,13.67,14.54,13.65,13.39,12.74,12.2,16.74,16.52,16.97,16.46
NFL,24/07/2026,0.11,0.11,0.11,0.11,0,0.155,0.15,0.145,0.18,0.17,0.18,0.16,0.155,0.155,0.15,0.19,0.2,0.19,0.185,0.18,0.155,0.16,0.16,0.1375,0.155,0.11,0.1,0.11,0.105,0.105,0.155,0.13,0.145,0.11,0.12,0.1,0.11,0.11,0.11,0.11,0.11,0.11,0,0.11,0.11,0.11,0.11,0.11,0.11,0.11,0.11,0.11,0.11,0.11,0.11,0.11,0.11,0.11
NFM,24/07/2026,0.006,0.006,0.006,0.006,391874,0.014,0.014,0.014,0.013,0.014,0.013,0.013,0.013,0.015,0.014,0.016,0.016,0.019,0.02,0.021,0.023,0.026,0.025,0.022,0.016,0.016,0.017,0.018,0.018,0.019,0.019,0.016,0.019,0.017,0.017,0.018,0.016,0.011,0.01,0.008,0.009,0.008,0.009,0.008,0.008,0.007,0.007,0.006,0.0065,0.007,0.007,0.006,0.007,0.006,0.006,0.007,0.006,0.006
NFNG,24/07/2026,84.3,84.3,83.6,83.6,752,88,88.3,88.7,89.6,90,89.9,89.8,90,91.39,88.331,89.2,88.5,87.51,87.54,87.5,87.1,86.26,86.61,87.9,85.489,78.11,79.51,78.1,80,79.2,80,79.5,80.5,80.01,81.6,80.5,79.5,78.75,79,79.31,80.4,79.5,79.05,80,84,80.5,81,81,81.05,83.61,84.5,85.05,83.5,83.001,82.4,84,83.2,83.6
NGE,24/07/2026,1.225,1.225,1.225,1.225,0,1.125,1.125,1.155,1.18,1.19,1.22,1.22,1.24,1.24,1.26,1.26,1.34,1.31,1.28,1.345,1.365,1.275,1.25,1.25,1.25,1.28,1.28,1.34,1.265,1.36,1.365,1.385,1.415,1.38,1.395,1.32,1.34,1.335,1.35,1.3,1.355,1.33,1.31,1.31,1.345,1.255,1.25,1.31,1.26,1.26,1.26,1.25,1.285,1.21,1.25,1.25,1.25,1.225
NGI,24/07/2026,2.28,2.39,2.28,2.37,362078,1.815,1.91,1.955,2.05,2.17,2.14,2.23,2.04,2.09,2.16,2.17,2.14,2.05,2.36,2.49,2.79,2.95,2.94,2.89,2.82,2.94,2.96,2.98,2.98,2.95,3.12,3.23,3.17,2.95,2.9,3.02,2.53,2.39,2.12,2.01,2.04,2.05,2.1,2.29,2.39,2.48,2.7,2.53,2.42,2.6,2.41,2.37,2.37,2.53,2.52,2.45,2.36,2.37
NGS,24/07/2026,0.022,0.022,0.022,0.022,0,0.024,0.021,0.021,0.021,0.022,0.02,0.018,0.02,0.02,0.02,0.02,0.02,0.02,0.02,0.02,0.019,0.019,0.023,0.022,0.023,0.021,0.021,0.021,0.021,0.022,0.022,0.021,0.02,0.022,0.02,0.02,0.02,0.02,0.018,0.022,0.017,0.02,0.02,0.018,0.017,0.02,0.025,0.025,0.02,0.02,0.021,0.02,0.022,0.021,0.022,0.022,0.022,0.022
NGSOA,24/07/2026,0.002,0.002,0.002,0.002,0,0.003,0.003,0.003,0.003,0.003,0.003,0.003,0.003,0.003,0.003,0.003,0.003,0.003,0.002,0.002,0.002,0.002,0.002,0.002,0.002,0.002,0.002,0,0.002,0.002,0.002,0.002,0.002,0.002,0.002,0.002,0.002,0.002,0.002,0.002,0.002,0,0,0.002,0.002,0.002,0.002,0.002,0.002,0.002,0.002,0.002,0.002,0.002,0.002,0,0.002,0.002
NGX,24/07/2026,0.085,0.088,0.085,0.088,27931,0.14,0.145,0.14,0.13,0.13,0.155,0.16,0.145,0.17,0.18,0.165,0.165,0.17,0.155,0.15,0.16,0.135,0.14,0.135,0.14,0.145,0.135,0.13,0.13,0.135,0.13,0.125,0.125,0.135,0.12,0.11,0.115,0.115,0.12,0.105,0.11,0.093,0,0.105,0.09,0.085,0.11,0.1,0.1,0.1,0.105,0.092,0.093,0.09,0.1,0.09,0.08,0.088
NGY,24/07/2026,0.041,0.041,0.04,0.04,362317,0.035,0.034,0.035,0.032,0.035,0.034,0.035,0.031,0.033,0.032,0.03,0.031,0.027,0.028,0.028,0.026,0.024,0.025,0.023,0.026,0.029,0.035,0.028,0.033,0.034,0.036,0.039,0.037,0.04,0.044,0.047,0.038,0.038,0.038,0.047,0.046,0.035,0.032,0.04,0.036,0.039,0.034,0.035,0.031,0.032,0.029,0.028,0.027,0.028,0.045,0.04,0.038,0.04
NH3,24/07/2026,0.096,0.098,0.094,0.095,240279,0.053,0.059,0.063,0.063,0.057,0.053,0.041,0.049,0.05,0.052,0.08,0.115,0.135,0.11,0.105,0.094,0.1,0.095,0.09,0.091,0.1,0.1,0.097,0.088,0.085,0.084,0.08,0.09,0.076,0.075,0.072,0.073,0.078,0.088,0.071,0.081,0.079,0.086,0.088,0.089,0.115,0.115,0.12,0.105,0.096,0.092,0.09,0.095,0.1,0.11,0.105,0.1,0.095
NHC,24/07/2026,5.61,5.66,5.54,5.59,1494039,4.32,4.18,4.52,4.54,4.36,4.43,4.46,4.32,4.19,4.12,3.91,3.92,3.98,4,4.15,4.27,4.28,3.86,3.82,3.99,4.04,3.92,4.04,4.05,4.07,4.42,4.56,4.51,4.57,4.72,4.76,4.69,5.04,5.35,5.71,5.66,5.84,5.18,5.28,5.33,5.53,5.03,5.23,5.5,5.84,6.08,6.04,5.49,5.38,5.37,5.26,5.23,5.59
NHE,24/07/2026,0.031,0.032,0.029,0.029,5285769,0.035,0.045,0.045,0.05,0.043,0.04,0.041,0.048,0.04,0.037,0.0385,0.039,0.031,0.031,0.027,0.033,0.033,0.0345,0.043,0.041,0.041,0.04,0.037,0.037,0.04,0.038,0.034,0.035,0.033,0.03,0.028,0.03,0.03,0.029,0.035,0.036,0.038,0.029,0.028,0.028,0.028,0.027,0.028,0.038,0.049,0.029,0.028,0.026,0.026,0.029,0.028,0.028,0.029
NHF,24/07/2026,7.48,7.55,7.45,7.46,891417,7.32,7.39,7.63,7.66,7.71,7.68,7.37,7.53,7.62,7.42,7.53,7.53,7.27,7.31,7.54,7.49,7.44,7.07,7.17,6.72,6.9,6.96,6.88,6.87,6.86,6.66,6.62,6.73,6.46,6.38,6.53,6.41,6.05,6.14,6.12,6.33,6.4,6.58,6.63,6.5,6.78,6.64,6.62,6.81,6.68,6.59,6.99,6.93,7,7.09,7.21,7.31,7.46
NHU,24/07/2026,0.092,0.092,0.091,0.091,50683,0,0,0,0,0,0,0,0,0,0,0,0,0,0,0,0,0,0,0,0,0,0,0,0,0,0,0,0,0,0,0,0,0,0,0,0,0,0,0,0,0,0,0,0,0,0,0,0,0,0,0.11,0.09,0.091
NIC,24/07/2026,0.9,0.9,0.835,0.835,10785286,0.785,0.735,0.74,0.745,0.73,0.7,0.725,0.7,0.7,0.73,0.76,0.78,0.735,0.74,0.74,0.67,0.73,0.68,0.725,0.75,0.775,0.755,0.81,0.9,0.915,0.91,0.935,0.915,0.89,0.975,1.015,1.01,0.905,0.955,0.885,0.9,0.91,0.965,0.99,0.995,1.065,1.09,1.04,1.01,1.06,1.015,0.955,0.955,0.9,0.94,0.89,0.85,0.835
NIM,24/07/2026,0.042,0.043,0.042,0.042,94047,0.091,0.057,0.072,0.07,0.071,0.068,0.07,0.07,0.073,0.069,0.069,0.072,0.072,0.078,0.071,0.074,0.069,0.063,0.065,0.064,0.063,0.055,0.058,0.065,0.06,0.063,0.064,0.06,0.068,0.065,0.062,0.064,0.075,0.071,0.067,0.062,0.061,0.062,0.06,0.06,0.061,0.059,0.0585,0.058,0.051,0.05,0.048,0.049,0.041,0.04,0.037,0.042,0.042
NME,24/07/2026,0.011,0.011,0.011,0.011,0,0.022,0.023,0.023,0.026,0.022,0.026,0.028,0.028,0.025,0.023,0.025,0.024,0.024,0.021,0.022,0.024,0.023,0.022,0.019,0.02,0.021,0.02,0.019,0.019,0.019,0.018,0.02,0.019,0.018,0.018,0.019,0.018,0.014,0.018,0.018,0.018,0.017,0,0.018,0.018,0.018,0.019,0.018,0.019,0.019,0.018,0.016,0.014,0.012,0.012,0.012,0.011,0.011
NMG,24/07/2026,0.045,0.047,0.0435,0.045,21394986,0.017,0.017,0.0175,0.019,0.018,0.02,0.024,0.029,0.03,0.029,0.033,0.032,0.031,0.028,0.032,0.033,0.036,0.035,0.04,0.041,0.045,0.048,0.049,0.048,0.049,0.061,0.073,0.068,0.062,0.064,0.063,0.066,0.062,0.054,0.042,0.045,0.048,0.05,0.048,0.047,0.05,0.047,0.046,0.043,0.043,0.045,0.038,0.047,0.042,0.046,0.042,0.041,0.045
NMR,24/07/2026,0.051,0.055,0.05,0.053,3535942,0.135,0.14,0.14,0.135,0.135,0.135,0.14,0.14,0.125,0.115,0.12,0.1,0.12,0.1,0.094,0.083,0.085,0.07,0.07,0.06,0.062,0.064,0.055,0.056,0.052,0.049,0.055,0.071,0.096,0.096,0.089,0.091,0.079,0.078,0.06,0.057,0.058,0.05,0.05,0.056,0.048,0.05,0.051,0.045,0.043,0.046,0.046,0.047,0.044,0.053,0.048,0.05,0.053
NMT,24/07/2026,0.021,0.0215,0.02,0.02,951056,0.069,0.0665,0.053,0.051,0.051,0.052,0.051,0.0515,0.055,0.055,0.055,0.064,0.067,0.062,0.057,0.06,0.055,0.057,0.057,0.053,0.054,0.053,0.064,0.061,0.06,0.077,0.072,0.067,0.058,0.054,0.059,0.066,0.064,0.057,0.06,0.05,0.048,0.051,0.05,0.043,0.039,0.04,0.038,0.034,0.033,0.03,0.031,0.027,0.019,0.02,0.023,0.02,0.02
NNL,24/07/2026,0.18,0.18,0.175,0.175,61318,0.085,0.081,0.081,0.092,0.085,0.09,0.125,0.13,0.165,0.155,0.195,0.22,0.265,0.23,0.23,0.215,0.18,0.16,0.17,0.19,0.175,0.185,0.21,0.19,0.215,0.2,0.22,0.21,0.195,0.19,0.175,0.215,0.18,0.185,0.135,0.155,0.14,0.125,0.155,0.18,0.18,0.195,0.18,0.205,0.19,0.205,0.19,0.22,0.21,0.205,0.185,0.18,0.175
NNUK,24/07/2026,2.15,2.15,2.11,2.12,74365,2,2.02,1.99,2.03,2.04,2.03,1.995,2.01,2.05,2.03,2.11,2.14,2.13,2.15,2.15,2.1,2.12,2.055,2.11,2.1,2.13,2.11,2.11,2.13,2.16,2.18,2.1,2.07,2.05,2.04,2.07,2.12,2.1,2.02,2.03,2.06,2.05,2.11,2.14,2.2,2.21,2.27,2.29,2.31,2.39,2.42,2.36,2.42,2.44,2.28,2.21,2.13,2.12
NNWH,24/07/2026,1.265,1.265,1.265,1.265,23715,1.165,1.17,1.17,1.165,1.175,1.18,1.16,1.195,1.21,1.215,1.245,1.265,1.25,1.265,1.265,1.255,1.265,1.2,1.245,1.255,1.27,1.25,1.25,1.275,1.31,1.305,1.265,1.265,1.26,1.285,1.31,1.345,1.325,1.3,1.29,1.27,1.28,0,1.385,1.405,1.425,1.47,1.48,1.5,1.545,1.545,1.48,1.525,1.51,1.335,1.305,1.27,1.265
NOL,24/07/2026,1.17,1.2,1.155,1.17,185714,1.42,1.38,1.39,1.38,1.39,1.435,1.495,1.49,1.5,1.51,1.5,1.56,1.53,1.5,1.45,1.44,1.4,1.37,1.42,1.39,1.47,1.46,1.42,1.405,1.53,1.485,1.43,1.41,1.36,1.46,1.38,1.34,1.345,1.335,1.25,1.25,1.2,1.16,1.25,1.25,1.27,1.36,1.26,1.24,1.25,1.2,1.17,1.265,1.185,1.245,1.195,1.19,1.17
NOR,24/07/2026,0.019,0.02,0.016,0.017,1808356,0.022,0.02,0.02,0.018,0.017,0.018,0.019,0.018,0.017,0.02,0.018,0.02,0.024,0.022,0.018,0.018,0.018,0.016,0.017,0.015,0.013,0.014,0.014,0.013,0.013,0.013,0.013,0.013,0.012,0.015,0.016,0.014,0.012,0.01,0.012,0.011,0.011,0,0.01,0.01,0.011,0.01,0.011,0.011,0.011,0.01,0.009,0.013,0.026,0.027,0.023,0.018,0.017
NOU,24/07/2026,0.12,0.125,0.12,0.12,1044421,0.125,0.115,0.145,0.18,0.155,0.14,0.16,0.15,0.145,0.14,0.135,0.13,0.135,0.13,0.13,0.13,0.13,0.125,0.13,0.135,0.13,0.13,0.13,0.13,0.125,0.125,0.12,0.12,0.12,0.115,0.12,0.115,0.11,0.115,0.115,0.11,0.115,0.11,0.115,0.115,0.11,0.105,0.105,0.1,0.099,0.093,0.095,0.094,0.086,0.1,0.11,0.105,0.12
NOUO,24/07/2026,0.001,0.001,0.001,0.001,15405,0.002,0.002,0.002,0.002,0.003,0.003,0.002,0.002,0.003,0.003,0.003,0.003,0.003,0.003,0.002,0.003,0.003,0.003,0.003,0.003,0.003,0.003,0,0.003,0.003,0.003,0.003,0.003,0.002,0.002,0.002,0.002,0.002,0.002,0.003,0.002,0,0,0.002,0.002,0.002,0.002,0.002,0.002,0.002,0.002,0.002,0.001,0.001,0.001,0,0.001,0.001
NOV,24/07/2026,0.015,0.015,0.015,0.015,100000,0.03,0.031,0.0295,0.038,0.037,0.033,0.033,0.035,0.03,0.036,0.038,0.034,0.034,0.034,0.037,0.033,0.031,0.028,0.0305,0.032,0.032,0.03,0.0305,0.031,0.03,0.03,0.029,0.028,0.027,0.027,0.026,0.026,0.025,0.025,0.025,0.025,0.025,0.025,0.026,0.025,0.022,0.02,0.019,0.0175,0.016,0.015,0.014,0.015,0.018,0.015,0.016,0.016,0.015
NOVO,24/07/2026,0.005,0.005,0.005,0.005,0,0.005,0.005,0.005,0.005,0.005,0.005,0.005,0.005,0.005,0.005,0.005,0.005,0.005,0.005,0.005,0.005,0.005,0.005,0.005,0.005,0.005,0.005,0,0.005,0.005,0.005,0.005,0.005,0.005,0.005,0.005,0.005,0.005,0.005,0.005,0.005,0,0,0.005,0.005,0.005,0.005,0.005,0.005,0.005,0.005,0.005,0.005,0.005,0.005,0,0.005,0.005
NOVOA,24/07/2026,0.002,0.002,0.002,0.002,0,0.003,0.003,0.003,0.003,0.003,0.003,0.003,0.003,0.003,0.003,0.004,0.004,0.003,0.003,0.003,0.003,0.002,0.003,0.004,0.004,0.004,0.003,0,0.003,0.003,0.003,0.003,0.003,0.003,0.003,0.003,0.003,0.003,0.003,0.002,0.002,0,0,0.002,0.002,0.002,0.002,0.002,0.002,0.002,0.001,0.001,0.001,0.002,0.002,0,0.002,0.002
NOX,24/07/2026,0.089,0.089,0.089,0.089,0,0.075,0.12,0.11,0.115,0.115,0.115,0.105,0.098,0.11,0.098,0.092,0.105,0.093,0.093,0.094,0.092,0.09,0.089,0.084,0.093,0.099,0.097,0.088,0.094,0.091,0.076,0.081,0.077,0.059,0.075,0.073,0.066,0.061,0.061,0.06,0.059,0.06,0.064,0.075,0.076,0.075,0.07,0.06,0.064,0.086,0.081,0.077,0.073,0.09,0.092,0.091,0.082,0.089
NPM,24/07/2026,0.014,0.0145,0.0135,0.014,5740766,0.024,0.022,0.021,0.02,0.017,0.016,0.019,0.027,0.02,0.016,0.016,0.018,0.025,0.023,0.022,0.019,0.024,0.023,0.021,0.02,0.023,0.023,0.023,0.024,0.024,0.025,0.026,0.028,0.021,0.026,0.023,0.023,0.019,0.018,0.018,0.016,0.017,0.019,0.018,0.017,0.016,0.016,0.015,0.015,0.014,0.013,0.012,0.014,0.018,0.015,0.017,0.017,0.014
NRX,24/07/2026,0.012,0.012,0.012,0.012,60714,0.015,0.015,0.015,0.014,0.013,0.016,0.015,0.014,0.013,0.0145,0.016,0.015,0.016,0.017,0.0165,0.016,0.0155,0.015,0.013,0.015,0.013,0.013,0.014,0.015,0.015,0.015,0.015,0.015,0.014,0.014,0.014,0.014,0.013,0.012,0.011,0.01,0.009,0.011,0.01,0.011,0.01,0.01,0.009,0.01,0.009,0.009,0.009,0.011,0.01,0.011,0.011,0.011,0.012
NRXO,24/07/2026,0.001,0.001,0.001,0.001,0,0.004,0.004,0.003,0.003,0.003,0.003,0.003,0.002,0.003,0.004,0.006,0.006,0.006,0.006,0.006,0.006,0.006,0.006,0.006,0.006,0.006,0.006,0,0.002,0.003,0.003,0.005,0.004,0.004,0.004,0.004,0.004,0.003,0.002,0.002,0.001,0,0,0.001,0.001,0.001,0.001,0.001,0.001,0.001,0.001,0.001,0.001,0.001,0.001,0,0.001,0.001
NRZ,24/07/2026,0.001,0.001,0.001,0.001,0,0.001,0.001,0.001,0.001,0.001,0.001,0.001,0.001,0.001,0.001,0.001,0.001,0.001,0.001,0.001,0.001,0.001,0.001,0.001,0.001,0.001,0.001,0.001,0.001,0.001,0.001,0.001,0.001,0.001,0.001,0.001,0.001,0.001,0.001,0.001,0.001,0.001,0,0.001,0.001,0.001,0.001,0.001,0.001,0.001,0.001,0.001,0.001,0.001,0.001,0.001,0.001,0.001
NSB,24/07/2026,0.068,0.068,0.065,0.065,4163,0.22,0.25,0.195,0.18,0.175,0.175,0.185,0.1725,0.18,0.165,0.155,0.15,0.15,0.135,0.125,0.14,0.135,0.105,0.12,0.115,0.105,0.105,0.105,0.1,0.115,0.145,0.14,0.14,0.13,0.13,0.115,0.105,0.097,0.093,0.093,0.071,0.1,0.1,0.115,0.115,0.105,0.1,0.099,0.094,0.092,0.087,0.069,0.062,0.064,0.064,0.065,0.061,0.065
NSC,24/07/2026,0.33,0.34,0.33,0.34,78333,0.29,0.29,0.3,0.33,0.345,0.365,0.39,0.355,0.37,0.38,0.365,0.385,0.39,0.405,0.43,0.385,0.405,0.395,0.39,0.375,0.3875,0.385,0.385,0.38,0.395,0.385,0.39,0.38,0.39,0.39,0.385,0.38,0.37,0.335,0.33,0.315,0.325,0.335,0.34,0.365,0.36,0.36,0.345,0.345,0.32,0.315,0.33,0.325,0.315,0.35,0.33,0.325,0.34
NSM,24/07/2026,0.02,0.02,0.02,0.02,0,0.036,0.03,0.03,0.032,0.031,0.03,0.03,0.03,0.034,0.034,0.035,0.037,0.035,0.04,0.04,0.038,0.037,0.034,0.034,0.034,0.034,0.026,0.028,0.034,0.033,0.0295,0.03,0.035,0.03,0.029,0.029,0.031,0.029,0.03,0.03,0.027,0.027,0.03,0.03,0.028,0.028,0.028,0.023,0.0265,0.028,0.028,0.022,0.026,0.029,0.024,0.021,0.021,0.02
NST,24/07/2026,20.2,20.39,19.76,19.93,3369926,15.81,15.3,18.08,18.32,18.06,18.89,19.94,21.2,20.71,22.74,24.41,24.05,26.05,23.7,24.61,24.34,26.5,25.5,27.16,26.33,27.33,25.82,27.01,24.43,24.72,26.83,27.6,28.94,26.77,28.37,28.33,30.28,26.98,21.75,18.5,18.55,21.91,24.48,23.76,21.86,21.17,21.16,20.5,18.83,18.81,19.88,19.26,20.87,20.59,22.16,20.48,19.24,19.93
NTD,24/07/2026,0.225,0.225,0.225,0.225,0,0.22,0.25,0.25,0.275,0.32,0.32,0.345,0.32,0.35,0.34,0.325,0.31,0.3,0.3,0.3,0.29,0.3,0.29,0.28,0.28,0.255,0.24,0.23,0.25,0.245,0.235,0.235,0.23,0.235,0.25,0.23,0.205,0.19,0.165,0.19,0.175,0.17,0,0.19,0.18,0.2,0.2,0.175,0.19,0.175,0.2,0.21,0.24,0.185,0.2,0.185,0.2,0.225
NTI,24/07/2026,0.018,0.018,0.017,0.017,2005921,0.024,0.019,0.016,0.014,0.014,0.014,0.014,0.019,0.016,0.017,0.019,0.02,0.017,0.0185,0.017,0.017,0.016,0.019,0.0185,0.018,0.0185,0.017,0.015,0.0145,0.014,0.014,0.014,0.013,0.0145,0.013,0.014,0.013,0.013,0.012,0.01,0.013,0.012,0.014,0.013,0.013,0.012,0.012,0.012,0.012,0.012,0.012,0.013,0.015,0.013,0.017,0.017,0.016,0.017
NTM,24/07/2026,0.003,0.003,0.003,0.003,0,0.002,0.002,0.0015,0.001,0.002,0.003,0.002,0.003,0.003,0.0025,0.003,0.002,0.0025,0.002,0.002,0.004,0.003,0.0025,0.0025,0.0025,0.002,0.003,0.0025,0.003,0.003,0.003,0.003,0.003,0.003,0.003,0.003,0.003,0.003,0.003,0.003,0.003,0.003,0,0.003,0.003,0.003,0.003,0.003,0.003,0.003,0.003,0.003,0.003,0.003,0.003,0.003,0.003,0.003
NTU,24/07/2026,0.028,0.028,0.026,0.027,16499234,0.035,0.032,0.034,0.039,0.035,0.036,0.038,0.036,0.038,0.037,0.041,0.041,0.051,0.063,0.043,0.036,0.033,0.031,0.034,0.031,0.03,0.029,0.031,0.031,0.032,0.035,0.036,0.03,0.026,0.027,0.028,0.03,0.029,0.028,0.025,0.024,0.025,0.024,0.025,0.025,0.025,0.024,0.024,0.028,0.032,0.029,0.028,0.026,0.025,0.026,0.028,0.026,0.027
NUC,24/07/2026,0.085,0.085,0.085,0.085,0,0.15,0.175,0.175,0.16,0.16,0.15,0.15,0.15,0.125,0.125,0.14,0.135,0.13,0.13,0.14,0.16,0.165,0.17,0.16,0.16,0.155,0.125,0.125,0.125,0.135,0.135,0.135,0.125,0.135,0.12,0.12,0.16,0.125,0.13,0.13,0.18,0.135,0.14,0.14,0.15,0.14,0.115,0.12,0.12,0.15,0.125,0.105,0.11,0.1,0.075,0.08,0.085,0.085
NUF,24/07/2026,2.85,2.94,2.8,2.94,1387789,2.66,2.54,2.56,2.59,2.51,2.43,2.34,2.3,2.34,2.28,2.33,2.24,2.21,2.19,2.08,2.05,2.19,2.47,2.5,2.3,2.2,2.2,2.31,2.32,2.37,2.34,2.4,2.36,2.13,1.92,2.08,2.06,2.12,1.975,1.865,1.99,2.03,2.3,2.41,2.34,2.49,2.4,2.39,2.42,3,2.82,2.9,2.71,2.78,2.61,2.72,2.8,2.94
NUGG,24/07/2026,57.58,57.58,57.15,57.15,1112,50.69,50.85,51.71,51.14,51.61,51.95,54.13,54.59,55.07,56.99,58.13,60.02,67.1,62.87,60.69,61.37,63.66,62.42,63.83,63.15,63.01,64.99,66.27,64.8,66.21,68.11,71.89,73.89,68.9,69.73,70.46,72.2,72.28,71.75,65.87,63.78,67.32,66.91,66.3,65.18,63.62,64.84,63.26,62.63,62.53,61.88,58.87,58.58,57.74,59.63,58.64,56.56,57.15
NUZ,24/07/2026,0.063,0.063,0.06,0.06,1032862,0.17,0.17,0.155,0.15,0.155,0.155,0.15,0.15,0.15,0.13,0.145,0.14,0.14,0.125,0.115,0.11,0.11,0.105,0.105,0.1,0.11,0.11,0.085,0.082,0.082,0.082,0.097,0.09,0.093,0.093,0.095,0.092,0.082,0.096,0.084,0.08,0.081,0.083,0.0855,0.085,0.083,0.076,0.072,0.067,0.062,0.06,0.065,0.062,0.058,0.07,0.067,0.063,0.06
NVA,24/07/2026,0.595,0.595,0.535,0.545,110836,0.25,0.28,0.32,0.295,0.29,0.285,0.3,0.31,0.355,0.4,0.595,0.59,1.535,0.83,0.98,0.86,1.195,1.03,1.185,1.305,1.03,0.895,0.9,0.765,0.915,1.13,1.285,1.105,0.84,0.85,0.75,0.845,0.845,0.765,0.66,0.67,0.67,0.715,0.715,0.695,0.655,0.75,0.66,0.71,0.755,0,0,0.61,0.605,0.58,0.535,0.525,0.545
NVO,24/07/2026,0.064,0.064,0.064,0.064,99700,0.1,0.099,0.1,0.1,0.098,0.1,0.099,0.1,0.1,0.1,0.12,0.14,0.145,0.14,0.155,0.135,0.145,0.13,0.14,0.13,0.13,0.12,0.13,0.115,0.14,0.15,0.195,0.155,0.13,0.13,0.13,0.12,0.098,0.097,0.081,0.076,0.081,0.077,0.07,0.07,0.079,0.078,0.075,0.071,0.075,0.072,0.073,0.069,0.063,0.065,0.064,0.06,0.064
NVOO,24/07/2026,0.017,0.017,0.017,0.017,0,0,0,0,0,0,0,0,0,0,0,0,0,0,0,0,0,0,0,0,0,0,0,0,0,0,0,0,0,0,0,0,0,0,0,0.017,0.018,0,0,0.019,0.016,0.021,0.02,0.018,0.02,0.02,0.019,0.018,0.018,0.02,0.017,0,0.017,0.017
NVQ,24/07/2026,0.039,0.039,0.039,0.039,0,0.038,0.038,0.042,0.034,0.033,0.033,0.028,0.028,0.031,0.024,0.027,0.028,0.029,0.03,0.025,0.023,0.024,0.023,0.023,0.022,0.024,0.021,0.022,0.02,0.019,0.023,0.023,0.027,0.024,0.029,0.032,0.028,0.025,0.021,0.018,0.021,0.017,0,0.018,0.031,0.036,0.034,0.038,0.057,0.048,0.038,0.039,0.039,0.039,0.039,0.039,0.039,0.039
NVQOA,24/07/2026,0.002,0.002,0.002,0.002,0,0.005,0.004,0.006,0.003,0.004,0.003,0.003,0.003,0.002,0.002,0.002,0.002,0.002,0.002,0.002,0.002,0.002,0.002,0.002,0.001,0.001,0.001,0,0.001,0.001,0.001,0.003,0.002,0.002,0.003,0.002,0.002,0.002,0.002,0.001,0.001,0,0,0.001,0.002,0.002,0.003,0.003,0.004,0.003,0.003,0.002,0.002,0.002,0.002,0,0.002,0.002
NVU,24/07/2026,0.055,0.061,0.052,0.061,2687933,0.076,0.069,0.078,0.097,0.086,0.1,0.097,0.089,0.087,0.09,0.1,0.087,0.083,0.081,0.086,0.079,0.077,0.073,0.082,0.088,0.087,0.087,0.088,0.085,0.1,0.097,0.088,0.079,0.074,0.075,0.07,0.072,0.071,0.066,0.063,0.059,0.06,0.068,0.073,0.067,0.063,0.063,0.063,0.06,0.057,0.049,0.047,0.057,0.05,0.053,0.044,0.044,0.061
NVUO,24/07/2026,0.02,0.02,0.02,0.02,0,0.047,0.041,0.052,0.08,0.08,0.08,0.083,0.075,0.065,0.06,0.075,0.07,0.055,0.068,0.07,0.07,0.051,0.05,0.05,0.06,0.06,0.06,0,0.06,0.06,0.08,0.064,0.064,0.057,0.057,0.04,0.04,0.051,0.055,0.055,0.055,0,0,0.055,0.055,0.055,0.055,0.055,0.045,0.04,0.029,0.03,0.03,0.03,0.03,0,0.018,0.02
NVX,24/07/2026,0.145,0.145,0.14,0.145,1458961,0.555,0.43,0.445,0.485,0.545,0.57,0.485,0.46,0.46,0.425,0.475,0.77,0.75,0.695,0.575,0.465,0.455,0.41,0.465,0.435,0.42,0.415,0.43,0.415,0.565,0.425,0.415,0.38,0.335,0.33,0.335,0.355,0.32,0.285,0.265,0.27,0.255,0.285,0.285,0.265,0.27,0.255,0.23,0.25,0.255,0.24,0.235,0.175,0.15,0.155,0.155,0.15,0.145
NWH,24/07/2026,7.2,7.2,6.94,7.1,815463,3.23,3.24,3.36,3.47,3.81,3.84,4.33,4.56,4.48,4.67,4.68,4.97,4.88,4.81,4.85,4.68,4.94,4.95,5.51,5.41,5.13,5.07,5.15,5.1,5.26,5.62,5.4,5.21,5,5.42,6.33,6.54,5.99,5.66,5.45,5.5,5.37,6.1,6.1,6.16,6.44,7.03,7.62,7.13,7.63,7.16,6.96,6.81,7.25,7.23,7.12,6.83,7.1
NWL,24/07/2026,21.39,21.455,20.59,20.98,287035,36.64,37.22,36.99,37.14,36.22,34.47,31.49,31.47,30.6,28.81,30.39,32.51,32.09,31.83,30.83,29.52,28.1,27.15,28.58,26.44,26.86,25.25,26.89,25.83,25.76,25.65,25.89,24.48,23.18,21.37,25.87,25.78,24.97,21.5,20.59,21.29,21.22,23.16,25.42,24.12,23.44,22.58,22.39,22.32,21.37,21.26,21.63,21.25,19.89,22.63,23.86,23.48,20.98
NWM,24/07/2026,0.007,0.007,0.007,0.007,432,0.014,0.0125,0.012,0.014,0.012,0.0135,0.012,0.014,0.012,0.011,0.012,0.013,0.015,0.014,0.014,0.014,0.013,0.0105,0.013,0.011,0.011,0.011,0.012,0.011,0.012,0.012,0.022,0.021,0.021,0.023,0.022,0.019,0.017,0.014,0.014,0.014,0.013,0.012,0.012,0.012,0.012,0.013,0.011,0.01,0.011,0.01,0.01,0.009,0.009,0.009,0.007,0.007,0.007
NWMO,24/07/2026,0.001,0.001,0.001,0.001,0,0.002,0.002,0.001,0.001,0.001,0.001,0.001,0.001,0.001,0.001,0.001,0.001,0.003,0.003,0.003,0.003,0.003,0.003,0.003,0.003,0.003,0.003,0,0.003,0.003,0.003,0.001,0.002,0.002,0.002,0.001,0.001,0.002,0.002,0.002,0.002,0,0,0.002,0.002,0.001,0.001,0.001,0.001,0.001,0.001,0.001,0.001,0.001,0.001,0,0.001,0.001
NWMOB,24/07/2026,0.001,0.001,0.001,0.001,0,0.003,0.003,0.003,0.003,0.003,0.003,0.003,0.003,0.002,0.002,0.003,0.002,0.004,0.004,0.005,0.005,0.005,0.003,0.003,0.003,0.003,0.003,0,0.003,0.002,0.003,0.005,0.01,0.007,0.007,0.006,0.005,0.005,0.005,0.003,0.005,0,0,0.005,0.005,0.004,0.004,0.003,0.003,0.003,0.003,0.002,0.002,0.001,0.001,0,0.001,0.001
NWS,24/07/2026,45.68,45.68,42.42,42.67,46881,50.75,51.63,51.45,53.04,53.87,52.08,51.08,48.62,50.97,51.38,49.66,45.7,45.5,46.45,46.29,46.35,45.48,43.56,44.84,43.9,44.51,45.35,44.81,44.4,45.12,45.88,45.67,43.85,38.32,36.36,37.25,37.84,39.26,38.01,38.68,39.9,40.6,40.36,41.63,42.59,42.7,43.17,41.83,42.13,42.3,43.23,42.3,41.34,40.93,43.4,45.1,46.6,42.67
NWSLV,24/07/2026,40.5,40.5,40.5,40.5,0,44.3,44.5,45.75,45.08,44.05,43.5,43.5,42.5,43.25,43.6,46,42.32,42.32,38,38.01,38.5,40,40,40,38,38,38.5,38.5,38.5,37.25,41.5,38,37.5,37.5,37.5,32.3,32,32,32,32,32,34,0,33.99,34,34,34,36.5,36.5,36.47,35.5,38,35.5,36,38,38.25,38,40.5
NX1,24/07/2026,0.011,0.011,0.011,0.011,0,0,0,0,0,0,0,0,0,0,0,0,0,0,0,0,0,0,0,0,0,0,0,0,0,0,0,0,0,0,0,0.026,0.028,0.021,0.0235,0.025,0.024,0.017,0.018,0.023,0.021,0.022,0.024,0.022,0.025,0.023,0.017,0.02,0.013,0.018,0.01,0.01,0.011,0.011
NXD,24/07/2026,0.082,0.082,0.081,0.081,317622,0.23,0.22,0.21,0.22,0.225,0.235,0.23,0.215,0.21,0.19,0.195,0.21,0.205,0.205,0.24,0.265,0.41,0.34,0.32,0.29,0.29,0.265,0.29,0.33,0.28,0.255,0.25,0.25,0.26,0.215,0.18,0.22,0.17,0.165,0.17,0.165,0.18,0.18,0.16,0.165,0.15,0.15,0.13,0.12,0.125,0.125,0.091,0.099,0.082,0.0935,0.089,0.088,0.081
NXG,24/07/2026,13.25,13.45,13.16,13.16,590518,11.14,10.45,10.7,10.54,10.22,11.75,11.69,11.82,12.55,13.73,13.45,13.46,13.62,12.95,15.04,12.68,12.44,11.82,13.5,14.83,14.2,12.88,14.21,14.3,15.89,17.36,18.3,18.68,15.6,16.05,17.64,18.03,17.7,17.61,16.2,16.27,16.34,16.31,17.57,17.81,17.35,17.06,16.36,14.91,15.85,15.94,13.76,14.63,13.94,14.14,13.83,12.56,13.16
NXL,24/07/2026,1.19,1.2025,1.155,1.165,621578,2.49,2.35,2.33,2.48,2.17,2.66,2.43,2.4,2.84,2.74,3.15,3.11,2.82,2.92,2.45,2.1,1.935,1.76,1.965,1.86,1.82,1.84,1.895,1.835,1.86,1.74,1.97,1.725,1.495,1.38,1.36,1.915,1.83,1.64,1.35,1.235,1.2,1.14,1.265,1.535,1.49,1.475,1.43,1.315,1.385,1.48,1.385,1.265,1.125,1.185,1.29,1.215,1.165
NXM,24/07/2026,0.047,0.047,0.047,0.047,0,0.06,0.058,0.061,0.06,0.06,0.064,0.078,0.07,0.07,0.07,0.073,0.07,0.085,0.08,0.083,0.082,0.078,0.075,0.077,0.079,0.073,0.068,0.072,0.071,0.076,0.07,0.072,0.071,0.062,0.065,0.07,0.071,0.068,0.064,0.053,0.052,0.046,0.048,0.049,0.047,0.05,0.057,0.056,0.054,0.064,0.061,0.059,0.052,0.046,0.048,0.044,0.047,0.047
NXN,24/07/2026,0.28,0.29,0.28,0.29,174785,0,0,0,0,0,0,0,0,0,0,0,0,0.285,0.205,0.22,0.17,0.17,0.155,0.17,0.16,0.14,0.155,0.16,0.15,0.195,0.18,0.2,0.2,0.165,0.165,0.185,0.18,0.155,0.15,0.16,0.175,0.195,0.185,0.19,0.185,0.2,0.19,0.225,0.26,0.25,0.255,0.25,0.225,0.225,0.305,0.28,0.275,0.29
NXT,24/07/2026,13.84,13.88,13.33,13.42,2417562,14.38,14.33,14.51,14.4,14.36,16.5,16.52,17.32,17.81,17.49,16.94,16.23,16.14,16.21,15.76,15.13,13.82,13.51,13.57,13.86,13.51,11.94,12.97,12.54,12.54,13,13.32,13.32,12.71,14.02,13.92,13.88,13.69,13.19,12.86,11.44,11.26,12.82,14.12,14.95,14.25,14.79,14.87,14.95,15.24,15.86,14.56,15.18,14.06,13.41,13.94,13.12,13.42
NYM,24/07/2026,0.047,0.047,0.047,0.047,82221,0.04,0.041,0.038,0.043,0.042,0.04,0.04,0.038,0.035,0.035,0.037,0.04,0.042,0.04,0.038,0.04,0.04,0.039,0.036,0.033,0.031,0.031,0.031,0.032,0.034,0.038,0.035,0.031,0.024,0.024,0.023,0.025,0.025,0.02,0.019,0.018,0.02,0,0.053,0.062,0.058,0.065,0.062,0.055,0.059,0.063,0.058,0.05,0.047,0.051,0.05,0.047,0.047
NYR,24/07/2026,0.555,0.56,0.52,0.54,150277,0.33,0.37,0.3,0.275,0.27,0.26,0.29,0.265,0.28,0.285,0.325,0.33,0.35,0.465,0.81,0.79,0.725,0.68,0.71,0.76,0.85,0.75,0.85,1.185,1.15,0.945,1.02,0.84,0.745,0.79,0.58,0.665,0.6325,0.515,0.5,0.57,0.625,0.605,0.585,0.585,0.58,0.56,0.56,0.55,0.5,0.49,0.44,0.465,0.4,0.44,0.43,0.52,0.54
NZK,24/07/2026,0.19,0.19,0.19,0.19,0,0.215,0.2,0.21,0.21,0.19,0.185,0.175,0.18,0.185,0.19,0.185,0.19,0.18,0.175,0.195,0.185,0.17,0.17,0.175,0.18,0.18,0.17,0.18,0.185,0.175,0.18,0.195,0.175,0.185,0.17,0.165,0.175,0.175,0.165,0.165,0.18,0.17,0.165,0.2,0.2,0.2,0.175,0.18,0.17,0.2,0.21,0.185,0.205,0.185,0.19,0.18,0.195,0.19
NZM,24/07/2026,0.875,0.885,0.87,0.87,879,1.06,1.055,1.04,1,1.01,1,1.08,0.99,0.945,0.91,0.885,0.95,0.91,0.945,1.025,1.015,1.025,1.025,1.035,1.025,1.02,1.01,1.025,0.98,0.98,0.98,0.995,0.98,0.97,0.94,0.945,1,0.96,0.935,0.945,0.9,0.92,0.9,0.88,0.9,0.9,0.905,0.93,0.91,0.935,0.95,0.935,0.91,0.88,0.885,0.885,0.875,0.87
OAK,24/07/2026,0.072,0.072,0.072,0.072,0,0.069,0.067,0.068,0.068,0.072,0.085,0.078,0.078,0.086,0.091,0.091,0.091,0.093,0.098,0.09,0.083,0.084,0.084,0.084,0.084,0.075,0.075,0.075,0.075,0.08,0.1,0.1,0.09,0.085,0.08,0.08,0.075,0.075,0.075,0.065,0.063,0.063,0,0.064,0.075,0.094,0.09,0.084,0.08,0.085,0.08,0.082,0.08,0.079,0.072,0.071,0.071,0.072
OB1,24/07/2026,0.013,0.013,0.013,0.013,0,0.001,0.001,0.001,0.001,0.001,0.001,0.001,0.001,0.0015,0,0.022,0.023,0.021,0.021,0.021,0.019,0.019,0.019,0.019,0.019,0.017,0.017,0.014,0.019,0.018,0.017,0.017,0.018,0.015,0.017,0.017,0.016,0.017,0.016,0.015,0.015,0.014,0.015,0.014,0.0145,0.016,0.014,0.014,0.013,0.012,0.012,0.012,0.013,0.012,0.011,0.013,0.013,0.013
OB1O,24/07/2026,0.001,0.001,0.001,0.001,0,0.001,0.001,0.001,0.001,0.001,0.001,0.001,0.001,0.001,0,0.001,0.001,0.001,0.001,0.001,0.001,0.001,0.001,0.001,0.002,0.002,0.002,0,0.002,0.002,0.002,0.002,0.002,0.002,0.002,0.001,0.001,0.001,0.001,0.001,0.001,0,0,0.001,0.001,0.001,0.001,0.001,0.001,0.001,0.001,0.001,0.001,0.001,0.001,0,0.001,0.001
OBL,24/07/2026,1.55,1.6,1.55,1.56,90929,1.47,1.435,1.475,1.51,1.505,1.615,1.745,1.765,1.79,1.755,1.65,1.615,1.59,1.59,1.595,1.47,1.56,1.5,1.575,1.555,1.51,1.53,1.45,1.43,1.445,1.435,1.6,1.54,1.475,1.495,1.535,1.585,1.575,1.59,1.465,1.575,1.58,1.795,1.74,1.725,1.63,1.665,1.735,1.65,1.665,1.65,1.69,1.645,1.615,1.6,1.69,1.635,1.56
OBM,24/07/2026,1.045,1.065,1.03,1.05,5866428,0.69,0.64,0.7,0.705,0.695,0.845,1.08,1.155,1.01,1.14,1.255,1.25,1.345,1.26,1.21,1.135,1.195,1.17,1.33,1.26,1.315,1.48,1.56,1.54,1.52,1.62,1.58,1.28,1.065,1.245,1.23,1.29,1.32,1.35,1.18,1.115,1.12,1.34,1.49,1.475,1.345,1.35,1.355,1.33,1.365,1.28,1.105,1.215,1.13,1.19,1.12,1,1.05
OCA,24/07/2026,0.61,0.61,0.61,0.61,0,0.665,0.66,0.66,0.605,0.625,0.6,0.6,0.61,0.6,0.55,0.55,0.57,0.61,0.69,0.68,0.71,0.72,0.725,0.74,0.76,0.775,0.755,0.8,0.8,0.82,0.775,0.73,0.72,0.68,0.675,0.675,0.695,0.625,0.615,0.615,0.65,0.575,0,0.575,0.575,0.605,0.59,0.565,0.52,0.64,0.6,0.58,0.61,0.61,0.615,0.615,0.615,0.61
OCC,24/07/2026,0.715,0.725,0.71,0.71,61960,1.33,1.265,1.215,1.33,1.21,1.195,1.13,1.12,1.16,1.3,1.47,1.53,1.31,1.255,1.165,1.1,1.045,1.045,1.07,1.015,1.02,1.07,1.1,1.12,1.08,1,0.97,0.92,0.91,0.92,0.92,0.95,0.885,0.81,0.735,0.75,0.805,0.82,1.035,0.87,0.9,0.86,0.835,0.805,0.765,0.78,0.735,0.735,0.76,0.755,0.845,0.725,0.71
OCL,24/07/2026,6.65,6.8,6.57,6.69,178656,18.69,19.02,19.54,19.41,21.6,20.93,20.71,20.58,20.89,20.49,20.46,19.71,18.83,20,18.45,17.96,17.37,16.75,17.93,17.4,16.73,17.63,17.13,16.48,16.66,16.76,16.29,15.2,14.02,13.19,14,12.93,12.64,12.28,12.21,11.5,11.51,11.05,11.82,11.85,11.53,11.01,10.47,10.15,10.47,11.32,10.81,10.2,10.49,6.75,6.96,7.13,6.69
OCN,24/07/2026,0.4,0.4,0.385,0.4,472051,0.069,0.068,0.07,0.08,0.086,0.11,0.105,0.087,0.12,0.125,0.12,0.17,0.165,0.14,0.15,0.17,0.155,0.15,0.145,0.175,0.1675,0.185,0.24,0.255,0.3,0.325,0.3,0.25,0.305,0.435,0.435,0.435,0.435,0.435,0.435,0.435,0.435,0,0.435,0.435,0.49,0.49,0.515,0.525,0.595,0.505,0.5,0.525,0.52,0.545,0.485,0.38,0.4
OCT,24/07/2026,0.02,0.02,0.02,0.02,95491,0.037,0.032,0.034,0.033,0.051,0.057,0.062,0.057,0.055,0.066,0.067,0.066,0.058,0.059,0.054,0.051,0.055,0.05,0.037,0.045,0.045,0.041,0.041,0.048,0.055,0.072,0.081,0.058,0.05,0.052,0.056,0.058,0.047,0.041,0.033,0.033,0.037,0,0.032,0.041,0.032,0.032,0.029,0.03,0.025,0.025,0.024,0.028,0.023,0.02,0.025,0.02,0.02
OD6,24/07/2026,0.1025,0.105,0.1,0.105,29976,0.025,0.022,0.03,0.081,0.062,0.061,0.058,0.058,0.056,0.056,0.063,0.067,0.072,0.07,0.064,0.069,0.076,0.072,0.067,0.08,0.096,0.077,0.075,0.083,0.081,0.075,0.082,0.063,0.05,0.053,0.051,0.054,0.105,0.115,0.087,0.098,0.1,0.175,0.18,0.165,0.135,0.155,0.175,0.14,0.14,0.125,0.115,0.11,0.096,0.135,0.115,0.099,0.105
OD6O,24/07/2026,0.051,0.051,0.051,0.051,0,0,0,0,0,0,0,0,0,0,0,0,0,0,0,0,0,0,0,0,0,0,0,0,0,0,0,0,0,0,0,0,0,0,0,0,0,0,0,0,0,0,0.065,0.1,0.07,0.065,0.063,0.04,0.055,0.055,0.062,0,0.048,0.051
ODA,24/07/2026,0.099,0.099,0.097,0.097,164128,0.08,0.078,0.081,0.08,0.076,0.075,0.076,0.07,0.071,0.073,0.071,0.068,0.066,0.07,0.071,0.063,0.069,0.072,0.066,0.067,0.063,0.065,0.064,0.061,0.05,0.05,0.074,0.072,0.068,0.073,0.069,0.06,0.054,0.052,0.052,0.052,0.052,0,0.05,0.048,0.048,0.048,0.047,0.043,0.043,0.043,0.042,0.043,0.12,0.099,0.1,0.096,0.097
ODE,24/07/2026,0.021,0.022,0.02,0.02,5829629,0.006,0.006,0.007,0.008,0.007,0.007,0.007,0.006,0.007,0.008,0.009,0.013,0.016,0.014,0.013,0.013,0.012,0.012,0.012,0.012,0.01,0.012,0.014,0.015,0.019,0.023,0.022,0.019,0.019,0.023,0.025,0.025,0.025,0.023,0.023,0.023,0.021,0.023,0.02,0.019,0.024,0.0265,0.023,0.025,0.024,0.024,0.022,0.02,0.02,0.023,0.024,0.021,0.02
ODY,24/07/2026,0.03,0.031,0.03,0.031,2042848,0.03,0.029,0.029,0.028,0.027,0.028,0.027,0.031,0.029,0.04,0.039,0.038,0.036,0.033,0.029,0.028,0.029,0.026,0.028,0.034,0.035,0.035,0.037,0.036,0.034,0.033,0.035,0.034,0.03,0.032,0.034,0.035,0.042,0.039,0.032,0.031,0.037,0.038,0.034,0.036,0.034,0.042,0.039,0.035,0.035,0.037,0.032,0.0345,0.029,0.033,0.032,0.028,0.031
ODYOA,24/07/2026,0.012,0.012,0.012,0.012,0,0,0,0,0,0,0,0,0,0.01,0.012,0.014,0.01,0.01,0.009,0.007,0.008,0.008,0.006,0.007,0.011,0.011,0.011,0,0.015,0.013,0.011,0.017,0.013,0.012,0.012,0.011,0.012,0.012,0.011,0.01,0.01,0,0,0.01,0.009,0.01,0.016,0.016,0.016,0.016,0.012,0.01,0.013,0.009,0.007,0,0.012,0.012
OEC,24/07/2026,0.145,0.16,0.14,0.15,159632,0.155,0.14,0.22,0.345,0.255,0.22,0.245,0.205,0.23,0.22,0.3,0.25,0.205,0.18,0.19,0.18,0.175,0.15,0.165,0.15,0.135,0.145,0.15,0.135,0.12,0.13,0.135,0.115,0.1,0.11,0.115,0.105,0.12,0.135,0.145,0.155,0.15,0.14,0.18,0.2,0.19,0.18,0.175,0.155,0.16,0.14,0.13,0.165,0.155,0.17,0.16,0.14,0.15
OEL,24/07/2026,0.007,0.007,0.006,0.006,1226428,0.0045,0.004,0.005,0.004,0.004,0.005,0.005,0.004,0.005,0.006,0.005,0.005,0.0045,0.005,0.005,0.0045,0.005,0.004,0.004,0.005,0.005,0.005,0.0045,0.004,0.004,0.004,0.004,0.005,0.004,0.004,0.004,0.0045,0.005,0.006,0.006,0.005,0.005,0.006,0.005,0.005,0.005,0.006,0.005,0.006,0.005,0.006,0.0055,0.0055,0.005,0.007,0.006,0.007,0.006
OEQ,24/07/2026,0.19,0.19,0.19,0.19,0,0.17,0.16,0.16,0.16,0.16,0.17,0.17,0.16,0.17,0.155,0.175,0.2,0.22,0.2,0.2,0.185,0.195,0.2,0.2,0.195,0.19,0.185,0.185,0.185,0.185,0.185,0.185,0.185,0.185,0.185,0.185,0.185,0.185,0.185,0.205,0.205,0.205,0,0.22,0.215,0.215,0.21,0.21,0.205,0.19,0.19,0.19,0.19,0.19,0.19,0.19,0.19,0.19
OFX,24/07/2026,0.805,0.805,0.77,0.77,1584154,0.825,0.815,0.84,0.795,0.815,0.81,0.85,0.905,0.8,0.82,0.855,0.88,0.805,0.82,0.615,0.565,0.62,0.565,0.61,0.565,0.525,0.495,0.485,0.51,0.495,0.49,0.495,0.5,0.53,0.565,0.62,0.66,0.58,0.615,0.595,0.56,0.54,0.55,0.525,0.525,0.49,0.565,0.575,0.575,0.585,0.58,0.565,0.58,0.59,0.54,0.515,0.54,0.77
OIL,24/07/2026,0.16,0.16,0.155,0.16,30718,0.11,0.1,0.095,0.082,0.08,0.088,0.085,0.085,0.085,0.082,0.12,0.135,0.125,0.115,0.12,0.11,0.115,0.095,0.099,0.105,0.105,0.105,0.105,0.1,0.094,0.092,0.087,0.096,0.085,0.085,0.096,0.087,0.086,0.092,0.085,0.1,0.1,0.12,0.115,0.11,0.11,0.105,0.105,0.11,0.1175,0.14,0.125,0.13,0.13,0.135,0.155,0.155,0.16
OKJ,24/07/2026,0.046,0.046,0.042,0.042,100000,0.058,0.048,0.041,0.041,0.046,0.05,0.05,0.045,0.042,0.044,0.042,0.037,0.037,0.037,0.037,0.047,0.045,0.043,0.044,0.05,0.055,0.067,0.066,0.07,0.075,0.085,0.076,0.083,0.069,0.063,0.062,0.063,0.069,0.064,0.064,0.062,0.056,0,0.056,0.06,0.06,0.068,0.068,0.068,0.068,0.068,0.068,0.068,0.05,0.049,0.049,0.049,0.042
OLH,24/07/2026,0.012,0.012,0.012,0.012,0,0.026,0.03,0.026,0.02,0.02,0.02,0.023,0.015,0.015,0.018,0.021,0.02,0.02,0.018,0.017,0.015,0.015,0.015,0.015,0.015,0.015,0.015,0.015,0.015,0.014,0.014,0.014,0.012,0.014,0.014,0.012,0.012,0.012,0.012,0.012,0.012,0.012,0,0.012,0.012,0.012,0.012,0.012,0.012,0.012,0.012,0.012,0.012,0.012,0.012,0.012,0.012,0.012
OLI,24/07/2026,0.006,0.006,0.006,0.006,0,0.005,0.009,0.009,0.01,0.01,0.012,0.01,0.009,0.009,0.009,0.008,0.008,0.011,0.009,0.012,0.01,0.011,0.01,0.0105,0.009,0.011,0.008,0.008,0.008,0.009,0.009,0.009,0.009,0.009,0.008,0.008,0.008,0.008,0.007,0.008,0.008,0.007,0.007,0.006,0.006,0.007,0.006,0.006,0.007,0.006,0.006,0.006,0.006,0.006,0.005,0.006,0.007,0.006
OLL,24/07/2026,0.019,0.019,0.019,0.019,0,0.017,0.016,0.015,0.015,0.015,0.014,0.014,0.023,0.02,0.022,0.025,0.032,0.03,0.038,0.04,0.05,0.043,0.041,0.042,0.039,0.04,0.038,0.038,0.037,0.036,0.033,0.037,0.036,0.036,0.034,0.031,0.028,0.031,0.028,0.025,0.026,0.026,0,0.023,0.025,0.02,0.019,0.021,0.021,0.025,0.02,0.018,0.017,0.016,0.016,0.017,0.019,0.019
OLY,24/07/2026,0.043,0.043,0.04,0.04,382005,0.165,0.1275,0.096,0.12,0.115,0.093,0.092,0.099,0.095,0.09,0.088,0.096,0.087,0.075,0.075,0.07,0.057,0.056,0.05,0.054,0.05,0.05,0.052,0.047,0.067,0.06,0.072,0.062,0.059,0.062,0.068,0.064,0.064,0.065,0.063,0.057,0.062,0.061,0.067,0.063,0.056,0.051,0.05,0.05,0.05,0.045,0.04,0.046,0.037,0.04,0.048,0.047,0.04
OM1,24/07/2026,0.015,0.015,0.015,0.015,0,0.013,0.012,0.012,0.011,0.012,0.013,0.013,0.014,0.013,0.014,0.016,0.02,0.02,0.026,0.023,0.018,0.023,0.019,0.02,0.018,0.018,0.019,0.023,0.021,0.023,0.028,0.03,0.026,0.026,0.028,0.026,0.025,0.027,0.024,0.025,0.021,0.02,0.022,0.021,0.025,0.026,0.022,0.02,0.019,0.019,0.019,0.017,0.017,0.018,0.018,0.016,0.015,0.015
OM1O,24/07/2026,0.003,0.003,0.003,0.003,0,0,0,0,0,0,0,0.004,0.004,0.003,0.004,0.004,0.006,0.009,0.012,0.009,0.006,0.009,0.006,0.006,0.006,0.005,0.007,0,0.006,0.007,0.008,0.008,0.007,0.007,0.007,0.007,0.008,0.008,0.009,0.009,0.007,0,0,0.007,0.009,0.008,0.007,0.007,0.006,0.005,0.006,0.005,0.005,0.005,0.005,0,0.003,0.003
OMA,24/07/2026,0.61,0.615,0.595,0.6,221090,0.325,0.31,0.3,0.33,0.31,0.4,0.45,0.435,0.45,0.445,0.43,0.425,0.405,0.395,0.38,0.36,0.35,0.36,0.405,0.395,0.395,0.385,0.415,0.415,0.4,0.42,0.45,0.43,0.415,0.5,0.575,0.575,0.57,0.625,0.61,0.59,0.75,0.865,0.895,1.05,0.86,0.86,0.82,0.76,0.685,0.67,0.65,0.64,0.64,0.635,0.67,0.57,0.6
OMG,24/07/2026,0.006,0.0065,0.006,0.0065,250000,0.008,0.007,0.007,0.007,0.012,0.014,0.01,0.01,0.011,0.009,0.0105,0.01,0.01,0.009,0.01,0.008,0.01,0.011,0.011,0.011,0.01,0.0105,0.0105,0.01,0.009,0.009,0.01,0.0085,0.008,0.0085,0.008,0.008,0.0085,0.009,0.008,0.008,0.008,0.0085,0.0085,0.008,0.008,0.007,0.007,0.007,0.006,0.007,0.007,0.0065,0.006,0.006,0.007,0.006,0.0065
OMGO,24/07/2026,0.001,0.001,0.001,0.001,0,0.002,0.002,0.002,0.002,0.005,0.004,0.004,0.004,0.004,0.004,0.004,0.004,0.004,0.003,0.003,0.003,0.002,0.003,0.003,0.003,0.003,0.002,0,0.002,0.002,0.002,0.003,0.003,0.002,0.002,0.002,0.002,0.002,0.002,0.002,0.002,0,0,0.001,0.001,0.001,0.001,0.001,0.001,0.001,0.001,0.001,0.001,0.001,0.001,0,0.001,0.001
OMH,24/07/2026,0.23,0.23,0.23,0.23,0,0.315,0.3,0.3,0.27,0.275,0.295,0.275,0.275,0.285,0.27,0.275,0.26,0.27,0.25,0.255,0.265,0.265,0.255,0.26,0.265,0.255,0.255,0.27,0.265,0.325,0.315,0.33,0.29,0.285,0.28,0.275,0.26,0.265,0.26,0.26,0.25,0.245,0.26,0.28,0.27,0.275,0.27,0.265,0.25,0.25,0.235,0.235,0.22,0.225,0.24,0.22,0.235,0.23
OML,24/07/2026,1.545,1.545,1.505,1.52,1361115,1.765,1.765,1.805,1.77,1.65,1.68,1.61,1.54,1.54,1.515,1.46,1.425,1.41,1.41,1.375,1.26,1.27,1.225,1.275,1.305,1.305,1.3,1.31,1.31,1.345,1.365,1.335,1.245,1.15,1.115,1.075,1.025,0.96,0.93,0.94,0.895,0.945,0.95,0.95,0.9,1.185,1.26,1.35,1.37,1.35,1.255,1.375,1.445,1.46,1.415,1.475,1.57,1.52
OMX,24/07/2026,0.07,0.07,0.07,0.07,105931,0.071,0.071,0.07,0.077,0.09,0.09,0.086,0.1,0.088,0.084,0.082,0.09,0.087,0.083,0.077,0.083,0.09,0.089,0.09,0.088,0.087,0.081,0.085,0.077,0.09,0.085,0.078,0.077,0.076,0.086,0.08,0.081,0.08,0.074,0.06,0.058,0.057,0.061,0.059,0.064,0.064,0.055,0.062,0.053,0.056,0.052,0.048,0.055,0.043,0.042,0.058,0.064,0.07
ONE,24/07/2026,0.17,0.17,0.17,0.17,0,0.275,0.245,0.245,0.24,0.21,0.225,0.23,0.23,0.245,0.235,0.21,0.205,0.175,0.195,0.195,0.205,0.265,0.29,0.305,0.35,0.345,0.33,0.4,0.395,0.365,0.39,0.395,0.355,0.27,0.3,0.255,0.27,0.22,0.205,0.195,0.185,0.175,0.195,0.18,0.17,0.16,0.165,0.165,0.17,0.18,0.17,0.17,0.17,0.14,0.155,0.17,0.17,0.17
OOO,24/07/2026,9.36,9.42,9.27,9.27,480656,5.63,5.875,5.39,5.4,5.46,5.53,5.45,5.33,5.45,5.67,5.3,5.31,4.97,5.37,5.26,5.24,5.22,5.1,5.15,5.23,5.09,4.94,5.15,5.09,5.13,5.22,5.3,5.7,5.65,5.57,5.95,5.82,7.13,8.63,8.61,8.59,9.63,9.03,8.83,9.46,10.42,9.4,10.2,10.13,9.08,9.59,8.91,8.08,7.47,6.97,7.26,7.9,9.27
OPH,24/07/2026,2.5,2.52,2.48,2.52,5696410,3.18,3.09,3.08,3.15,3.15,3.15,3.22,3.29,3.44,3.48,3.56,3.55,3.52,3.42,3.45,3.43,3.25,3.19,3.15,3.17,3.1,3.1,3.22,3.14,3.26,3.19,3.28,3.23,2.96,2.87,2.88,2.87,2.85,2.82,2.63,2.66,2.65,2.72,2.71,2.61,2.61,2.6,2.6,2.63,2.69,2.55,2.73,2.83,2.77,2.47,2.55,2.48,2.52
OPPT,24/07/2026,1.61,1.61,1.595,1.595,240727,0,0,0,0,0,0,0,0,1.775,1.77,1.8,1.795,1.815,1.83,1.815,1.785,1.795,1.75,1.795,1.78,1.79,1.805,1.795,1.755,1.765,1.765,1.705,1.66,1.62,1.59,1.605,1.61,1.63,1.56,1.535,1.515,1.545,1.58,1.605,1.595,1.59,1.605,1.58,1.6,1.62,1.62,1.59,1.605,1.59,1.655,1.645,1.66,1.595
OR3,24/07/2026,0.073,0.073,0.073,0.073,46500,0,0,0,0,0,0,0,0,0,0,0,0,0,0,0,0,0,0,0,0.069,0.068,0.055,0.059,0.058,0.061,0.062,0.08,0.065,0.061,0.066,0.058,0.07,0.071,0.067,0.055,0.05,0.057,0.062,0.07,0.069,0.07,0.09,0.099,0.091,0.083,0.081,0.08,0.079,0.078,0.077,0.074,0.072,0.073
ORA,24/07/2026,1.43,1.47,1.43,1.455,2947255,2.05,2.05,2.12,2.32,2.27,2.08,2.06,2.1,2.1,2.09,2.05,2.05,2.01,2.05,2.01,2.03,2.26,2.19,2.23,2.18,2.18,2.17,2.22,2.22,2.22,2.25,2.06,2.05,2.06,2.2,2.27,2.14,2.03,1.905,1.9,1.9,1.87,1.485,1.465,1.425,1.375,1.4,1.285,1.3,1.305,1.25,1.38,1.435,1.405,1.385,1.39,1.435,1.455
ORD,24/07/2026,0.52,0.53,0.52,0.52,70090,0.345,0.33,0.48,0.41,0.33,0.34,0.36,0.38,0.44,0.46,0.45,0.415,0.425,0.41,0.4,0.4,0.44,0.425,0.42,0.46,0.51,0.525,0.6,0.61,0.72,0.725,0.88,0.875,0.755,0.98,0.85,0.845,0.79,0.71,0.72,0.625,0.615,0.71,0.7,0.82,0.745,0.685,0.75,0.645,0.59,0.55,0.47,0.585,0.46,0.51,0.545,0.48,0.52
ORE,24/07/2026,2.32,2.32,2.26,2.26,32,0,0,1.23,1.24,1.23,1.14,1.22,1.34,1.35,1.44,1.5,1.58,1.73,1.6,1.5,1.34,1.535,1.375,1.68,1.76,1.805,2.05,2.04,1.98,2.17,2.2,2.56,2.8,2.35,2.59,2.6,2.87,2.47,2.33,2.03,2.2,2.37,2.41,2.48,2.32,2.08,2.13,2.48,2.29,2.45,2.62,2.23,2.35,2.26,2.48,2.37,2.09,2.26
ORG,24/07/2026,10.53,10.71,10.53,10.62,2773943,12.04,11.76,11.94,12.78,13.04,12.92,12.42,12.4,12.55,12.54,12.27,12.28,12.23,12.51,12.25,11.96,12.1,11.43,11.68,11.69,11.66,11.11,11.33,11.34,11.36,10.94,11.73,11.8,10.91,12.08,12.2,12.15,11.94,11.63,12.01,12.46,12.59,12.38,12.47,12.77,12.07,11.38,11.49,10.9,10.87,10.89,11.09,10.75,10.96,10.36,10.47,10.53,10.62
ORI,24/07/2026,23.25,23.45,23.04,23.22,2461871,21.27,21.3,21.66,21.88,21.97,21.98,21.01,21.01,21.12,21.08,21.51,21.55,21.54,22.28,22.25,22.24,23.85,23.01,23.84,23.91,23.65,24.9,24.62,24.38,26.03,26.04,25.85,25.72,25.16,25.8,24.75,24.42,23.09,19.69,19.42,20.3,20.31,21.49,20.43,21.22,21.18,21.73,23.04,22.93,22.89,22.95,23.18,22.86,23.64,24.08,23.65,22.95,23.22
ORN,24/07/2026,0.023,0.023,0.023,0.023,0,0.01,0.01,0.011,0.011,0.01,0.01,0.013,0.013,0.018,0.018,0.024,0.017,0.018,0.017,0.017,0.0175,0.0175,0.017,0.017,0.017,0.02,0.02,0.021,0.022,0.026,0.025,0.028,0.034,0.038,0.032,0.034,0.038,0.033,0.031,0.026,0.027,0.028,0.031,0.031,0.031,0.027,0.03,0.029,0.027,0.023,0.0215,0.022,0.024,0.024,0.0255,0.024,0.024,0.023
ORP,24/07/2026,0.098,0.098,0.086,0.09,434806,0.04,0.037,0.032,0.035,0.029,0.03,0.03,0.032,0.034,0.041,0.05,0.042,0.06,0.057,0.053,0.056,0.054,0.047,0.049,0.046,0.048,0.05,0.05,0.051,0.055,0.059,0.066,0.07,0.06,0.065,0.066,0.067,0.064,0.064,0.059,0.055,0.059,0,0.059,0.064,0.07,0.069,0.067,0.069,0.068,0.072,0.07,0.096,0.088,0.093,0.093,0.1,0.09
OSL,24/07/2026,1.305,1.305,1.2,1.205,94247,1.155,1.11,1.09,1.13,1.09,1.145,1.21,1.675,1.985,1.655,1.77,1.73,1.695,1.54,1.255,1.31,1.245,1.16,1.07,1.1,1.055,1.04,1.015,0.97,0.93,0.925,0.76,0.8,0.68,0.68,0.65,0.65,0.625,0.56,0.485,0.515,0.52,0,0.49,0.485,0.515,0.51,0.45,0.51,0.51,0.435,0.565,0.795,0.675,0.985,1.32,1.45,1.205
OSLO,24/07/2026,0.015,0.015,0.015,0.015,0,0.05,0.05,0.03,0.03,0.03,0.03,0.03,0.05,0.09,0.21,0.15,0.18,0.18,0.11,0.06,0.055,0.055,0.05,0.03,0.025,0.025,0.025,0,0.027,0.026,0.02,0.021,0.021,0.021,0.021,0.021,0.021,0.021,0.021,0.021,0.021,0,0,0.021,0.01,0.01,0.02,0.02,0.02,0.02,0.02,0.02,0.02,0.01,0.01,0,0.015,0.015
OSLOC,24/07/2026,0.04,0.04,0.04,0.04,0,0.09,0.09,0.08,0.08,0.08,0.08,0.08,0.08,0.08,0.08,0.25,0.265,0.265,0.265,0.265,0.265,0.265,0.265,0.265,0.265,0.265,0.265,0,0.265,0.265,0.265,0.265,0.265,0.05,0.05,0.05,0.05,0.05,0.05,0.05,0.05,0,0,0.05,0.04,0.04,0.04,0.04,0.04,0.04,0.04,0.04,0.04,0.04,0.04,0,0.04,0.04
OSLOD,24/07/2026,0.45,0.45,0.45,0.45,0,0.44,0.35,0.33,0.33,0.3,0.3,0.36,0.39,0.76,0.47,0.58,0.58,0.7,0.505,0.41,0.36,0.38,0.38,0.36,0.36,0.29,0.29,0,0.25,0.2,0.2,0.2,0.17,0.17,0.17,0.13,0.092,0.096,0.096,0.1,0.1,0,0,0.1,0.1,0.095,0.081,0.071,0.092,0.092,0.092,0.1,0.115,0.115,0.17,0,0.45,0.45
OSLOE,24/07/2026,0.68,0.68,0.68,0.68,0,0,0,0,0,0,0,0,0,0,0,0,0,0,0,0,0,0,0,0,0,0,0,0,0,0,0,0,0,0,0,0,0,0,0,0.071,0.085,0,0,0.085,0.085,0.12,0.12,0.12,0.125,0.125,0.125,0.145,0.175,0.14,0.27,0,0.68,0.68
OSM,24/07/2026,0.74,0.765,0.74,0.74,221313,0.84,0.91,0.85,0.77,0.82,0.89,0.87,0.87,0.88,0.93,0.945,0.96,1.04,0.975,1,0.98,1.055,0.995,0.97,0.85,0.865,0.77,0.74,0.72,0.7,0.67,0.65,0.6,0.47,0.56,0.63,0.6,0.525,0.59,0.49,0.495,0.55,0.6375,0.58,0.62,0.58,0.51,0.47,0.46,0.55,0.46,0.55,0.52,0.72,0.71,0.64,0.67,0.74
OSX,24/07/2026,0.0045,0.0045,0.0045,0.0045,0,0.0125,0.012,0.011,0.009,0.011,0.012,0.011,0.011,0.012,0.011,0.012,0.012,0.011,0.011,0.011,0.01,0.01,0.009,0.008,0.008,0.007,0.007,0.007,0.0065,0.011,0.012,0.02,0.015,0.009,0.009,0.008,0.0085,0.008,0.007,0.007,0.007,0.006,0.006,0.006,0.006,0.007,0.007,0.006,0.0065,0.006,0.006,0.004,0.004,0.0045,0.004,0.005,0.0045,0.0045
OVT,24/07/2026,0.007,0.007,0.007,0.007,4500860,0.007,0.007,0.007,0.007,0.009,0.009,0.008,0.008,0.009,0.007,0.007,0.006,0.006,0.005,0.006,0.005,0.006,0.007,0.006,0.005,0.004,0.003,0.003,0.003,0.002,0.002,0.002,0.002,0.002,0.002,0.002,0.001,0.002,0.001,0.001,0.001,0,0,0.019,0.021,0.03,0.019,0.025,0.038,0.032,0.035,0.018,0.013,0.01,0.009,0.008,0.007,0.007
OVTO,24/07/2026,0.001,0.001,0.001,0.001,2468418,0,0,0,0,0,0,0,0,0,0,0,0,0,0,0,0,0,0,0,0,0,0,0,0,0,0,0,0,0,0,0,0,0,0,0,0,0,0,0,0,0,0,0.022,0.019,0.017,0.02,0.013,0.01,0.009,0.005,0,0.002,0.001
OZBD,24/07/2026,43.57,43.59,43.5,43.51,33003,45.11,45.1,45.26,45.47,45.23,45.39,45.13,45.39,45.41,45.1,45.14,45.14,45.77,45.73,45.31,45.1,44.84,44.8,44.6,44.15,44.09,44.1,44.2,43.96,44.33,44.32,44.11,44.18,44.1,44.26,44.32,44.5,43.89,43.56,43.36,43.1,43.27,43.45,43.52,43.54,43.36,43.45,43.34,43.72,43.97,43.7,44.03,44.05,44.34,44.03,44.03,43.89,43.51
OZF,24/07/2026,31.05,31.21,30.97,31.21,4360,29.4,29.84,29.91,30.28,31.52,31.32,31.01,31.17,30.9,30.48,31.41,31.26,31.08,31.33,31.33,31.37,30.03,29.23,30,29.24,29.82,29.96,30.29,29.75,28.97,29.6,28.95,29.2,29.59,31.28,32.18,31.84,30.79,30.81,30.76,30.36,30.32,32.2,31.48,30.5,30.62,30.68,29.36,30.13,29.64,29.14,29.4,29.86,29.95,30.17,30.78,31,31.21
OZM,24/07/2026,0.09,0.093,0.086,0.086,39098,0.07,0.064,0.0755,0.067,0.064,0.062,0.061,0.056,0.062,0.061,0.061,0.071,0.081,0.068,0.068,0.063,0.065,0.057,0.059,0.055,0.054,0.056,0.05,0.052,0.059,0.058,0.072,0.105,0.094,0.105,0.105,0.1,0.1,0.11,0.085,0.086,0.09,0.1,0.1,0.1,0.094,0.096,0.091,0.093,0.093,0.088,0.085,0.083,0.08,0.078,0.083,0.084,0.086
OZR,24/07/2026,16.91,16.91,16.57,16.63,42728,12.43,12.02,12.53,12.95,12.85,13.2,13.26,13.17,12.9,13.62,13.89,13.94,14.36,14.19,14.28,13.99,14.46,13.92,14.46,14.93,15.29,14.88,15.42,15.1,15.58,16.08,16.44,16.56,15.94,16.64,16.88,17.97,17.11,16.51,15.68,16.25,16.82,17.6,17.84,17.47,17.37,17.79,18.12,17.93,18.35,18.08,18.12,17.93,17,17.16,16.58,16.2,16.63
OZXX,24/07/2026,9.64,9.64,9.64,9.64,103,11.44,11.52,11.65,11.73,11.71,11.62,11.5,11.5,11.49,11.31,11.46,11.38,11.34,11.45,11.1,10.86,10.75,10.61,10.94,10.79,10.65,10.57,10.69,10.54,10.6,10.6,10.64,10.59,10.26,10.06,10.19,10.21,10.06,9.75,9.65,9.68,9.65,9.78,9.81,9.73,9.67,9.53,9.38,9.39,9.5,9.57,10.01,9.98,10.16,10.01,9.87,9.88,9.64
OZZ,24/07/2026,0.055,0.055,0.055,0.055,0,0.055,0.055,0.055,0.055,0.055,0.055,0.055,0.055,0.055,0.055,0.055,0.055,0.055,0.055,0.055,0.055,0.055,0.055,0.055,0.055,0.055,0.055,0.055,0.055,0.055,0.055,0.055,0.055,0.055,0.055,0.055,0.055,0.055,0.055,0.055,0.055,0.055,0,0.055,0.055,0.055,0.055,0.055,0.055,0.055,0.055,0.055,0.055,0.055,0.055,0.055,0.055,0.055
P1E,24/07/2026,0.033,0.035,0.032,0.032,685859,0,0,0,0,0,0,0,0,0,0,0,0,0,0,0,0,0,0,0,0,0.083,0.075,0.08,0.076,0.072,0.08,0.076,0.074,0.075,0.073,0.065,0.083,0.071,0.068,0.065,0.067,0.064,0.065,0.066,0.065,0.063,0.061,0.057,0.0635,0.061,0.064,0.056,0.052,0.043,0.041,0.036,0.0355,0.032
PAB,24/07/2026,0.039,0.039,0.037,0.037,95981,0.002,0.002,0.001,0.001,0.0015,0.0015,0.001,0.002,0.002,0.002,0.002,0.002,0,0.035,0.043,0.037,0.039,0.035,0.03,0.031,0.028,0.027,0.03,0.028,0.026,0.028,0.029,0.033,0.034,0.035,0.035,0.039,0.035,0.032,0.03,0.029,0.027,0,0.026,0.032,0.03,0.03,0.031,0.037,0.045,0.042,0.043,0.045,0.039,0.039,0.04,0.038,0.037
PAC,24/07/2026,11.21,11.22,11.2,11.2,1144,10.76,11,11.05,10.84,11.21,11.16,10.83,10.92,11.02,11,10.05,9.8,10.28,10,10.28,10.45,11.06,10.46,10.4,10.4,10.5,10.45,10.28,10,10.35,10,9.98,9.9,9.86,10,9.9,10.03,9.81,10.01,9.75,9.85,10,10.22,10.05,10.66,10.92,10.95,11,10.53,10.88,10.96,10.97,10.93,12,11.75,11.65,11.5,11.2
PAF,24/07/2026,1.74,1.745,1.715,1.72,224271,0,0,0,0,0,0,0,0,0,0,0,0,0,0,0,0,0,0,0,0,0,0,0,0,0,0,0,0,0,0,0,0,0,0,0,0,0,0,0,0,0,0,0,0,0,0,0,0,1.96,1.87,1.76,1.7,1.72
PAR,24/07/2026,0.175,0.175,0.165,0.165,1775603,0.43,0.345,0.315,0.335,0.31,0.295,0.28,0.27,0.295,0.3,0.36,0.38,0.4,0.435,0.425,0.35,0.34,0.305,0.385,0.36,0.315,0.32,0.34,0.34,0.345,0.335,0.325,0.305,0.29,0.3,0.28,0.26,0.255,0.26,0.27,0.255,0.26,0.23,0.225,0.225,0.16,0.185,0.17,0.17,0.165,0.145,0.15,0.17,0.155,0.175,0.17,0.17,0.165
PAROB,24/07/2026,0.08,0.08,0.07,0.075,428810,0,0,0,0,0,0,0,0,0,0,0,0,0,0,0,0,0,0,0,0,0,0,0,0,0,0,0,0,0,0,0,0,0,0,0,0,0,0,0,0,0,0,0,0,0,0,0,0.044,0.047,0.059,0,0.075,0.075
PAT,24/07/2026,0.064,0.071,0.064,0.068,729975,0.054,0.051,0.052,0.05,0.045,0.034,0.045,0.044,0.043,0.04,0.054,0.045,0.06,0.051,0.052,0.042,0.04,0.049,0.046,0.048,0.049,0.047,0.051,0.053,0.059,0.06,0.062,0.055,0.052,0.052,0.049,0.048,0.046,0.045,0.037,0.042,0.038,0.057,0.071,0.098,0.12,0.115,0.115,0.089,0.083,0.078,0.073,0.076,0.063,0.073,0.076,0.067,0.068
PAVE,24/07/2026,14.08,14.1,14.04,14.05,6933,12.27,12.41,12.26,12.54,12.47,12.57,12.51,12.35,12.45,12.42,12.71,12.7,12.72,12.9,12.77,12.87,12.59,12.42,13.01,12.81,13.06,12.78,12.79,12.59,12.98,13.49,13.27,12.765,13.41,13.55,13.83,13.58,13.26,12.6,12.41,12.82,13,13.52,13.18,13.83,13.89,13.85,13.8,13.46,13.84,14.17,14.25,14.58,15.19,14.05,13.85,13.76,14.05
PAXX,24/07/2026,5.86,5.86,5.73,5.73,22965,5.31,5.33,5.38,5.48,5.49,5.42,5.44,5.6,5.71,5.7,5.85,5.92,5.95,6.01,6.04,5.98,6.01,5.84,5.87,5.9,5.83,5.86,5.88,6.04,6.25,6.33,6.22,6.31,6.17,6.28,6.33,6.4,6.04,5.94,5.93,5.86,5.83,6.05,6.14,6.29,6.28,6.6,6.5,6.55,6.66,6.56,6.65,6.82,6.64,5.96,5.96,5.74,5.73
PBH,24/07/2026,0.94,0.9425,0.94,0.94,15540,1.2,1.215,1.265,1.27,1.255,1.26,1.255,1.25,1.26,1.155,0.99,1.015,0.99,1,0.965,0.92,0.91,0.9,0.895,0.92,0.895,0.9,0.915,0.915,0.925,0.93,0.905,0.93,0.9,0.895,0.875,0.87,0.91,0.9,0.9,0.85,0.87,0.85,1,0.975,1.02,1.07,1.045,1,1,1.02,0.96,1,0.92,0.975,0.925,0.93,0.94
PBL,24/07/2026,0.06,0.06,0.06,0.06,0,0.054,0.056,0.056,0.056,0.059,0.065,0.065,0.072,0.068,0.074,0.079,0.078,0.078,0.115,0.099,0.088,0.088,0.0715,0.07,0.075,0.066,0.066,0.066,0.066,0.081,0.087,0.094,0.094,0.094,0.094,0.077,0.078,0.076,0.08,0.08,0.076,0.076,0,0.077,0.077,0.07,0.08,0.08,0.07,0.075,0.07,0.063,0.065,0.06,0.06,0.06,0.06,0.06
PC2,24/07/2026,0.91,0.915,0.87,0.885,86894,0,0,0,0,0,0,0,0,0,0,0,0,0,0.255,0.225,0.225,0.23,0.215,0.26,0.275,0.3,0.3,0.36,0.36,0.435,0.435,0.49,0.58,0.72,0.74,0.83,0.85,0.91,0.945,0.9,0.825,0.89,1.19,1.175,1.36,1.22,1.355,1.465,1.26,1.295,1.26,1.095,1.195,1.2,1.195,1.135,1.06,0.885
PCG,24/07/2026,0.745,0.745,0.74,0.74,6955,0.855,0.78,0.76,0.84,0.78,0.785,0.745,0.755,0.71,0.73,0.665,0.68,0.685,0.725,0.7,0.685,0.69,0.71,0.7,0.67,0.66,0.67,0.67,0.665,0.66,0.74,0.785,0.74,0.76,0.8,0.79,0.75,0.735,0.73,0.7,0.7,0.73,0,0.73,0.73,0.73,0.785,0.79,0.77,0.78,0.75,0.725,0.72,0.9,0.85,0.845,0.81,0.74
PCI,24/07/2026,1.1,1.1,1.095,1.095,508650,1.17,1.17,1.175,1.175,1.18,1.18,1.17,1.19,1.195,1.21,1.22,1.19,1.195,1.205,1.205,1.21,1.17,1.115,1.14,1.125,1.11,1.11,1.11,1.115,1.115,1.125,1.11,1.105,1.11,1.125,1.11,1.1,1.075,1.065,1.06,1.065,1.075,1.065,1.085,1.095,1.09,1.085,1.095,1.09,1.085,1.09,1.085,1.095,1.09,1.1,1.095,1.095,1.095
PCK,24/07/2026,0.11,0.11,0.105,0.105,10294,0.04,0.035,0.035,0.041,0.041,0.039,0.044,0.0505,0.049,0.054,0.065,0.065,0.059,0.049,0.048,0.043,0.043,0.037,0,0,0.33,0.28,0.295,0.285,0.2825,0.28,0.27,0.255,0.21,0.215,0.2,0.17,0.175,0.165,0.15,0.195,0.16,0.15,0.18,0.15,0.145,0.165,0.135,0.14,0.14,0.13,0.13,0.105,0.1,0.1,0.115,0.105,0.105
PCL,24/07/2026,0.009,0.009,0.009,0.009,2604210,0.0115,0.0115,0.0125,0.011,0.01,0.01,0.01,0.01,0.01,0.01,0.01,0.009,0.008,0.009,0.009,0.009,0.009,0.009,0.009,0.009,0.01,0.011,0.01,0.011,0.012,0.012,0.0105,0.008,0.009,0.009,0.008,0.0085,0.008,0.009,0.011,0.012,0.014,0.014,0.014,0.014,0.0145,0.013,0.013,0.014,0.013,0.011,0.011,0.011,0.008,0.012,0.011,0.01,0.009
PCX,24/07/2026,2.02,2.02,2,2,31661,2.06,2.07,2.06,2.13,2.15,2.14,2.08,2.08,2.08,2.08,2.06,2.06,2.05,2.03,2.005,1.99,2,1.985,1.99,1.985,2.01,2.01,2.05,2.02,2.03,2.02,2.04,2.04,2.04,2.02,2.02,2,2,1.99,1.98,1.98,1.98,1.985,1.975,1.99,1.975,1.98,1.985,1.995,1.995,1.995,1.975,1.99,1.985,2.03,2.03,2,2
PDI,24/07/2026,0.645,0.66,0.61,0.63,14143499,0.45,0.425,0.45,0.455,0.45,0.465,0.46,0.38,0.385,0.425,0.44,0.555,0.63,0.56,0.565,0.53,0.565,0.55,0.635,0.72,0.725,0.74,0.775,0.73,0.855,0.79,0.845,0.85,0.745,0.885,0.895,0.98,0.915,0.82,0.78,0.695,0.835,0.93,0.93,0.955,0.91,0.945,0.93,0.72,0.74,0.775,0.785,0.945,0.72,0.765,0.705,0.61,0.63
PDN,24/07/2026,10.06,10.16,9.67,9.68,4991050,7.23,6.24,6.65,6.71,6.61,7.85,7.91,7.74,8.1,8.47,8.57,8.84,9.2,8.4,9.65,7.77,8.01,7.5,8.12,8.58,9.39,9.09,9.72,10.13,10.61,11.11,13.31,13.84,11.01,11.68,13.95,13.39,12.16,11.71,10.78,11,11.38,12.59,14.54,12.61,11.97,12.49,10.65,11.07,11.32,11.05,9.71,10.02,9.35,9.98,10.06,8.42,9.68
PE1,24/07/2026,1.495,1.52,1.46,1.48,341279,1.275,1.285,1.295,1.295,1.275,1.305,1.305,1.3,1.34,1.38,1.37,1.38,1.38,1.33,1.33,1.325,1.33,1.33,1.315,1.295,1.39,1.35,1.39,1.37,1.365,1.43,1.55,1.57,1.55,1.475,1.47,1.49,1.5,1.505,1.485,1.47,1.505,1.67,1.71,1.675,1.695,1.74,1.75,1.88,1.87,1.68,1.805,1.68,1.51,1.45,1.535,1.495,1.48
PEB,24/07/2026,0.21,0.22,0.21,0.22,26172,0.09,0.085,0.088,0.09,0.105,0.125,0.13,0.14,0.155,0.175,0.175,0.17,0.16,0.165,0.16,0.155,0.155,0.15,0.13,0.13,0.135,0.135,0.145,0.16,0.15,0.16,0.16,0.18,0.165,0.2,0.2,0.18,0.175,0.165,0.15,0.15,0.145,0.16,0.15,0.15,0.15,0.145,0.21,0.21,0.225,0.25,0.26,0.245,0.24,0.235,0.245,0.23,0.22
PEC,24/07/2026,0.014,0.014,0.014,0.014,1036993,0.02,0.027,0.025,0.02,0.02,0.02,0.019,0.016,0.018,0.013,0.012,0.011,0.011,0.01,0.011,0.009,0.0095,0.01,0.009,0.0095,0.009,0.01,0.009,0.01,0.0115,0.01,0.01,0.011,0.01,0.013,0.013,0.013,0.011,0.011,0.01,0.009,0.011,0.0115,0.012,0.011,0.012,0.012,0.0145,0.013,0.013,0.017,0.021,0.021,0.017,0.019,0.02,0.016,0.014
PECO,24/07/2026,0.005,0.005,0.005,0.005,0,0,0,0,0,0,0,0,0,0.005,0.005,0.005,0.005,0.003,0.003,0.003,0.003,0.003,0.002,0.002,0.002,0.002,0.002,0,0.002,0.002,0.002,0.002,0.002,0.002,0.003,0.003,0.003,0.003,0.003,0.002,0.002,0,0,0.001,0.002,0.002,0.002,0.003,0.003,0.003,0.003,0.004,0.005,0.005,0.005,0,0.005,0.005
PEN,24/07/2026,0.255,0.26,0.24,0.245,3207913,0.62,0.62,0.62,0.62,0.62,0.35,0.295,0.29,0.4,0.535,0.67,0.6,0.68,0.57,0.59,0.475,0.46,0.45,0.515,0.52,0.575,0.66,0.65,0.695,0.71,0.865,1.01,0.915,0.64,0.685,0.795,0.75,0.64,0.59,0.64,0.54,0.575,0.56,0.6,0.54,0.42,0.42,0.39,0.38,0.405,0.37,0.4,0.49,0.36,0.39,0.37,0.365,0.245
PER,24/07/2026,0.003,0.004,0.003,0.003,1316466,0.009,0.009,0.011,0.0095,0.01,0.011,0.009,0.009,0.01,0.01,0.01,0.01,0.009,0.009,0.008,0.007,0.007,0.008,0.007,0.0075,0.01,0.008,0.008,0.0095,0.009,0.008,0.008,0.009,0.008,0.008,0.007,0.007,0.007,0.006,0.005,0.0055,0.005,0.005,0.004,0.005,0.005,0.0045,0.004,0.004,0.0045,0.005,0.004,0.005,0.004,0.0035,0.0035,0.003,0.003
PET,24/07/2026,0.005,0.005,0.005,0.005,463175,0.025,0.025,0.025,0.014,0.008,0.009,0.007,0.007,0.007,0.007,0.007,0.008,0.007,0.008,0.008,0.007,0.007,0.007,0.007,0.019,0.014,0.013,0.0125,0.013,0.016,0.014,0.018,0.018,0.016,0.014,0.014,0.014,0.012,0.012,0.011,0.01,0.011,0,0.011,0.009,0.01,0.01,0.008,0.008,0.008,0.008,0.008,0.008,0.006,0.006,0.006,0.006,0.005
PFE,24/07/2026,0.017,0.017,0.017,0.017,208823,0.019,0.018,0.019,0.018,0.015,0.017,0.018,0.019,0.022,0.022,0.023,0.029,0.034,0.029,0.028,0.022,0.023,0.0245,0.024,0.024,0.024,0.02,0.023,0.026,0.023,0.024,0.025,0.024,0.021,0.021,0.023,0.024,0.02,0.02,0.019,0.02,0.02,0.019,0.0185,0.021,0.02,0.019,0.018,0.019,0.019,0.018,0.017,0.017,0.016,0.017,0.0175,0.018,0.017
PFEO,24/07/2026,0.001,0.001,0.001,0.001,0,0.002,0.002,0.002,0.002,0.002,0.002,0.002,0.001,0.002,0.003,0.003,0.003,0.004,0.004,0.004,0.004,0.004,0.003,0.003,0.003,0.002,0.002,0,0.002,0.002,0.002,0.002,0.002,0.002,0.002,0.001,0.002,0.002,0.002,0.002,0.002,0,0,0.002,0.005,0.002,0.002,0.002,0.002,0.002,0.002,0.001,0.001,0.001,0.001,0,0.001,0.001
PFG,24/07/2026,0.21,0.2175,0.21,0.215,339602,0.22,0.225,0.23,0.23,0.25,0.265,0.255,0.255,0.24,0.25,0.245,0.25,0.24,0.235,0.235,0.24,0.23,0.225,0.225,0.23,0.225,0.225,0.23,0.23,0.245,0.24,0.235,0.24,0.235,0.235,0.255,0.24,0.235,0.23,0.22,0.215,0.22,0.225,0.225,0.225,0.215,0.21,0.22,0.225,0.22,0.22,0.215,0.215,0.22,0.215,0.225,0.215,0.215
PFM,24/07/2026,0.019,0.019,0.019,0.019,0,0.076,0.076,0.076,0.076,0.054,0.053,0.053,0.053,0.053,0.036,0.037,0.038,0.038,0.033,0.033,0.032,0.032,0.032,0.031,0.03,0.019,0.021,0.021,0.021,0.021,0.021,0.028,0.035,0.035,0.036,0.036,0.036,0.035,0.035,0.035,0.035,0.032,0,0.032,0.031,0.031,0.031,0.031,0.03,0.03,0.026,0.026,0.026,0.027,0.027,0.026,0.019,0.019
PFP,24/07/2026,3.13,3.17,3.1,3.11,168757,4.78,4.55,4.7,4.83,4.91,5.18,5.08,4.9,4.86,5.08,5.13,5.09,5.02,4.9,5.02,4.63,4.82,4.75,5.01,4.95,5.07,5.05,5,4.89,4.9,4.98,5,4.93,4.93,4.79,4.96,4.48,4.18,4.31,4.06,4.1,4.03,3.91,3.94,4,3.73,3.67,3.47,3.46,3.62,3.19,3.07,2.98,3.15,3.2,3.21,3.2,3.11
PFT,24/07/2026,0.026,0.026,0.026,0.026,0,0.021,0.022,0.024,0.03,0.03,0.035,0.03,0.024,0.025,0.025,0.025,0.035,0.033,0.037,0.03,0.032,0.029,0.032,0.033,0.031,0.031,0.035,0.034,0.031,0.036,0.036,0.037,0.035,0.029,0.034,0.028,0.03,0.029,0.03,0.024,0.024,0.026,0.026,0.026,0.026,0.026,0.025,0.023,0.024,0.023,0.021,0.02,0.021,0.024,0.024,0.027,0.025,0.026
PGA1,24/07/2026,14.81,15.28,14.76,14.77,515979,12.1,12.35,12.29,12.62,12.69,12.67,12.74,12.76,12.91,12.96,13.2,13.26,13.2,13.38,13.5,13.58,13.6,13.34,13.73,13.77,13.8,13.83,13.85,13.82,14.02,14.16,13.79,13.6,13.35,13.31,13.64,13.65,13.51,13.1,12.98,13.07,13.19,13.58,13.6,13.75,13.79,14,14.18,14.34,14.43,14.58,14.62,14.8,14.84,15.07,15.07,14.86,14.77
PGC,24/07/2026,0.135,0.135,0.13,0.135,50757,0.38,0.395,0.39,0.4,0.395,0.335,0.32,0.32,0.315,0.285,0.29,0.285,0.27,0.29,0.32,0.325,0.315,0.305,0.295,0.26,0.265,0.205,0.215,0.22,0.245,0.22,0.22,0.21,0.195,0.195,0.21,0.19,0.19,0.175,0.175,0.205,0.19,0.18,0.17,0.16,0.15,0.15,0.145,0.14,0.15,0.165,0.15,0.14,0.13,0.155,0.14,0.145,0.135
PGD,24/07/2026,0.16,0.16,0.155,0.155,127993,0.34,0.275,0.29,0.285,0.285,0.275,0.29,0.28,0.245,0.25,0.325,0.31,0.3,0.25,0.26,0.275,0.295,0.25,0.27,0.26,0.27,0.24,0.255,0.255,0.255,0.24,0.305,0.255,0.21,0.24,0.215,0.23,0.185,0.165,0.15,0.12,0.14,0.15,0.15,0.16,0.145,0.13,0.14,0.115,0.145,0.11,0.098,0.105,0.1,0.11,0.16,0.165,0.155
PGDO,24/07/2026,0.024,0.024,0.024,0.024,0,0.15,0.1,0.135,0.135,0.135,0.13,0.12,0.12,0.09,0.11,0.15,0.11,0.14,0.09,0.09,0.11,0.17,0.12,0.12,0.12,0.12,0.091,0,0.091,0.12,0.12,0.135,0.135,0.135,0.135,0.135,0.135,0.055,0.08,0.08,0.08,0,0,0.08,0.08,0.08,0.08,0.08,0.05,0.05,0.05,0.05,0.05,0.017,0.017,0,0.024,0.024
PGF,24/07/2026,3.34,3.35,3.23,3.23,321586,2.61,2.71,2.74,2.72,2.74,2.72,2.75,2.58,2.63,2.77,2.74,2.8,2.72,2.76,2.72,2.75,2.72,2.73,2.8,2.8,2.84,2.89,2.89,2.97,2.98,3.08,3.09,3.07,3.05,3.15,3.17,3.17,3.05,2.96,2.8,2.71,2.83,2.95,2.96,2.96,2.93,2.96,2.97,2.88,2.96,3.02,3.06,3.11,3.28,3.3,3.29,3.29,3.23
PGI2,24/07/2026,11.11,11.11,11.06,11.07,41882,0,0,0,0,0,0,0,0,0,0,0,0,0,0,0,0,0,0,0,0,0,0,0,0,0,0,0,0,0,0,0,0,0,0,0,0,0,0,0,0,0,0,0,10.89,11,10.97,11.03,11.2,11.13,11.27,11.25,11.09,11.07
PGL,24/07/2026,0.4825,0.4825,0.445,0.45,212534,0,0,0,0,0,0,0,0,0,0,0,0,0,0,0,0,0,0,0,0,0,0,0,0,0,0,0,0,0,0,0,0,0,0,0,0,0,0,0,0.73,0.735,0.705,0.605,0.54,0.52,0.55,0.595,0.57,0.505,0.53,0.5,0.485,0.45
PGM,24/07/2026,0.025,0.025,0.025,0.025,0,0.021,0.021,0.021,0.021,0.022,0.022,0.024,0.028,0.026,0.027,0.042,0.035,0.031,0.033,0.027,0.028,0.031,0.026,0.032,0.03,0.034,0.031,0.042,0.041,0.042,0.036,0.036,0.034,0.029,0.03,0.032,0.037,0.034,0.028,0.023,0.025,0.023,0.023,0.022,0.021,0.023,0.022,0.022,0.022,0.022,0.02,0.02,0.019,0.0195,0.022,0.022,0.022,0.025
PGO,24/07/2026,0.15,0.2,0.15,0.17,6760931,0.064,0.063,0.067,0.064,0.062,0.067,0.06,0.067,0.059,0.063,0.09,0.08,0.082,0.072,0.06,0.063,0.066,0.06,0.064,0.062,0.062,0.067,0.077,0.086,0.11,0.115,0.135,0.14,0.125,0.135,0.135,0.18,0.14,0.13,0.099,0.098,0.089,0.105,0.11,0.13,0.115,0.125,0.12,0.115,0.1225,0.135,0.125,0.125,0.11,0.12,0.11,0.11,0.17
PGOOB,24/07/2026,0.012,0.012,0.012,0.012,47024,0.04,0.04,0.04,0.04,0.04,0.04,0.04,0.04,0.04,0.04,0.029,0.029,0.03,0.029,0.029,0.029,0.012,0.015,0.015,0.015,0.015,0.015,0,0.034,0.036,0.036,0.036,0.038,0.038,0.038,0.038,0.025,0.025,0.025,0.025,0.025,0,0,0.025,0.025,0.025,0.025,0.025,0.025,0.025,0.025,0.024,0.024,0.024,0.01,0,0.01,0.012
PGY,24/07/2026,0.054,0.054,0.054,0.054,0,0.011,0.01,0.011,0.01,0.008,0.007,0.007,0.007,0.009,0.007,0.007,0.007,0.006,0.0065,0.006,0.005,0.005,0.004,0.003,0.004,0.005,0.005,0.005,0.005,0.0045,0.004,0.004,0.005,0.003,0.004,0.003,0,0,0.062,0.053,0.054,0.054,0,0.054,0.054,0.054,0.054,0.054,0.054,0.054,0.054,0.054,0.054,0.054,0.054,0.054,0.054,0.054
PGYOA,24/07/2026,0.003,0.003,0.003,0.003,0,0.003,0.003,0.003,0.003,0.002,0.002,0.002,0.002,0.002,0.002,0.002,0.001,0.001,0.001,0.001,0.001,0.001,0.001,0.001,0.001,0.001,0.001,0,0.001,0.001,0.001,0.001,0.001,0.001,0.001,0.001,0,0,0.001,0.003,0.003,0,0,0.003,0.003,0.003,0.003,0.003,0.003,0.003,0.003,0.003,0.003,0.003,0.003,0,0.003,0.003
PHO,24/07/2026,0.135,0.135,0.135,0.135,155,0.063,0.07,0.068,0.069,0.063,0.063,0.06,0.069,0.07,0.068,0.07,0.072,0.076,0.082,0.097,0.125,0.12,0.115,0.12,0.11,0.135,0.16,0.155,0.16,0.145,0.15,0.15,0.15,0.15,0.145,0.125,0.105,0.125,0.14,0.13,0.12,0.135,0.15,0.115,0.14,0.135,0.125,0.16,0.15,0.165,0.175,0.16,0.155,0.15,0.14,0.135,0.135,0.135
PHX,24/07/2026,0.11,0.11,0.11,0.11,900467,0.099,0.1,0.105,0.11,0.1,0.115,0.125,0.125,0.125,0.135,0.13,0.12,0.125,0.13,0.145,0.15,0.135,0.135,0.145,0.145,0.14,0.135,0.145,0.15,0.15,0.155,0.135,0.145,0.13,0.135,0.14,0.125,0.115,0.11,0.11,0.11,0.105,0.105,0.105,0.105,0.088,0.115,0.11,0.11,0.13,0.125,0.12,0.13,0.13,0.12,0.12,0.1125,0.11
PIA,24/07/2026,1.3,1.31,1.285,1.29,382776,1.25,1.24,1.245,1.235,1.265,1.24,1.22,1.22,1.225,1.23,1.225,1.235,1.22,1.265,1.285,1.275,1.295,1.25,1.295,1.285,1.27,1.265,1.285,1.29,1.315,1.3,1.3,1.28,1.27,1.235,1.24,1.23,1.225,1.18,1.21,1.17,1.195,1.215,1.225,1.23,1.23,1.27,1.26,1.26,1.275,1.265,1.245,1.26,1.295,1.305,1.335,1.335,1.29
PIC,24/07/2026,1.17,1.17,1.145,1.15,1063225,1.275,1.275,1.28,1.3,1.29,1.29,1.315,1.245,1.245,1.245,1.26,1.235,1.23,1.26,1.225,1.2175,1.21,1.18,1.225,1.24,1.225,1.22,1.225,1.25,1.265,1.29,1.295,1.29,1.245,1.25,1.23,1.27,1.245,1.185,1.22,1.2,1.17,1.185,1.18,1.165,1.165,1.16,1.16,1.17,1.2,1.165,1.17,1.16,1.17,1.17,1.175,1.17,1.15
PIL,24/07/2026,0.004,0.004,0.004,0.004,0,0.0025,0.0025,0.002,0.0025,0.0025,0.003,0.0035,0.003,0.003,0.003,0.002,0.002,0.006,0.005,0.004,0.004,0.004,0.004,0.004,0.004,0.005,0.005,0.004,0.004,0.004,0.004,0.004,0.004,0.004,0.004,0.004,0.004,0.004,0.004,0.004,0.004,0.004,0,0.004,0.004,0.004,0.004,0.004,0.004,0.004,0.004,0.004,0.004,0.004,0.004,0.004,0.004,0.004
PIM,24/07/2026,0.05,0.05,0.048,0.048,64000,0.04,0.065,0.079,0.071,0.088,0.11,0.1,0.078,0.082,0.079,0.135,0.185,0.19,0.195,0.17,0.09,0.094,0.08,0.079,0.074,0.07,0.052,0.055,0.052,0.065,0.068,0.065,0.057,0.047,0.046,0.043,0.044,0.041,0.056,0.05,0.048,0.046,0.045,0.045,0.04,0.043,0.043,0.045,0.043,0.044,0.044,0.041,0.039,0.033,0.05,0.05,0.049,0.048
PIMOB,24/07/2026,0.014,0.014,0.014,0.014,0,0,0,0,0,0,0,0,0,0,0,0,0.076,0.1,0.085,0.06,0.055,0.044,0.031,0.03,0.03,0.025,0.02,0,0.015,0.015,0.02,0.022,0.022,0.022,0.022,0.022,0.014,0.009,0.009,0.009,0.008,0,0,0.015,0.015,0.01,0.014,0.014,0.014,0.01,0.01,0.01,0.01,0.009,0.012,0,0.014,0.014
PIQ,24/07/2026,0.165,0.17,0.155,0.155,311230,0.395,0.36,0.38,0.345,0.31,0.315,0.305,0.3075,0.35,0.35,0.365,0.375,0.385,0.35,0.34,0.355,0.34,0.325,0.405,0.425,0.49,0.51,0.53,0.72,0.665,0.8,0.725,0.47,0.45,0.395,0.375,0.34,0.325,0.32,0.3,0.29,0.23,0.225,0.275,0.28,0.25,0.175,0.15,0.145,0.135,0.135,0.125,0.1175,0.1075,0.2,0.205,0.175,0.155
PIXX,24/07/2026,4.75,4.75,4.71,4.71,29153,5.33,5.24,5.29,5.41,5.43,5.34,5.39,5.48,5.55,5.54,5.69,5.67,5.61,5.82,5.87,5.78,5.74,5.58,5.68,5.72,5.73,5.72,5.74,5.74,5.85,5.7,5.54,5.35,5.21,5.08,5.09,5.06,5.12,4.87,4.86,4.92,4.955,5.03,5.14,5.14,5.2,5.14,5.03,5.04,5.08,5.05,5.03,5.09,5.1,4.87,4.8,4.84,4.71
PKD,24/07/2026,0.031,0.031,0.031,0.031,0,0.03,0.031,0.03,0.035,0.035,0.034,0.027,0.026,0.036,0.035,0.034,0.034,0.031,0.03,0.03,0.035,0.033,0.033,0.035,0.036,0.035,0.033,0.033,0.035,0.035,0.036,0.04,0.037,0.031,0.03,0.034,0.028,0.033,0.029,0.027,0.025,0.023,0.022,0.033,0.028,0.032,0.033,0.031,0.034,0.034,0.033,0.036,0.034,0.026,0.029,0.03,0.031,0.031
PKO,24/07/2026,0.0055,0.006,0.0055,0.006,9897299,0.0025,0.0025,0.0025,0.003,0.004,0.0035,0.003,0.003,0.003,0.003,0.0035,0.004,0.0055,0.004,0.003,0.003,0.004,0.0035,0.004,0.0035,0.004,0.004,0.004,0.004,0.004,0.004,0.007,0.006,0.006,0.007,0.007,0.007,0.0075,0.007,0.007,0.005,0.005,0.005,0.0055,0.006,0.006,0.006,0.008,0.0065,0.0065,0.006,0.0055,0.005,0.005,0.0055,0.006,0.005,0.006
PKP,24/07/2026,0.017,0.017,0.017,0.017,84058,0,0,0,0,0,0,0,0,0,0,0,0,0,0,0,0,0,0,0,0,0.021,0.02,0.02,0.019,0.019,0.019,0.018,0.019,0.017,0.016,0.017,0.018,0.018,0.017,0.0175,0.016,0.017,0.017,0.017,0.017,0.018,0.017,0.017,0.016,0.015,0.015,0.015,0.017,0.017,0.018,0.017,0.018,0.017
PKY,24/07/2026,0.035,0.035,0.031,0.031,4049389,0,0,0,0,0,0.024,0.03,0.028,0.025,0.022,0.022,0.023,0.025,0.02,0.02,0.019,0.018,0.014,0.016,0.019,0.018,0.017,0.016,0.016,0.017,0.022,0.02,0.02,0.02,0.02,0.028,0.027,0.024,0.024,0.026,0.023,0.022,0.023,0.03,0.037,0.05,0.053,0.04,0.039,0.041,0.038,0.054,0.06,0.071,0.062,0.048,0.039,0.031
PL3,24/07/2026,0.125,0.13,0.125,0.125,1468467,0.038,0.043,0.039,0.04,0.038,0.038,0.04,0.044,0.043,0.045,0.045,0.053,0.07,0.06,0.052,0.042,0.05,0.055,0.065,0.06,0.059,0.058,0.055,0.059,0.13,0.11,0.1,0.1,0.11,0.15,0.125,0.12,0.105,0.14,0.195,0.19,0.175,0.17,0.18,0.165,0.15,0.13,0.13,0.12,0.105,0.105,0.1,0.105,0.09,0.1,0.12,0.12,0.125
PL8,24/07/2026,1.44,1.44,1.41,1.425,446036,1.41,1.42,1.42,1.405,1.4,1.38,1.415,1.42,1.435,1.46,1.43,1.44,1.41,1.41,1.42,1.43,1.415,1.415,1.42,1.43,1.43,1.445,1.45,1.47,1.48,1.49,1.52,1.43,1.44,1.415,1.44,1.455,1.43,1.435,1.4,1.35,1.34,1.335,1.35,1.38,1.41,1.37,1.385,1.38,1.39,1.385,1.39,1.375,1.375,1.385,1.405,1.41,1.425
PL9,24/07/2026,0.006,0.0065,0.006,0.0065,1324632,0,0,0,0,0,0,0,0,0,0.006,0.007,0.007,0.008,0.008,0.007,0.007,0.008,0.008,0.008,0.0085,0.008,0.007,0.008,0.008,0.009,0.009,0.008,0.0075,0.008,0.007,0.007,0.007,0.007,0.007,0.007,0.006,0.007,0.006,0.007,0.007,0.007,0.007,0.006,0.007,0.006,0.007,0.006,0.007,0.006,0.0065,0.006,0.006,0.0065
PLA,24/07/2026,0.38,0.38,0.365,0.375,373229,0,0,0,0.29,0.28,0.28,0.265,0.27,0.26,0.24,0.27,0.285,0.265,0.28,0.275,0.2675,0.28,0.28,0.28,0.26,0.27,0.27,0.255,0.32,0.295,0.305,0.3,0.305,0.265,0.285,0.285,0.29,0.265,0.27,0.26,0.27,0.275,0.315,0.295,0.285,0.29,0.325,0.375,0.365,0.38,0.37,0.375,0.375,0.385,0.395,0.39,0.38,0.375
PLC,24/07/2026,0.008,0.008,0.008,0.008,0,0.008,0.007,0.006,0.012,0.009,0.008,0.009,0.011,0.01,0.01,0.011,0.009,0.008,0.0075,0.007,0.006,0.006,0.0055,0.006,0.007,0.006,0.006,0.007,0.006,0.0065,0.007,0.008,0.009,0.009,0.011,0.011,0.011,0.011,0.012,0.009,0.01,0.01,0.011,0.011,0.011,0.011,0.009,0.0095,0.01,0.009,0.008,0.0085,0.008,0.007,0.008,0.008,0.008,0.008
PLCO,24/07/2026,0.003,0.003,0.003,0.003,0,0,0,0,0,0,0,0,0,0,0,0,0,0,0,0,0,0.002,0.002,0.002,0.002,0.001,0.001,0,0.001,0.001,0.001,0.002,0.003,0.003,0.003,0.004,0.004,0.005,0.005,0.005,0.004,0,0,0.005,0.005,0.005,0.004,0.004,0.003,0.003,0.003,0.002,0.003,0.003,0.003,0,0.002,0.003
PLG,24/07/2026,0.031,0.031,0.031,0.031,0,0.015,0.011,0.012,0.012,0.011,0.01,0.024,0.02,0.021,0.019,0.019,0.023,0.023,0.022,0.025,0.021,0.022,0.021,0.02,0.023,0.021,0.0225,0.024,0.027,0.035,0.032,0.038,0.033,0.03,0.028,0.03,0.031,0.031,0.031,0.031,0.031,0.031,0,0.031,0.031,0.031,0.031,0.031,0.031,0.031,0.031,0.031,0.031,0.031,0.031,0.031,0.031,0.031
PLS,24/07/2026,4.23,4.26,4.06,4.14,17643517,1.925,1.67,1.93,2.2,2.11,2.45,2.39,1.98,2.31,2.4,2.54,2.64,2.68,3.23,3.3,2.93,3.82,3.9,4.05,3.8,4.1,3.93,4.38,4.31,4.65,4.68,5.08,4.29,4.12,4.23,4.18,5.19,4.76,4.89,4.23,5.15,5.09,5.36,6.04,5.77,6.14,6.26,6.01,6.34,6.46,5.91,6.52,5.88,5.04,5.23,4.63,4.33,4.14
PLT,24/07/2026,0.76,0.77,0.755,0.755,29321,1.005,1.1,1.14,1.19,1.28,1.245,1.25,1.4,1.49,1.49,1.595,1.42,1.305,1.5,1.4,1.28,1.22,1.275,1.305,1.145,1.14,1.115,1.165,1.11,1.165,1.22,1.235,1.11,0.98,0.97,0.94,0.935,0.905,0.825,0.76,0.805,0.78,0.81,0.83,0.895,0.915,0.845,0.845,0.82,0.79,0.8,0.75,0.775,0.77,0.73,0.725,0.69,0.755
PLUS,24/07/2026,16.73,16.75,16.7,16.7,41893,17.22,17.24,17.3,17.37,17.32,17.38,17.3,17.36,17.36,17.25,17.26,17.23,17.44,17.42,17.27,17.24,17.16,17.13,17.13,16.94,16.9,16.92,16.98,16.92,17,16.98,16.94,16.95,16.92,16.97,16.98,17.04,16.83,16.74,16.65,16.6,16.64,16.66,16.66,16.68,16.61,16.66,16.63,16.75,16.83,16.73,16.85,16.86,16.94,16.86,16.89,16.84,16.7
PLY,24/07/2026,0.105,0.11,0.105,0.105,10666,0.23,0.195,0.195,0.2075,0.195,0.2,0.21,0.205,0.215,0.2,0.2025,0.23,0.24,0.225,0.24,0.215,0.22,0.18,0.225,0.22,0.22,0.235,0.255,0.265,0.27,0.3,0.295,0.26,0.27,0.28,0.33,0.3,0.295,0.245,0.235,0.26,0.24,0.3,0.35,0.3,0.265,0.27,0.255,0.24,0.235,0.13,0.12,0.125,0.11,0.115,0.12,0.11,0.105
PME,24/07/2026,158.76,161.79,155.22,159.82,330115,320.85,313.99,308.5,313.5,306.41,298.81,298.23,298.45,313.29,301.77,314,305.55,285.6,281.78,263.61,252.62,248.83,251.32,266.54,249,234.43,217.37,225.68,222.63,210.21,202.9,180.92,184.12,157.62,118.22,126.51,130,132.7,133,120.06,117.7,118.84,126.92,148.74,138.34,136.16,129.49,122.11,127.95,132.26,165.64,164,172.8,188.88,209.65,197.07,187.11,159.82
PMGOLD,24/07/2026,57.79,57.79,57.26,57.3,110301,50.77,50.95,51.8,51.18,51.62,51.98,54.17,54.62,55.03,56.92,58.23,60.1,67.2,62.88,60.77,61.36,63.94,62.55,63.75,63.37,63.73,65.02,66.5,64.95,66.28,68.26,72.01,73.95,69,69.9,70.63,72.29,72.43,71.8,66,63.93,67.39,66.95,66.47,65.33,63.64,64.97,63.27,63,62.51,62.03,59.05,58.71,57.75,59.7,58.84,56.76,57.3
PMM,24/07/2026,0.125,0.125,0.125,0.125,14500,0,0,0,0,0,0,0,0,0,0,0,0,0,0,0,0,0,0,0,0.165,0.145,0.155,0.145,0.16,0.205,0.185,0.23,0.205,0.195,0.19,0.17,0.19,0.19,0.2,0.19,0.19,0.18,0,0.2,0.195,0.195,0.19,0.17,0.18,0.18,0.15,0.14,0.13,0.12,0.125,0.12,0.12,0.125
PMT,24/07/2026,0.465,0.465,0.435,0.44,1503480,0.47,0.43,0.465,0.45,0.415,0.425,0.4,0.37,0.43,0.45,0.445,0.43,0.46,0.4,0.4,0.335,0.395,0.505,0.55,0.5,0.51,0.595,0.61,0.6,0.64,0.675,0.74,0.665,0.6,0.53,0.53,0.55,0.505,0.48,0.46,0.435,0.455,0.505,0.66,0.55,0.625,0.735,0.71,0.68,0.725,0.695,0.61,0.62,0.565,0.62,0.535,0.435,0.44
PMV,24/07/2026,13.89,13.94,13.62,13.74,343932,20.65,21.1,21.63,22.13,21.78,22.34,22.72,21.55,21.5,19.62,19.4,18.52,17.64,17.8,17.81,17.56,17.26,17.24,17.9,15.22,14.17,13.76,14.06,13.83,13.47,13.25,13.88,13.39,13.88,13.57,14.07,13.44,13.09,12.45,11.98,12.52,12.41,12.99,12.76,12.66,12.29,12.35,11.27,11.71,12.53,12.9,14.13,14.3,14.65,14.42,14.32,14.4,13.74
PNC,24/07/2026,0.64,0.64,0.64,0.64,15072,0.5,0.5,0.52,0.56,0.575,0.6,0.59,0.585,0.58,0.575,0.64,0.66,0.635,0.64,0.655,0.665,0.735,0.72,0.7,0.665,0.675,0.66,0.66,0.68,0.71,0.695,0.7,0.71,0.69,0.755,0.655,0.725,0.72,0.69,0.625,0.595,0.59,0.605,0.61,0.59,0.59,0.64,0.6,0.605,0.6,0.61,0.7,0.7,0.685,0.69,0.7,0.695,0.64
PNI,24/07/2026,16.28,16.42,15.55,15.71,732509,21.89,22,24,22.32,21.1,21.47,19.22,18.62,18.61,17.79,18.55,19.12,19.17,20,19.76,17.44,16.43,16.62,18.26,16.84,16.89,16.49,17.45,17.12,17.39,18.13,17.47,16.98,17.49,16.31,16.66,15.72,16.07,13.73,12.76,13.85,13.78,14.63,17.09,15.97,14.88,16.26,15.56,15.48,15.4,14.98,15.7,16.81,16.7,18.19,17.62,17.66,15.71
PNN,24/07/2026,0.115,0.115,0.105,0.105,2098884,0.064,0.078,0.067,0.06,0.071,0.09,0.078,0.072,0.089,0.093,0.13,0.165,0.18,0.155,0.125,0.089,0.094,0.092,0.094,0.12,0.092,0.084,0.088,0.087,0.11,0.115,0.13,0.105,0.09,0.1,0.096,0.12,0.135,0.12,0.105,0.115,0.11,0.13,0.125,0.115,0.11,0.125,0.125,0.115,0.15,0.14,0.125,0.135,0.125,0.135,0.12,0.11,0.105
PNNO,24/07/2026,0.03,0.03,0.03,0.03,0,0.009,0.008,0.009,0.006,0.008,0.012,0.013,0.013,0.014,0.017,0.02,0.022,0.035,0.03,0.025,0.02,0.018,0.011,0.012,0.012,0.015,0.015,0,0.015,0.015,0.02,0.022,0.02,0.02,0.021,0.015,0.017,0.015,0.015,0.015,0.014,0,0,0.021,0.025,0.02,0.02,0.025,0.022,0.03,0.03,0.03,0.032,0.033,0.03,0,0.03,0.03
PNNOA,24/07/2026,0.04,0.04,0.038,0.038,294657,0.017,0.02,0.02,0.02,0.017,0.029,0.024,0.024,0.034,0.035,0.045,0.081,0.073,0.057,0.05,0.031,0.028,0.027,0.025,0.033,0.023,0.023,0,0.025,0.032,0.032,0.04,0.03,0.025,0.028,0.028,0.034,0.037,0.035,0.032,0.04,0,0,0.044,0.043,0.043,0.042,0.044,0.043,0.06,0.057,0.064,0.063,0.057,0.05,0,0.043,0.038
PNR,24/07/2026,2.06,2.07,2,2,1948414,3.72,3.55,4.06,4.31,4.32,4.62,4.82,5.37,5.31,5.92,6.31,5.87,6.04,5.32,5.12,4.85,5.08,4.65,5.39,4.8,4.79,4.8,5.11,5.16,4.99,5.22,5.4,5.09,4.46,4.83,4.89,5.75,5.14,3.46,3.36,3.18,3.5,3.87,3.73,3.77,3.21,3.39,3.33,3.13,3,2.64,2.52,2.74,2.4,2.39,2.09,1.915,2
PNT,24/07/2026,0.007,0.007,0.007,0.007,0,0.0095,0.0085,0.01,0.008,0.009,0.011,0.01,0.01,0.01,0.01,0.01,0.01,0.013,0.011,0.0105,0.009,0.008,0.008,0.009,0.008,0.008,0.007,0.008,0.009,0.01,0.009,0.01,0.01,0.009,0.009,0.009,0.009,0.009,0.009,0.009,0.01,0.009,0,0.008,0.008,0.008,0.008,0.008,0.007,0.008,0.007,0.006,0.007,0.005,0.006,0.007,0.006,0.007
PNV,24/07/2026,0.9,0.9,0.83,0.855,8190309,1.29,1.235,1.145,1.18,1.1,1.315,1.525,1.44,1.57,1.375,1.495,1.485,1.265,1.295,1.32,1.195,1.165,1.13,1.23,1.205,1.21,1.23,1.285,1.25,1.225,1.205,1.09,1.015,0.915,0.92,0.92,0.965,0.94,0.94,0.91,0.895,0.935,0.965,1.01,1.005,0.995,1.01,1.195,1.135,1.22,1.055,0.965,1,0.91,0.98,1.015,0.98,0.855
POD,24/07/2026,0.039,0.04,0.037,0.038,532309,0.051,0.044,0.039,0.038,0.036,0.038,0.04,0.04,0.042,0.082,0.098,0.089,0.087,0.072,0.072,0.062,0.066,0.054,0.069,0.064,0.069,0.079,0.094,0.083,0.086,0.08,0.093,0.074,0.062,0.061,0.062,0.067,0.063,0.06,0.048,0.048,0.045,0.048,0.053,0.049,0.049,0.054,0.055,0.049,0.048,0.045,0.042,0.042,0.036,0.039,0.035,0.034,0.038
PODOA,24/07/2026,0.007,0.007,0.007,0.007,0,0.01,0.008,0.006,0.006,0.007,0.008,0.01,0.009,0.01,0.023,0.035,0.035,0.038,0.025,0.03,0.02,0.02,0.018,0.022,0.025,0.024,0.026,0,0.032,0.034,0.028,0.036,0.021,0.025,0.02,0.018,0.025,0.025,0.025,0.01,0.015,0,0,0.01,0.011,0.011,0.011,0.011,0.008,0.008,0.006,0.006,0.005,0.004,0.003,0,0.004,0.007
POL,24/07/2026,0.815,0.845,0.77,0.77,660089,0.78,0.72,0.775,0.77,0.75,0.815,0.88,1.09,1.08,1.18,1.225,1.23,1.4,1.27,0.92,0.9,1.03,0.92,1.035,1.105,1.195,1.18,1.27,1.28,1.245,1.19,1.59,1.46,1.03,1.025,0.94,1.02,0.94,0.83,0.7,0.695,0.71,0.73,0.965,0.91,0.895,1.02,0.975,0.86,0.82,0.755,0.76,0.77,0.75,0.87,0.915,0.72,0.77
PPC,24/07/2026,1.76,1.76,1.69,1.72,5069760,1.585,1.69,1.655,1.64,1.71,1.705,1.79,1.7,1.78,1.94,1.96,1.95,1.89,1.91,1.91,1.845,1.86,1.98,2.02,1.93,1.905,2.02,1.97,1.965,1.95,2.06,2.14,2.02,1.84,1.925,2.15,2.16,2.05,1.85,1.955,1.82,1.855,1.905,1.885,1.87,1.74,1.645,1.665,1.555,1.735,1.64,1.665,1.71,1.79,1.69,1.78,1.815,1.72
PPE,24/07/2026,0.685,0.715,0.685,0.715,28118,0.685,0.69,0.645,0.65,0.62,0.725,0.705,0.755,0.775,0.815,0.805,0.85,0.93,0.895,0.845,0.895,0.845,0.805,0.905,0.875,0.825,0.89,0.865,0.87,0.835,0.79,0.76,0.685,0.67,0.675,0.675,0.665,0.645,0.63,0.63,0.61,0.62,0.63,0.62,0.605,0.59,0.57,0.555,0.56,0.65,0.64,0.65,0.71,0.655,0.72,0.7,0.68,0.715
PPG,24/07/2026,0.018,0.018,0.018,0.018,0,0.016,0.016,0.019,0.018,0.019,0.018,0.018,0.018,0.018,0.018,0.018,0.018,0.018,0.018,0.018,0.018,0.018,0.018,0.018,0.018,0.018,0.018,0.018,0.018,0.018,0.018,0.018,0.018,0.018,0.018,0.018,0.018,0.018,0.018,0.018,0.018,0.018,0,0.018,0.018,0.018,0.018,0.018,0.018,0.018,0.018,0.018,0.018,0.018,0.018,0.018,0.018,0.018
PPK,24/07/2026,0.335,0.335,0.335,0.335,6510,0.465,0.545,0.525,0.5,0.525,0.525,0.46,0.39,0.395,0.39,0.41,0.49,0.46,0.44,0.465,0.425,0.455,0.43,0.38,0.385,0.4,0.375,0.365,0.465,0.43,0.47,0.445,0.41,0.4,0.425,0.395,0.375,0.345,0.34,0.32,0.335,0.32,0.295,0.315,0.38,0.35,0.32,0.33,0.31,0.34,0.33,0.325,0.335,0.32,0.37,0.345,0.345,0.335
PPL,24/07/2026,0.033,0.033,0.032,0.033,327367,0.049,0.044,0.04,0.042,0.04,0.039,0.042,0.042,0.043,0.043,0.042,0.044,0.041,0.043,0.048,0.045,0.052,0.047,0.048,0.044,0.046,0.045,0.044,0.048,0.046,0.05,0.055,0.052,0.045,0.043,0.043,0.044,0.042,0.041,0.039,0.037,0.038,0.038,0.037,0.037,0.036,0.034,0.032,0.0305,0.034,0.035,0.031,0.032,0.03,0.03,0.0285,0.028,0.033
PPM,24/07/2026,1.595,1.64,1.58,1.63,131140,1.895,1.895,1.865,1.935,2.13,2.15,2.25,2.12,2.08,1.98,2.01,2,2.15,2.13,2.23,2.46,2.38,2.32,2.45,2.34,2.18,2.19,2.24,2.24,2.09,2.05,2.03,1.965,1.76,2.29,2.36,2.42,2.24,2.12,1.765,1.75,1.72,1.79,1.77,1.735,1.76,1.705,1.66,1.665,1.67,1.665,1.615,1.615,1.565,1.6,1.665,1.6,1.63
PPS,24/07/2026,0.68,0.7,0.65,0.66,1085594,0.715,0.695,0.695,0.675,0.665,0.8,0.785,0.77,0.76,0.75,0.77,0.795,0.83,0.895,0.915,0.85,0.81,0.79,0.865,0.83,0.815,0.8,0.8,0.79,0.79,0.78,0.79,0.755,0.695,0.67,0.75,0.765,0.76,0.7,0.66,0.65,0.665,0.695,0.72,0.695,0.685,0.71,0.695,0.685,0.69,0.73,0.695,0.7,0.635,0.69,0.73,0.71,0.66
PPT,24/07/2026,19.09,19.09,18.63,18.92,214293,20.45,21,21.14,21.7,21.56,21.73,19.93,19.38,19.1,18.6,20.15,19.88,20.65,19.32,19.19,18.85,18.77,18.44,19.19,18.76,19.07,19.02,19.14,18.88,19.02,18.98,18.68,18.11,16.97,16.99,17.42,18.54,17.7,16.24,16.12,16.02,15.8,15.99,16.47,16.35,16.65,16.59,16.2,16.27,15.9,15.73,16.1,15.75,15.19,18.98,19.28,19.21,18.92
PPY,24/07/2026,0.008,0.008,0.007,0.008,649900,0.01,0.009,0.012,0.012,0.013,0.014,0.01,0.01,0.009,0.009,0.009,0.009,0.009,0.009,0.009,0.0085,0.009,0.009,0.009,0.008,0.008,0.0085,0.008,0.009,0.01,0.014,0.012,0.011,0.01,0.012,0.012,0.009,0.009,0.008,0.009,0.009,0.011,0,0.009,0.011,0.014,0.014,0.014,0.013,0.013,0.01,0.011,0.011,0.009,0.009,0.009,0.009,0.008
PR1,24/07/2026,0.33,0.33,0.32,0.32,94592,0.135,0.135,0.15,0.18,0.17,0.18,0.17,0.18,0.175,0.165,0.17,0.17,0.21,0.21,0.19,0.175,0.175,0.175,0.175,0.175,0.18,0.19,0.19,0.2,0.28,0.28,0.275,0.29,0.28,0.275,0.275,0.275,0.28,0.275,0.275,0.28,0.37,0.39,0.49,0.57,0.57,0.65,0.595,0.495,0.52,0.52,0.455,0.58,0.46,0.41,0.36,0.345,0.32
PR1OC,24/07/2026,0.14,0.14,0.14,0.14,0,0,0,0,0,0,0,0,0,0,0,0,0,0,0,0,0,0,0,0,0,0,0,0,0,0.076,0.075,0.075,0.094,0.085,0.085,0.08,0.085,0.085,0.075,0.075,0.075,0,0,0.19,0.29,0.27,0.335,0.33,0.33,0.25,0.25,0.2,0.22,0.21,0.145,0,0.14,0.14
PR2,24/07/2026,0.024,0.025,0.024,0.024,1095714,0.094,0.093,0.12,0.13,0.13,0.155,0.14,0.145,0.135,0.14,0.16,0.185,0.18,0.17,0.155,0.165,0.145,0.135,0.125,0.12,0.135,0.13,0.12,0.135,0.135,0.15,0.145,0.135,0.125,0.12,0.12,0.12,0.1125,0.11,0.08,0.075,0.058,0,0.06,0.06,0.059,0.049,0.045,0.032,0.032,0.024,0.03,0.03,0.019,0.028,0.025,0.025,0.024
PR2O,24/07/2026,0.001,0.001,0.001,0.001,0,0.012,0.012,0.025,0.024,0.024,0.04,0.04,0.034,0.034,0.027,0.03,0.05,0.055,0.044,0.04,0.04,0.04,0.028,0.028,0.031,0.032,0.032,0,0.03,0.03,0.03,0.026,0.034,0.028,0.032,0.04,0.032,0.032,0.035,0.035,0.035,0,0,0.011,0.011,0.011,0.006,0.003,0.003,0.002,0.001,0.001,0.001,0.001,0.001,0,0.001,0.001
PRG,24/07/2026,1.44,1.44,1.44,1.44,0,1.5,1.52,1.525,1.6,1.635,1.7,1.68,1.68,1.85,1.785,1.78,1.76,1.7325,1.62,1.42,1.32,1.43,1.51,1.445,1.54,1.54,1.425,1.4,1.27,1.27,1.385,1.43,1.46,1.31,1.305,1.305,1.455,1.455,1.65,1.585,1.55,1.58,1.79,1.58,1.675,1.9,1.85,1.545,1.545,1.525,1.31,1.3,1.12,1.16,1.145,1.265,1.465,1.44
PRM,24/07/2026,0.0015,0.0015,0.0015,0.0015,2000000,0.002,0.0025,0.0025,0.004,0.004,0.0035,0.003,0.003,0.0035,0.003,0.003,0.004,0.0035,0.003,0.003,0.003,0.003,0.0035,0.003,0.003,0.003,0.0035,0.004,0.003,0.003,0.003,0.003,0.004,0.003,0.003,0.002,0.003,0.004,0.003,0.003,0.0025,0.003,0.0025,0.003,0.003,0.003,0.003,0.0025,0.002,0.002,0.002,0.002,0.002,0.0015,0.001,0.001,0.001,0.0015
PRN_,24/07/2026,2.2,2.2,2.1,2.14,2139790,1.765,1.75,1.92,2.02,2.09,2.36,2.43,2.47,2.5,2.68,2.89,2.86,2.77,2.7,2.71,2.57,2.7,2.58,2.93,2.9,2.86,2.94,0,2.82,2.91,3.01,2.89,2.81,2.55,2.64,2.82,2.35,2.12,1.985,1.87,1.91,0,0,2.09,1.9,1.89,1.955,2.09,2.1,2.11,2.15,2.07,2.29,2.32,2.32,0,2.09,2.14
PRN,24/07/2026,2.2,2.2,2.1,2.14,2139790,1.765,1.75,1.92,2.02,2.09,2.36,2.43,2.47,2.5,2.68,2.89,2.86,2.77,2.7,2.71,2.57,2.7,2.58,2.93,2.9,2.86,2.94,2.88,2.82,2.91,3.01,2.89,2.81,2.55,2.64,2.82,2.35,2.12,1.985,1.87,1.91,1.925,2.08,2.09,1.9,1.89,1.955,2.09,2.1,2.11,2.15,2.07,2.29,2.32,2.32,2.19,2.09,2.14
PRO,24/07/2026,0.07,0.07,0.07,0.07,139,0.41,0.4,0.42,0.4,0.415,0.345,0.345,0.255,0.23,0.215,0.2375,0.215,0.195,0.185,0.18,0.18,0.17,0.17,0.17,0.16,0.16,0.16,0.14,0.145,0.14,0.13,0.115,0.115,0.089,0.11,0.14,0.11,0.092,0.098,0.11,0.1,0.1,0,0.1,0.095,0.1,0.093,0.075,0.073,0.091,0.09,0.092,0.078,0.085,0.085,0.07,0.075,0.07
PRU,24/07/2026,4.91,4.97,4.7,4.76,3398428,3.56,3.26,3.57,3.6,3.6,3.78,4.25,4.35,4.3,4.74,4.94,4.73,5.17,4.73,4.87,4.83,5.23,5.19,5.65,5.42,5.44,5.55,5.73,5.64,5.71,5.83,6.35,5.9,5.34,5.71,5.87,6,5.58,5.28,4.81,4.94,5.28,5.67,5.61,5.56,5.4,5.52,5.53,5.24,5.17,5.01,4.88,5.45,5.15,5.22,4.94,4.65,4.76
PRX,24/07/2026,0.065,0.065,0.065,0.065,20000,0.002,0.002,0.002,0.002,0.0025,0.003,0.003,0.003,0.003,0.003,0.002,0.0025,0.003,0,0,0.06,0.06,0.063,0.06,0.062,0.058,0.057,0.06,0.057,0.062,0.07,0.066,0.068,0.065,0.065,0.066,0.064,0.064,0.062,0.061,0.056,0.056,0.056,0.056,0.055,0.079,0.082,0.076,0.081,0.09,0.088,0.08,0.067,0.068,0.07,0.068,0.064,0.065
PSC,24/07/2026,0.26,0.26,0.245,0.245,251694,0.18,0.18,0.185,0.19,0.2,0.205,0.22,0.2,0.195,0.195,0.2,0.195,0.19,0.195,0.21,0.19,0.19,0.17,0.185,0.21,0.235,0.24,0.26,0.255,0.305,0.345,0.44,0.415,0.465,0.415,0.42,0.405,0.36,0.36,0.29,0.3,0.335,0.325,0.365,0.305,0.305,0.295,0.295,0.31,0.32,0.285,0.285,0.295,0.28,0.3,0.285,0.265,0.245
PSL,24/07/2026,0.031,0.032,0.0285,0.032,155802,0.02,0.021,0.021,0.019,0.023,0.023,0.022,0.025,0.028,0.03,0.035,0.039,0.032,0.028,0.027,0.034,0.032,0.028,0.033,0.029,0.031,0.033,0.035,0.034,0.034,0.035,0.036,0.04,0.043,0.038,0.045,0.045,0.056,0.051,0.049,0.047,0.048,0,0.046,0.042,0.046,0.042,0.055,0.054,0.04,0.044,0.036,0.037,0.037,0.036,0.029,0.034,0.032
PTL,24/07/2026,0.023,0.023,0.023,0.023,0,0.06,0.064,0.063,0.06,0.054,0.051,0.048,0.052,0.051,0.055,0.05,0.052,0.053,0.048,0.048,0.05,0.05,0.045,0.044,0.05,0.047,0.046,0.046,0.048,0.043,0.041,0.04,0.042,0.039,0.042,0.037,0.04,0.039,0.031,0.031,0.034,0.033,0.033,0.035,0.034,0.033,0.033,0.035,0.033,0.03,0.033,0.025,0.028,0.023,0.022,0.024,0.023,0.023
PTN,24/07/2026,0.047,0.047,0.043,0.043,716515,0.065,0.065,0.063,0.061,0.064,0.064,0.064,0.066,0.074,0.081,0.091,0.091,0.09,0.08,0.072,0.0685,0.077,0.071,0.077,0.071,0.067,0.068,0.073,0.07,0.077,0.072,0.083,0.074,0.066,0.067,0.07,0.087,0.077,0.07,0.063,0.068,0.066,0.069,0.063,0.063,0.058,0.058,0.054,0.057,0.054,0.05,0.048,0.046,0.041,0.049,0.048,0.046,0.043
PTR,24/07/2026,0.079,0.08,0.078,0.08,226839,0.375,0.365,0.355,0.36,0.32,0.32,0.31,0.305,0.32,0.305,0.3,0.315,0.31,0.285,0.28,0.275,0.28,0.275,0.265,0.26,0.27,0.2575,0.28,0.3,0.28,0.28,0.285,0.255,0.25,0.235,0.225,0.21,0.19,0.185,0.105,0.094,0.1,0.12,0.11,0.105,0.099,0.115,0.125,0.105,0.11,0.1,0.1,0.11,0.089,0.096,0.085,0.083,0.08
PTX,24/07/2026,0.094,0.095,0.089,0.092,1763916,0.045,0.046,0.041,0.046,0.043,0.041,0.04,0.041,0.042,0.0415,0.044,0.043,0.042,0.048,0.05,0.045,0.047,0.054,0.074,0.086,0.089,0.091,0.08,0.083,0.087,0.088,0.084,0.07,0.067,0.065,0.067,0.068,0.06,0.058,0.056,0.053,0.052,0.056,0.051,0.054,0.054,0.054,0.065,0.082,0.078,0.073,0.068,0.068,0.061,0.068,0.072,0.073,0.092
PUR,24/07/2026,0.064,0.065,0.062,0.065,779768,0.068,0.066,0.062,0.063,0.068,0.077,0.071,0.08,0.1,0.11,0.11,0.078,0.089,0.075,0.068,0.066,0.069,0.076,0.081,0.083,0.092,0.091,0.097,0.093,0.091,0.1,0.12,0.12,0.094,0.095,0.12,0.115,0.105,0.094,0.084,0.08,0.086,0.081,0.086,0.089,0.094,0.084,0.11,0.094,0.082,0.076,0.065,0.066,0.06,0.075,0.078,0.068,0.065
PURO,24/07/2026,0.003,0.003,0.003,0.003,200000,0.001,0.004,0.004,0.003,0.004,0.004,0.004,0.005,0.01,0.008,0.01,0.01,0.009,0.006,0.006,0.006,0.006,0.006,0.006,0.006,0.01,0.01,0,0.015,0.015,0.02,0.027,0.027,0.028,0.01,0.012,0.018,0.017,0.015,0.01,0.008,0,0,0.012,0.016,0.017,0.017,0.015,0.015,0.01,0.005,0.005,0.006,0.006,0.006,0,0.005,0.003
PV1,24/07/2026,0.007,0.007,0.007,0.007,0,0.023,0.021,0.02,0.022,0.023,0.0205,0.018,0.017,0.0175,0.017,0.017,0.0165,0.016,0.016,0.016,0.015,0.015,0.016,0.016,0.015,0.016,0.014,0.013,0.014,0.014,0.012,0.013,0.012,0.013,0.012,0.012,0.012,0.01,0.01,0.0095,0.009,0.009,0.009,0.009,0.008,0.008,0.009,0.0095,0.009,0.011,0.011,0.009,0.009,0.0065,0.007,0.007,0.007,0.007
PVE,24/07/2026,0.064,0.064,0.064,0.064,75378,0.057,0.059,0.055,0.051,0.052,0.05,0.049,0.043,0.042,0.041,0.043,0.042,0.054,0.051,0.054,0.056,0.061,0.059,0.06,0.059,0.058,0.065,0.063,0.062,0.061,0.06,0.06,0.062,0.06,0.063,0.063,0.062,0.068,0.065,0.07,0.065,0.065,0,0.065,0.066,0.065,0.062,0.061,0.062,0.0585,0.06,0.058,0.057,0.052,0.06,0.059,0.061,0.064
PVL,24/07/2026,0.13,0.13,0.13,0.13,0,0.09,0.092,0.09,0.09,0.087,0.093,0.1,0.115,0.145,0.145,0.13,0.13,0.15,0.16,0.15,0.135,0.125,0.13,0.1275,0.125,0.155,0.135,0.145,0.15,0.16,0.16,0.145,0.15,0.145,0.14,0.14,0.15,0.15,0.14,0.125,0.115,0.115,0.12,0.11,0.115,0.12,0.125,0.14,0.135,0.145,0.145,0.145,0.14,0.1525,0.15,0.155,0.155,0.13
PVT,24/07/2026,0.015,0.015,0.014,0.014,4086154,0.011,0.01,0.01,0.009,0.009,0.008,0.008,0.008,0.009,0.009,0.008,0.01,0.013,0.018,0.023,0.02,0.017,0.017,0.018,0.015,0.014,0.013,0.015,0.015,0.016,0.02,0.021,0.016,0.017,0.022,0.019,0.02,0.019,0.018,0.016,0.014,0.013,0.015,0.014,0.016,0.015,0.014,0.016,0.014,0.016,0.014,0.011,0.013,0.012,0.012,0.013,0.015,0.014
PWH,24/07/2026,9.2,9.77,9.2,9.6,94870,8.09,7.71,8.31,8.26,7.75,7.78,8.22,8.22,8.12,7.97,7.96,7.19,7.77,8.5,8.52,8.27,8.21,7.75,8.23,8.05,7.98,7.43,7.71,7.9,8.72,9.86,9.97,9.31,8.44,8.77,9.55,10.03,9.8,9.19,9.43,8.83,8.76,9.02,8.9,9.13,8.5,8.77,9.62,9.3,9.44,8.89,8.64,8.33,7.87,8.2,8.43,8.95,9.6
PWN,24/07/2026,0.01,0.01,0.01,0.01,300000,0.01,0.011,0.011,0.011,0.01,0.0105,0.011,0.01,0.011,0.0105,0.011,0.0105,0.012,0.014,0.014,0.013,0.014,0.013,0.014,0.0135,0.014,0.014,0.014,0.013,0.0135,0.014,0.013,0.012,0.0115,0.011,0.011,0.011,0.0105,0.011,0.009,0.0095,0.0095,0.01,0.01,0.01,0.01,0.0105,0.01,0.01,0.01,0.01,0.01,0.01,0.01,0.0105,0.0105,0.01,0.01
PWR,24/07/2026,0.915,0.93,0.91,0.91,663387,1.7,1.74,1.795,1.84,1.95,1.9,1.83,1.77,1.82,1.79,2,1.895,1.795,1.815,1.865,1.89,1.94,1.875,1.82,1.76,1.72,1.9,1.85,1.83,1.83,1.85,1.75,1.77,1.68,1.615,1.6,1.595,1.41,1.3,1.285,1.295,1.33,1.29,1.27,1.2,1.145,1.15,1.08,1.03,1.005,0.835,0.9,0.925,0.955,0.98,0.985,0.91,0.91
PXA,24/07/2026,7.35,7.39,7.19,7.19,732234,15.56,15.73,15.75,15.92,16.49,15.34,15.92,16.3,16.81,15.75,15.76,15.89,15.33,15.17,15.15,15.23,14.4,13.96,14.17,14.46,13.99,13.79,13.65,13.4,13.23,14.02,14.13,13.76,13.74,13.72,14.65,14.98,15.92,14.84,15.07,15.47,12.09,11.74,12.61,12.37,12.47,12.84,12.22,11.75,10.71,10.76,10.6,11.32,10.21,8.54,8.1,7.9,7.19
PXR,24/07/2026,0.001,0.001,0.001,0.001,500000,0,0,0,0,0,0,0,0,0,0,0,0,0,0,0,0,0,0,0.002,0.002,0.002,0.002,0.0015,0.0015,0.001,0.002,0.002,0.001,0.002,0.002,0.002,0.0015,0.001,0.001,0.001,0.001,0.001,0,0.001,0.001,0.001,0.001,0.001,0.001,0.001,0.001,0.001,0.001,0.001,0.001,0.001,0.001,0.001
PXX,24/07/2026,0.014,0.014,0.013,0.013,1003496,0.01,0.012,0.017,0.018,0.018,0.017,0.016,0.017,0.017,0.021,0.021,0.026,0.024,0.022,0.021,0.02,0.022,0.019,0.021,0.019,0.021,0.019,0.021,0.021,0.021,0.023,0.024,0.02,0.017,0.019,0.019,0.019,0.02,0.019,0.016,0.017,0.018,0.017,0.017,0.02,0.019,0.017,0.017,0.018,0.019,0.017,0.017,0.015,0.014,0.016,0.014,0.014,0.013
PYC,24/07/2026,1.7,1.7,1.645,1.66,933605,1.295,1.21,1.325,1.32,1.3,1.28,1.25,1.22,0.895,0.99,1.14,1.15,1.2,1.195,1.26,1.165,1.37,1.38,1.6,1.485,1.465,1.5,1.7,1.655,1.68,1.74,1.685,1.6,1.5,1.515,1.5,1.505,1.5,1.415,1.33,1.1,1.115,1.175,1.28,1.295,1.225,1.23,1.43,1.36,1.35,1.235,1.22,1.52,1.535,1.535,1.555,1.61,1.66
QAL,24/07/2026,3.21,3.265,3.11,3.14,138225,3.49,3.58,3.81,3.7,3.65,3.7,3.65,3.48,3.41,3.38,3.4,3.37,3.51,3.68,3.67,3.8,3.83,3.71,3.75,3.75,3.67,3.8,3.77,3.6,3.47,3.59,3.51,3.2,3.01,2.96,3.13,3.1,2.83,2.68,2.45,2.4,2.45,2.51,2.42,2.28,2.35,2.6,2.82,2.92,2.86,2.64,2.76,2.88,3.01,3.07,3.18,3.27,3.14
QAN,24/07/2026,10.14,10.18,9.97,9.99,7072553,10.84,10.9,10.94,11.63,11.3,11.75,11.85,11.41,11.05,11,10.87,11.19,10.63,10.51,10.2,9.51,9.72,9.41,9.98,9.81,9.84,10.25,10.28,10.49,10.31,10.38,10.34,10.07,10.15,10.36,10.61,9.95,8.92,8.61,8.34,8.45,8.55,9.19,9.08,8.41,8.48,8.9,8.54,8.68,9.44,9.19,9.35,10.06,10.68,10.61,10.41,10.24,9.99
QAU,24/07/2026,30.44,30.44,30.21,30.25,31573,27,26.53,27.27,26.85,26.73,27.41,28.54,29.3,29.29,30.01,30.9,31.79,35.06,32.95,32.06,32.07,33.63,32.2,33,33.73,34.16,34.52,35.82,34.98,35.68,36.71,39.57,41.32,38.38,39.5,39.76,41.18,40.68,40.54,37.41,35.29,37.08,37.81,38.02,37.19,36.55,37.48,36.26,35.89,35.83,35.27,33.1,32.86,31.75,31.35,30.93,29.95,30.25
QBE,24/07/2026,24.56,24.85,24.56,24.85,3549765,22.53,22.9,21.39,21.6,21.58,21.65,21.62,20.82,20.3,20.42,20.81,21.58,19.52,20.22,19.84,19.9,20.23,19.64,19.25,18.83,19.37,19.8,19.72,19.81,20.1,19.85,19.61,19.74,20.18,19.48,21.48,21.73,20.93,20.52,20.58,21.24,21.55,22.46,22.77,22.37,22.47,22.3,23.04,23.57,22.64,22.67,24.06,24.06,24.84,24.83,25.47,24.99,24.85
QBTC,24/07/2026,18.24,18.25,18.12,18.24,2773,34.46,35.13,35.05,35.89,34.54,33.4,33.48,33.98,34.72,32.7,35.68,36.02,32.92,33.49,32.98,30.79,29.21,26.17,27.93,27.21,27.15,25.79,25.4,25.88,26.54,27.79,25.68,23.17,18.35,18.29,18.7,18.66,19.66,19.8,19.49,19.39,18.81,19.97,20.31,21.33,20.93,21.55,21.92,21.18,20.02,17.05,17.54,17.47,16.96,17.31,17.99,17.51,18.24
QEM,24/07/2026,0.017,0.017,0.017,0.017,115000,0.029,0.029,0.029,0.033,0.033,0.039,0.036,0.038,0.037,0.024,0.022,0.021,0.02,0.02,0.018,0.016,0.018,0.017,0.017,0.017,0.015,0.015,0.016,0.016,0.015,0.016,0.019,0.015,0.015,0.032,0.035,0.043,0.049,0.038,0.04,0.041,0.041,0.052,0.049,0.044,0.039,0.041,0.037,0.033,0.026,0.023,0.028,0.029,0.02,0.019,0.017,0.017,0.017
QEMO,24/07/2026,0.001,0.001,0.001,0.001,0,0.003,0.003,0.003,0.003,0.003,0.003,0.003,0.003,0.003,0.003,0.003,0.003,0.003,0.003,0.003,0.003,0.003,0.003,0.003,0.003,0.003,0.003,0,0.003,0.003,0.003,0.003,0.003,0.003,0.001,0.001,0.001,0.001,0.001,0.001,0.001,0,0,0.001,0.001,0.001,0.001,0.001,0.001,0.001,0.001,0.001,0.001,0.001,0.001,0,0.001,0.001
QETH,24/07/2026,19.05,19.05,18.57,18.74,6051,38.65,39.81,41.79,49.65,46.66,47.68,46.3,47.77,48,41.92,47.44,46.03,42.12,42.65,41.14,36.09,33.75,30.55,32.71,33.24,33.995,30.8,30.5,31.4,32.44,34.14,30.21,27.41,19.17,19.08,19.18,20.06,20.5,20.88,21.07,20.65,20.7,21.67,22.66,22.57,22.2,21.88,21.79,20.76,19.51,16.42,16.43,16.84,15.57,17.14,17.78,18.16,18.74
QFE,24/07/2026,0.07,0.07,0.07,0.07,0,0.048,0.047,0.046,0.045,0.051,0.054,0.054,0.092,0.105,0.105,0.12,0.12,0.12,0.115,0.115,0.12,0.125,0.067,0.062,0.081,0.0795,0.075,0.075,0.071,0.07,0.069,0.075,0.074,0.075,0.076,0.073,0.082,0.075,0.075,0.071,0.08,0.078,0,0.076,0.077,0.076,0.07,0.07,0.071,0.067,0.07,0.07,0.075,0.073,0.07,0.07,0.069,0.07
QFN,24/07/2026,18.33,18.47,18.33,18.41,8262,17.17,17.43,17.5,17.68,18.43,18.36,18.16,18.25,18.05,17.81,18.35,18.3,18.2,18.33,18.36,18.36,17.6,17.11,17.13,17.15,17.45,17.55,17.74,17.51,17.02,17.39,17.03,17.24,17.4,18.48,18.98,19,18.18,18.15,18.19,17.9,17.83,19.02,18.59,18.05,18.06,18.12,17.32,17.75,17.46,17.17,17.33,17.6,17.68,17.84,18.16,18.31,18.41
QGFH,24/07/2026,5.36,5.36,5.36,5.36,0,0,0,0,0,0,0,0,0,0,0,0,0,0,0,0,0,0,0,0,0,5,5.07,5.07,5.07,5.07,5.12,5.19,5.11,5.24,5.24,5.37,5.37,5.37,5.37,5.37,4.89,4.89,0,4.89,4.89,5.27,5.27,5.2,5.15,5.27,5.27,5.27,5.27,5.27,5.39,5.39,5.36,5.36
QGL,24/07/2026,0.325,0.325,0.325,0.325,1858,0.48,0.495,0.485,0.485,0.495,0.485,0.49,0.49,0.475,0.475,0.475,0.47,0.46,0.46,0.45,0.455,0.44,0.445,0.44,0.42,0.39,0.36,0.345,0.35,0.33,0.39,0.39,0.4,0.375,0.46,0.47,0.45,0.46,0.465,0.425,0.415,0.41,0,0.43,0.42,0.415,0.385,0.385,0.38,0.375,0.38,0.39,0.37,0.385,0.4,0.375,0.385,0.325
QGRU,24/07/2026,4.03,4.03,4.03,4.03,12500,0,0,0,0,0,0,0,0,0,0,0,0,0,0,0,0,0,0,4.1,4.01,3.93,4.01,4.01,4.01,3.93,4.02,3.94,3.87,3.91,3.92,3.99,3.96,3.92,3.77,3.76,3.65,3.73,0,3.84,3.85,3.84,3.83,3.83,3.79,3.86,3.75,3.91,3.9,3.9,3.99,3.96,4.06,4.03
QHAL,24/07/2026,55.03,55.15,54.96,54.96,48213,48.9,48.25,48.38,49.45,48.83,49.53,49.9,50.07,50.57,50.33,51.56,51.65,50.72,51.8,52.46,51.34,51.66,50.66,52.62,52.98,53.13,52.57,53.13,53.17,53.98,54.42,54.42,54.55,53.56,54.26,54.6,54.99,53.91,52.63,51.79,51.05,51.13,53.6,54.44,54.78,55.24,56.07,56.44,56.84,57.3,56.98,56.42,57.06,56.14,56.05,56.09,55.46,54.96
QHSM,24/07/2026,34.2,34.2,33.93,34,14145,30.93,30.89,31.13,31.45,31.11,31.65,31.67,32.1,32.14,31.43,32.01,31.72,31.39,32.27,31.59,31.18,30.97,30.06,31.76,31.98,32.51,31.77,32.31,31.65,32.69,33.82,33.89,32.96,32.89,33.44,33.86,33.72,32.84,31.3,31.2,31.32,31.19,33,33.23,33.77,33.66,33.74,33.28,33.37,34.19,34.78,34.05,34.69,35.23,34.83,34.3,33.95,34
QLTY,24/07/2026,32.2,32.2,32.005,32.06,83345,32.4,31.66,31.56,32.19,32.16,32.16,32.07,31.97,32.57,32.48,33.09,33.16,33.1,33.91,33,33.3,33.06,32.33,33.21,33.29,33.39,33.21,33.09,32.92,33.55,33.89,33.18,32.26,31.6,31.42,31.8,31.69,31.52,30.34,30.13,30.25,30.23,31.03,31.29,31.53,31.28,31.4,31.24,31.99,32.42,32.82,33.21,33.43,33.47,33.39,33.14,32.48,32.06
QMAX,24/07/2026,29.38,29.38,29.08,29.16,5038,27.99,28.63,28.51,29.09,28.72,28.75,28.92,28.73,29.52,29.75,29.69,30.05,30,30.58,30.81,30.69,30.31,29.8,30.59,30.61,30.5,30.45,30.67,30.01,30.07,30.23,29.63,29.15,27.83,27.61,27.85,27.73,28.1,27.63,27.31,27.3,27.36,27.77,27.81,28.36,28.35,28.69,28.99,29.39,29.79,29.93,29.77,30.78,30.22,30.38,30.42,29.28,29.16
QMIX,24/07/2026,35.12,35.12,35,35.03,8569,33.11,33.2,33.14,33.93,34.24,33.88,33.98,33.78,34.07,34.23,34.54,34.63,34.75,35.07,34.88,34.92,35.17,34.78,35.51,35.24,35.17,35.27,35.11,34.94,35.37,35.71,35.03,34.62,34.59,34.58,34.97,34.82,34.63,33.65,33.18,33.83,33.95,34.42,34.41,34.39,34.48,34.39,34.78,35.42,35.54,35.55,35.9,35.95,36.24,35.42,35.5,35.17,35.03
QML,24/07/2026,0.054,0.054,0.051,0.052,583287,0.058,0.05,0.054,0.055,0.054,0.055,0.054,0.058,0.07,0.066,0.059,0.058,0.056,0.056,0.055,0.055,0.059,0.056,0.055,0.051,0.05,0.047,0.048,0.049,0.058,0.064,0.066,0.061,0.051,0.051,0.053,0.056,0.053,0.05,0.051,0.045,0.048,0.047,0.048,0.053,0.06,0.058,0.059,0.056,0.051,0.053,0.05,0.051,0.054,0.053,0.052,0.052,0.052
QNDQ,24/07/2026,17.9,17.9,17.8,17.8,463,16.75,16.76,16.44,16.6,16.61,16.57,16.3,16.33,16.74,16.79,17.09,17.27,17.12,17.53,17.32,17.18,16.96,16.56,17.035,17.23,17.23,16.97,16.91,16.86,17.11,17.16,16.88,16.41,15.84,15.73,16.05,15.98,16.15,15.53,15.65,15.72,15.62,15.82,16.17,16.68,16.7,17.14,17.3,17.88,18.19,18.69,18.54,19.06,18.97,18.73,18.55,17.94,17.8
QOZ,24/07/2026,19.07,19.09,18.95,18.98,89105,16.95,16.94,17.29,17.64,17.86,17.88,17.87,17.84,17.6,17.76,18.12,18.05,18.34,18.33,18.17,18.02,18.03,17.51,17.92,18.11,18.34,18.18,18.49,18.16,18.21,18.68,18.62,18.74,18.4,19.09,19.38,19.85,19.18,18.78,18.37,18.6,18.69,19.36,19.29,19.07,18.94,18.85,18.75,18.96,19,18.92,19.4,19.29,19.13,18.84,18.82,18.81,18.98
QPM,24/07/2026,0.009,0.009,0.009,0.009,0,0.035,0.032,0.033,0.032,0.032,0.0315,0.031,0.031,0.035,0.042,0.041,0.043,0.043,0.043,0.043,0.037,0.037,0.037,0.04,0.035,0.035,0.036,0.035,0.038,0.04,0.04,0.041,0.036,0.035,0.034,0.035,0.031,0.027,0.032,0.028,0.029,0.031,0.032,0.03,0.028,0.027,0.026,0.024,0.022,0.023,0.022,0.021,0.018,0.015,0.009,0.009,0.009,0.009
QPON,24/07/2026,26.32,26.33,26.32,26.33,103981,26.11,26.02,26.03,26.1,26.15,26.18,26.1,26.14,26.17,26.23,26.165,26.17,26.14,26.22,26.24,26.16,26.16,26.2,26.16,26.16,26.18,26.16,26.18,26.14,26.17,26.19,26.21,26.25,26.21,26.21,26.25,26.25,26.16,26.17,26.19,26.24,26.16,26.19,26.22,26.27,26.2,26.2,26.24,26.3,26.31,26.25,26.28,26.32,26.34,26.24,26.28,26.31,26.33
QRE,24/07/2026,9.69,9.69,9.51,9.51,144538,7.2,6.94,7.25,7.5,7.46,7.65,7.67,7.62,7.48,7.87,8.03,8.07,8.31,8.23,8.29,8.14,8.37,8.07,8.35,8.62,8.85,8.6,8.89,8.71,8.93,9.24,9.44,9.53,9.13,9.56,9.71,10.4,9.86,9.55,9.05,9.3,9.72,10.15,10.28,10.1,10.02,10.23,10.42,10.3,10.61,10.43,10.45,10.24,9.71,9.84,9.5,9.3,9.51
QRI,24/07/2026,1.55,1.56,1.55,1.55,603133,1.64,1.635,1.64,1.64,1.635,1.64,1.63,1.635,1.69,1.625,1.615,1.605,1.605,1.59,1.595,1.615,1.6,1.585,1.61,1.585,1.565,1.565,1.57,1.595,1.57,1.585,1.59,1.6,1.6,1.585,1.585,1.57,1.55,1.58,1.56,1.535,1.555,1.55,1.54,1.555,1.58,1.575,1.58,1.575,1.575,1.525,1.51,1.53,1.525,1.565,1.55,1.565,1.55
QSML,24/07/2026,32.13,32.25,32.09,32.11,54309,31.08,31.5,31.36,31.97,31.96,31.98,31.97,31.88,32.17,31.76,32.15,31.94,32.08,32.83,31.76,31.7,31.29,30.8,31.61,31.79,32.32,31.76,31.76,31.19,32.19,33.26,32.66,31.3,31.39,31.32,31.87,31.38,30.85,29.36,29.1,29.83,29.94,30.89,31.03,31.56,31.04,31.19,30.95,31.33,31.65,31.93,32.12,32.75,33.66,33.3,32.61,32.1,32.11
QUAL,24/07/2026,61.33,61.33,61.03,61.03,96164,57.85,58.15,57.7,59.11,59.21,58.81,59.35,58.58,59.7,59.73,60.82,61.01,60.92,61.93,62.07,61.43,61.43,60.9,62.4,62.13,62.06,61.77,61.77,61.81,62.56,63.06,61.65,60.74,60.25,59.82,60.47,60.16,59.62,57.88,56.74,57.29,57.7,59.18,59.4,60.04,60.15,60.86,61.36,62.11,62.49,62.39,62.56,63.44,63.27,62.68,62.63,61.68,61.03
QUB,24/07/2026,5.11,5.11,5.11,5.11,0,4.32,4.35,4.36,4.43,4.3,4.2,4.1,4.11,4.06,4.01,4.2,4.17,4.24,4.39,4.39,4.35,4.3,4.07,4.86,4.61,4.71,4.73,4.74,4.81,4.79,4.77,4.77,4.77,4.74,4.85,5.06,5.01,4.96,4.95,4.92,4.89,4.95,5,5.01,5.03,5.02,5.02,5.02,5.01,5.01,5,5.07,5.11,5.11,5.12,5.11,5.11,5.11
QUE,24/07/2026,0.05,0.05,0.05,0.05,0,0.039,0.039,0.039,0.039,0.039,0.04,0.04,0.04,0.04,0.04,0.04,0.055,0.062,0.062,0.066,0.056,0.056,0.056,0.056,0.056,0.056,0.056,0.056,0.056,0.056,0.056,0.056,0.056,0.056,0.056,0.056,0.056,0.056,0.056,0.056,0.056,0.056,0,0.056,0.056,0.056,0.056,0.056,0.056,0.052,0.052,0.052,0.05,0.05,0.05,0.05,0.05,0.05
QUS,24/07/2026,55.53,55.65,55.47,55.55,51242,52.68,52.77,51.95,53.08,53.55,53.43,53.27,52.79,53.12,53.03,53.71,53.67,53.49,54.47,52.95,53.42,53.38,52.55,54.17,53.78,54.28,53.88,53.43,53.06,54.2,55.21,54,52.14,52.83,52.35,53.45,52.91,52.81,50.78,50.51,51.45,51.47,51.87,52.05,52.54,52.45,52.38,52.52,53.21,53.97,54.71,55.21,55.37,57,56.35,55.94,56.21,55.55
QXR,24/07/2026,0.003,0.003,0.003,0.003,1100000,0.005,0.0045,0.004,0.004,0.004,0.005,0.0045,0.004,0.004,0.005,0.0045,0.005,0.005,0.005,0.005,0.003,0.005,0.004,0.004,0.003,0.004,0.004,0.004,0.004,0.004,0.004,0.0045,0.005,0.005,0.005,0.005,0.004,0.005,0.005,0.005,0.004,0.004,0.004,0.005,0.0045,0.004,0.004,0.004,0.004,0.0035,0.003,0.004,0.003,0.003,0.003,0.003,0.003,0.003
QYLD,24/07/2026,10.8,10.8,10.7,10.72,5987,10.91,11.2,11.04,11.08,11.05,10.95,11.01,10.9,10.99,11.07,11.07,11.15,11.31,11.49,11.39,11.48,11.36,11.4,11.54,11.33,11.29,11.44,11.4,11.37,11.41,11.55,11.25,10.95,10.68,10.62,10.78,10.58,10.8,10.66,10.67,10.67,10.75,10.7,10.65,10.87,10.79,10.81,10.83,10.89,10.97,10.85,11.01,11.34,11.19,11.16,11.2,10.76,10.72
R3AL,24/07/2026,1.56,1.56,1.555,1.555,5848,1.57,1.59,1.605,1.605,1.62,1.64,1.615,1.64,1.635,1.61,1.64,1.64,1.66,1.67,1.665,1.65,1.635,1.635,1.65,1.625,1.615,1.625,1.64,1.64,1.625,1.625,1.63,1.61,1.585,1.595,1.62,1.62,1.585,1.545,1.555,1.545,1.535,0,1.555,1.58,1.59,1.58,1.56,1.57,1.56,1.54,1.61,1.575,1.595,1.53,1.525,1.565,1.555
R8R,24/07/2026,0.115,0.115,0.115,0.115,0,0.091,0.093,0.093,0.093,0.093,0.093,0.1,0.105,0.1,0.1,0.1,0.165,0.16,0.15,0.14,0.14,0.14,0.14,0.14,0.14,0.14,0.14,0.14,0.14,0.14,0.12,0.12,0.12,0.11,0.11,0.12,0.11,0.16,0.17,0.165,0.16,0.16,0,0.15,0.15,0.13,0.12,0.15,0.13,0.125,0.135,0.145,0.13,0.125,0.115,0.115,0.105,0.115
RAC,24/07/2026,2.06,2.08,2,2.05,44444,1.2,1.16,1.225,1.19,1.175,1.195,1.53,1.61,3.1,3.13,3.96,4.7,4.25,3.45,3.4,3.06,3.28,2.9,2.85,2.87,2.66,2.71,2.82,2.87,2.77,3.01,2.66,2.23,2.25,2.15,2.22,2.47,2.46,2.17,2.83,2.55,2.63,2.75,3.13,2.83,2.65,2.73,2.76,2.48,2.58,2.7,2.4,2.43,2.21,2.29,2.19,2.13,2.05
RAD,24/07/2026,0.019,0.019,0.019,0.019,0,0.023,0.023,0.024,0.026,0.027,0.028,0.028,0.031,0.031,0.029,0.033,0.037,0.037,0.026,0.024,0.023,0.022,0.0215,0.022,0.022,0.019,0.026,0.027,0.025,0.025,0.025,0.023,0.021,0.021,0.022,0.022,0.023,0.021,0.022,0.02,0.02,0.021,0.022,0.0205,0.02,0.019,0.019,0.021,0.021,0.02,0.02,0.02,0.02,0.019,0.02,0.019,0.02,0.019
RADO,24/07/2026,0.001,0.001,0.001,0.001,0,0.001,0.001,0.004,0.004,0.004,0.004,0.004,0.004,0.001,0.001,0.001,0.001,0.002,0.001,0.001,0.001,0.001,0.001,0.001,0.001,0.001,0.001,0,0.001,0.001,0.001,0.001,0.001,0.001,0.001,0.001,0.001,0.001,0.001,0.001,0.001,0,0,0.001,0.001,0.001,0.001,0.001,0.001,0.001,0.001,0.001,0.001,0.001,0.001,0,0.001,0.001
RADOA,24/07/2026,0.001,0.001,0.001,0.001,0,0.006,0.006,0.006,0.004,0.005,0.005,0.006,0.007,0.006,0.007,0.007,0.009,0.007,0.002,0.002,0.002,0.001,0.001,0.001,0.001,0.002,0.001,0,0.001,0.001,0.002,0.002,0.001,0.001,0.001,0.001,0.001,0.001,0.001,0.001,0.001,0,0,0.001,0.001,0.001,0.001,0.001,0.001,0.001,0.001,0.001,0.001,0.001,0.001,0,0.001,0.001
RADOB,24/07/2026,0.004,0.004,0.004,0.004,0,0,0,0,0,0,0,0,0,0,0,0,0,0,0,0,0,0,0,0,0,0.006,0.006,0,0.005,0.0055,0.005,0.005,0.004,0.005,0.004,0.004,0.004,0.004,0.004,0.004,0.004,0,0,0.004,0.003,0.003,0.003,0.003,0.003,0.003,0.002,0.002,0.003,0.003,0.003,0,0.004,0.004
RAG,24/07/2026,0.021,0.021,0.021,0.021,0,0.02,0.019,0.018,0.02,0.02,0.023,0.025,0.025,0.025,0.025,0.025,0.028,0.031,0.03,0.027,0.025,0.026,0.026,0.025,0.025,0.026,0.026,0.026,0.027,0.028,0.03,0.034,0.034,0.031,0.031,0.035,0.036,0.035,0.032,0.028,0.028,0.028,0.026,0.028,0.026,0.026,0.027,0.027,0.03,0.028,0.027,0.025,0.025,0.0205,0.023,0.022,0.02,0.021
RAGOD,24/07/2026,0.002,0.002,0.002,0.002,0,0.006,0.006,0.004,0.003,0.003,0.005,0.006,0.007,0.009,0.009,0.009,0.008,0.008,0.01,0.01,0.005,0.005,0.005,0.005,0.005,0.005,0.005,0,0.005,0.005,0.007,0.007,0.007,0.007,0.008,0.008,0.008,0.005,0.005,0.005,0.005,0,0,0.005,0.005,0.005,0.005,0.006,0.006,0.004,0.004,0.004,0.004,0.004,0.004,0,0.004,0.002
RAMHA,24/07/2026,101,101,100.5,100.5,23,0,0,0,0,0,0,0,0,0,0,0,0,100,99.95,100.09,99.86,100.18,100.1,99.5,99.89,100.1,100.1,0,100.1,100.2,100.15,100.3,99.91,100.28,100.29,100,100.3,99.9,99.1,99.15,99.49,0,0,98,99.01,100,99.75,100,99.8,100.1,100.1,100,99.5,100.1,100.1,0,100.4,100.5
RAN,24/07/2026,0.17,0.17,0.17,0.17,0,0.002,0.0025,0.003,0.002,0.003,0.003,0.003,0.0025,0.0035,0.003,0.003,0.003,0.003,0.005,0.004,0.003,0.0025,0.003,0.003,0.003,0.003,0.003,0.003,0.003,0.003,0.003,0.004,0.003,0.004,0.003,0.005,0.004,0.003,0.003,0.003,0.003,0.003,0.003,0.003,0.002,0.002,0.003,0.002,0.002,0,0.185,0.2,0.18,0.165,0.15,0.16,0.205,0.17
RAP,24/07/2026,0.025,0.025,0.023,0.024,1085468,0,0,0,0,0,0,0,0,0,0,0,0,0,0,0,0,0,0,0,0,0,0,0,0,0,0,0,0.062,0.051,0.051,0.054,0.054,0.044,0.047,0.039,0.04,0.042,0.05,0.052,0.047,0.047,0.045,0.049,0.041,0.042,0.044,0.0405,0.042,0.04,0.036,0.033,0.03,0.024
RARI,24/07/2026,28.84,28.86,28.8,28.82,230,30.74,30.88,31.34,31.53,32.26,32.1,31.88,32.06,31.89,31.62,32.44,32.29,32.4,32.52,32.06,31.7,31.11,30.47,31.06,30.77,31,30.92,31.28,30.76,30.46,30.96,30.8,30.56,30.26,30.61,31.13,31.24,30.31,29.63,29.19,29.16,29.21,30.47,30.44,29.8,29.83,29.69,29.04,29.31,29.28,28.98,29.73,29.96,30.06,29.08,29.15,29.1,28.82
RAS,24/07/2026,0.024,0.024,0.024,0.024,71408,0.018,0.018,0.026,0.024,0.026,0.025,0.024,0.024,0.033,0.03,0.035,0.036,0.044,0.041,0.04,0.031,0.03,0.038,0.03,0.03,0.029,0.0305,0.03,0.028,0.045,0.035,0.032,0.038,0.034,0.042,0.036,0.039,0.037,0.035,0.031,0.028,0.028,0,0.03,0.029,0.03,0.023,0.026,0.028,0.026,0.027,0.026,0.031,0.026,0.026,0.027,0.026,0.024
RAU,24/07/2026,0.305,0.305,0.295,0.305,29180,0.18,0.18,0.205,0.23,0.21,0.21,0.24,0.21,0.21,0.2025,0.235,0.21,0.31,0.255,0.26,0.245,0.23,0.24,0.235,0.24,0.22,0.23,0.23,0.23,0.24,0.245,0.23,0.26,0.31,0.32,0.375,0.33,0.32,0.31,0.25,0.265,0.26,0.3,0.335,0.335,0.33,0.345,0.33,0.305,0.32,0.31,0.285,0.32,0.3,0.295,0.3,0.3,0.305
RB6,24/07/2026,0.105,0.105,0.1,0.105,1351132,0.084,0.084,0.087,0.094,0.091,0.14,0.13,0.125,0.115,0.12,0.13,0.13,0.135,0.115,0.145,0.14,0.125,0.125,0.125,0.11,0.11,0.135,0.14,0.13,0.13,0.155,0.175,0.165,0.15,0.185,0.175,0.175,0.175,0.175,0.165,0.15,0.15,0,0.16,0.16,0.14,0.14,0.125,0.13,0.13,0.165,0.155,0.155,0.155,0.155,0.155,0.125,0.105
RBR,24/07/2026,0.018,0.018,0.018,0.018,0,0.001,0.001,0.001,0.001,0.001,0.001,0.001,0.001,0.001,0.001,0.001,0.001,0.001,0.001,0.001,0.001,0.001,0.001,0,0,0.02,0.02,0.02,0.019,0.023,0.021,0.019,0.019,0.027,0.024,0.029,0.028,0.023,0.019,0.02,0.022,0.023,0,0.021,0.022,0.021,0.021,0.02,0.019,0.016,0.02,0.017,0.018,0.016,0.017,0.016,0.016,0.018
RBTZ,24/07/2026,14.09,14.09,13.74,13.74,52027,14.75,14.72,14.55,14.83,14.45,14.65,14.4,14.52,14.83,15,15.63,16.09,15.73,16.27,16.11,15.56,15.2,14.49,14.96,15.63,15.69,15.06,15.44,15.46,16,16.17,15.71,15.23,14.57,15.15,15.58,15.63,14.86,14.19,13.8,13.79,13.6,14.16,14.52,14.58,15.23,16,16,15.73,15.94,15.65,14.89,15.34,14.76,15.6,14.8,13.77,13.74
RBX,24/07/2026,0.019,0.019,0.019,0.019,0,0.034,0.034,0.034,0.034,0.043,0.043,0.044,0.05,0.05,0.04,0.047,0.05,0.046,0.055,0.055,0.048,0.044,0.044,0.042,0.042,0.043,0.035,0.035,0.031,0.049,0.042,0.042,0.042,0.042,0.043,0.039,0.041,0.041,0.041,0.041,0.041,0.041,0,0.041,0.041,0.041,0.041,0.042,0.042,0.042,0.04,0.04,0.038,0.03,0.027,0.027,0.027,0.019
RC1,24/07/2026,0.115,0.115,0.11,0.11,93671,0.007,0.008,0.008,0.009,0.01,0.01,0.008,0.009,0.009,0.01,0.01,0.011,0.011,0.01,0.01,0.009,0.009,0.008,0.008,0,0.076,0.093,0.095,0.099,0.145,0.16,0.14,0.175,0.175,0.195,0.185,0.18,0.16,0.16,0.13,0.14,0.175,0.185,0.18,0.155,0.17,0.165,0.145,0.135,0.135,0.125,0.105,0.13,0.13,0.125,0.12,0.115,0.11
RC1OA,24/07/2026,0.044,0.044,0.044,0.044,0,0,0,0,0,0,0,0,0,0,0,0,0,0,0,0,0,0,0,0,0,0,0,0,0,0,0.05,0.04,0.067,0.06,0.08,0.07,0.07,0.063,0.06,0.05,0.04,0,0,0.045,0.046,0.048,0.066,0.064,0.04,0.04,0.04,0.04,0.042,0.045,0.045,0,0.045,0.044
RCAP,24/07/2026,1.93,1.935,1.92,1.92,467557,1.635,1.615,1.64,1.635,1.64,1.66,1.64,1.69,1.655,1.65,1.675,1.655,1.675,1.715,1.685,1.675,1.69,1.67,1.725,1.695,1.675,1.685,1.685,1.69,1.71,1.735,1.71,1.725,1.76,1.82,1.84,1.87,1.83,1.77,1.76,1.715,1.72,1.8,1.835,1.835,1.845,1.85,1.835,1.845,1.845,1.82,1.855,1.835,1.895,1.915,1.88,1.915,1.92
RCB,24/07/2026,19.68,19.69,19.63,19.66,26867,20.28,20.35,20.4,20.44,20.44,20.47,20.43,20.46,20.46,20.41,20.24,20.22,20.41,20.38,20.24,20.23,20.19,20.22,20.11,20.06,20.06,20.08,20.14,19.84,19.95,19.95,19.91,19.92,19.89,19.95,19.97,19.97,19.84,19.77,19.73,19.66,19.49,19.55,19.61,19.59,19.63,19.69,19.66,19.73,19.82,19.76,19.87,19.9,19.97,19.77,19.78,19.77,19.66
RCE,24/07/2026,0.35,0.36,0.35,0.36,65425,0.445,0.375,0.375,0.42,0.415,0.42,0.415,0.41,0.4,0.425,0.4425,0.405,0.41,0.42,0.425,0.405,0.435,0.425,0.49,0.615,0.58,0.595,0.61,0.6675,0.655,0.7,0.66,0.56,0.57,0.59,0.575,0.54,0.46,0.475,0.535,0.475,0.465,0.48,0.57,0.53,0.495,0.5,0.48,0.475,0.55,0.515,0.5,0.48,0.4,0.375,0.385,0.38,0.36
RCKT,24/07/2026,9.56,9.56,9.32,9.56,12715,0,0,0,0,0,0,0,0,0,0,0,0,0,0,0,0,0,0,0,0,0,0,0,0,0,0,0,0,0,0,0,0,0,0,0,0,0,0,0,0,0,0,14.65,15.53,18.25,15.19,15.41,11.88,10.28,12.13,10.99,9.28,9.56
RCL,24/07/2026,0.061,0.061,0.061,0.061,0,0.11,0.105,0.105,0.099,0.1,0.095,0.087,0.084,0.083,0.08,0.08,0.083,0.087,0.083,0.1,0.099,0.1,0.11,0.1,0.11,0.11,0.1,0.115,0.115,0.1,0.1,0.105,0.09,0.086,0.08,0.085,0.087,0.087,0.082,0.082,0.078,0.073,0.07,0.075,0.078,0.076,0.078,0.074,0.072,0.079,0.065,0.07,0.07,0.067,0.066,0.07,0.064,0.061
RCM,24/07/2026,0.03,0.031,0.03,0.031,1003597,0.03,0.026,0.027,0.028,0.031,0.031,0.033,0.034,0.065,0.07,0.074,0.067,0.064,0.052,0.05,0.042,0.054,0.047,0.059,0.054,0.059,0.048,0.06,0.069,0.07,0.077,0.079,0.072,0.054,0.053,0.048,0.063,0.053,0.046,0.037,0.036,0.036,0.04,0.042,0.038,0.035,0.037,0.039,0.043,0.042,0.036,0.031,0.034,0.031,0.034,0.033,0.03,0.031
RCMO,24/07/2026,0.004,0.004,0.004,0.004,0,0.003,0.002,0.003,0.002,0.003,0.003,0.004,0.008,0.01,0.015,0.019,0.015,0.015,0.013,0.014,0.013,0.012,0.008,0.014,0.01,0.012,0.01,0,0.012,0.013,0.017,0.015,0.015,0.01,0.012,0.012,0.013,0.015,0.014,0.014,0.014,0,0,0.008,0.008,0.008,0.005,0.005,0.008,0.008,0.008,0.008,0.008,0.008,0.008,0,0.004,0.004
RCR,24/07/2026,0.014,0.014,0.014,0.014,270031,0.016,0.014,0.014,0.014,0.014,0.014,0.021,0.018,0.018,0.02,0.02,0.02,0.019,0.019,0.015,0.015,0.017,0.015,0.016,0.015,0.014,0.016,0.017,0.014,0.017,0.017,0.017,0.017,0.016,0.016,0.016,0.016,0.021,0.019,0.018,0.017,0.018,0.017,0.017,0.016,0.018,0.018,0.02,0.021,0.02,0.017,0.018,0.017,0.016,0.014,0.014,0.013,0.014
RCT,24/07/2026,3.67,3.86,3.665,3.84,202025,3.42,3.61,3.57,3.55,3.76,3.76,3.76,3.75,3.69,3.67,3.68,3.71,3.63,3.65,3.64,3.65,3.65,3.63,3.51,3.6,3.53,3.6,3.58,3.52,3.45,3.55,3.44,3.42,3.45,3.51,3.58,3.56,3.5,3.5,3.43,3.41,3.49,3.5,3.4,3.4,3.38,3.35,3.31,3.4,3.38,3.5,3.59,3.5,3.55,3.56,3.72,3.645,3.84
RDM,24/07/2026,0.135,0.135,0.135,0.135,36187,0.125,0.13,0.125,0.13,0.12,0.13,0.15,0.14,0.15,0.145,0.145,0.15,0.145,0.145,0.135,0.125,0.125,0.115,0.125,0.125,0.13,0.125,0.13,0.145,0.15,0.17,0.18,0.17,0.14,0.15,0.155,0.16,0.15,0.14,0.125,0.13,0.14,0.145,0.15,0.15,0.14,0.175,0.13,0.13,0.13,0.14,0.125,0.17,0.16,0.165,0.15,0.13,0.135
RDN,24/07/2026,0.003,0.003,0.003,0.003,1033357,0.0045,0.0045,0.004,0.004,0.004,0.004,0.0045,0.0045,0.004,0.0045,0.005,0.006,0.009,0.007,0.006,0.006,0.006,0.005,0.005,0.005,0.005,0.004,0.005,0.005,0.006,0.005,0.005,0.005,0.004,0.0045,0.0045,0.004,0.0045,0.004,0.004,0.0045,0.004,0.004,0.004,0.0045,0.004,0.004,0.004,0.0035,0.004,0.004,0.0035,0.003,0.003,0.003,0.003,0.003,0.003
RDS,24/07/2026,0.003,0.003,0.003,0.003,767496,0.004,0.004,0.004,0.0045,0.007,0.0045,0.005,0.005,0.004,0.004,0.004,0.0035,0.0035,0.0035,0.004,0.003,0.003,0.003,0.003,0.003,0.0025,0.0025,0.003,0.003,0.003,0.003,0.004,0.004,0.003,0.0035,0.003,0.0035,0.0035,0.003,0.0035,0.003,0.003,0.003,0.003,0.003,0.003,0.003,0.004,0.0035,0.003,0.003,0.0025,0.004,0.003,0.003,0.003,0.0035,0.003
RDV,24/07/2026,34.55,34.75,34.55,34.7,4780,33.49,33.76,34.28,34.81,35.81,35.88,35.7,35.59,35.15,35.02,35.19,35.2,35.08,35.35,35.04,34.98,34.54,33.75,33.96,34.04,34.12,33.88,34.24,33.94,33.69,34.07,33.89,34.24,33.73,34.73,35.43,35.54,34.7,34.01,33.87,33.89,33.5,34.37,34.29,34.12,34.21,33.62,33.41,33.68,33.4,33.1,34.56,34.42,34.59,34.07,34.33,34.69,34.7
RDX,24/07/2026,3.8,3.8,3.66,3.67,286273,2.33,2.28,2.31,2.31,2.65,2.44,2.53,2.61,2.88,2.8,2.83,2.87,2.76,2.84,2.89,2.69,2.67,2.72,2.9,2.85,2.82,2.91,2.99,3.07,3.2,3.27,3.14,3.15,3.02,2.74,2.97,3.21,3.09,3.08,3.16,3.43,3.36,3.4,3.33,3.3,3.27,3.26,3.03,2.97,3.25,3.5,3.7,3.96,4.05,3.64,3.62,3.7,3.67
RDY,24/07/2026,1.6,1.6,1.6,1.6,11715,2.35,2.2,2.4,2.4,2.76,2.34,2.23,2.15,2.11,2.19,2.19,2.23,2.2,2.2,2.19,2.09,2.2,2.27,2.39,2.55,2.33,2.4,2.49,2.46,2.43,2.57,2.57,2.53,1.99,1.805,1.7,1.26,1.24,1.275,1.205,1.185,1.17,1.18,1.2,1.455,1.38,1.345,1.35,1.36,1.34,1.61,1.45,1.565,1.55,1.65,1.6,1.61,1.6
REA,24/07/2026,154.17,155.01,150.48,151.84,333116,232.97,232.74,245.86,250.28,263.16,251.03,241.62,227.09,229.78,231.27,231.62,222.95,216.07,222.24,213.09,209.2,200.99,196.56,195.91,190.25,188.09,182.09,184.35,184.78,186.49,188.5,187.13,189.75,168.1,158.09,162,166.39,174.01,170.22,156.91,152.23,154.41,158.36,174.65,170.91,170.33,176.89,162.01,152.02,149,158.81,143,140.08,133.54,141.91,149.14,160.86,151.84
REC,24/07/2026,0.02,0.02,0.02,0.02,272456,0.013,0.013,0.013,0.013,0.015,0.018,0.015,0.017,0.02,0.023,0.021,0.022,0.022,0.026,0.022,0.02,0.016,0.017,0.018,0.017,0.016,0.014,0.015,0.02,0.02,0.02,0.022,0.024,0.019,0.022,0.046,0.034,0.038,0.029,0.031,0.027,0.031,0.025,0.024,0.032,0.028,0.029,0.028,0.027,0.024,0.023,0.02,0.025,0.024,0.021,0.02,0.019,0.02
REE,24/07/2026,0.011,0.012,0.01,0.012,2219821,0.02,0.018,0.02,0.021,0.02,0.021,0.018,0.019,0.022,0.023,0.032,0.03,0.037,0.042,0.041,0.032,0.033,0.03,0.031,0.028,0.025,0.023,0.024,0.028,0.029,0.033,0.034,0.029,0.021,0.023,0.022,0.022,0.022,0.021,0.018,0.017,0.017,0.018,0.017,0.016,0.016,0.015,0.016,0.015,0.014,0.014,0.013,0.013,0.011,0.012,0.012,0.011,0.012
REEO,24/07/2026,0.003,0.003,0.003,0.003,0,0,0,0,0,0,0,0,0,0,0,0,0,0,0,0.013,0.01,0.011,0.012,0.01,0.012,0.008,0.006,0,0.008,0.008,0.01,0.011,0.009,0.007,0.007,0.007,0.007,0.008,0.008,0.005,0.005,0,0,0.004,0.004,0.003,0.002,0.003,0.003,0.003,0.003,0.003,0.005,0.005,0.002,0,0.003,0.003
REG,24/07/2026,6.11,6.12,6,6.12,330627,7.98,8.45,8.78,8.53,8.26,7.85,7.79,8.05,9.22,6.3,6.55,6.65,6.45,7.17,7.41,7.7,7.25,7.39,7.91,7.69,7.44,7.32,7.02,6.95,6.89,6.88,6.75,6.71,6.41,6.21,6.44,6.95,6.78,6.2,6.25,6.25,6.1,6.19,5.89,6.8,6.69,6.35,6.19,6.13,6.58,6.2,5.95,6.14,6.51,6.72,6.32,6.09,6.12
REH,24/07/2026,15.71,15.94,15.67,15.83,618582,13.46,13.24,14.14,14.93,14.07,11.16,10.42,10.18,10.32,11.47,11.29,11.36,12.01,11.98,11.69,10.96,10.95,10.98,12.71,12.41,12.56,12.69,13.05,13.34,13.76,14.5,13.72,14.8,14.33,14.54,13.94,15.66,15.61,14.52,13.69,14.24,13.15,14.19,12.71,13.69,13.8,13.51,13.31,13.65,13.8,13.89,15.69,16.21,16.73,16.44,15.6,16.31,15.83
REIT,24/07/2026,17.41,17.52,17.41,17.43,46439,15.7,15.37,15.5,15.54,15.69,15.88,15.73,16.09,15.98,15.82,15.84,15.59,15.81,16.12,15.64,15.77,15.79,15.62,15.81,15.78,15.64,15.62,15.64,15.59,15.82,16.1,15.86,15.88,16.16,16.66,16.83,16.98,16.81,16.44,16.23,15.74,15.7,16.46,16.75,16.66,16.64,16.83,16.69,16.99,16.76,16.78,16.98,16.72,17.33,17.09,17.01,17.52,17.43
REM,24/07/2026,0.025,0.025,0.025,0.025,0,0.035,0.034,0.03,0.032,0.031,0.034,0.037,0.045,0.04,0.04,0.038,0.038,0.039,0.038,0.04,0.036,0.038,0.04,0.042,0.042,0.04,0.039,0.04,0.04,0.039,0.053,0.049,0.045,0.051,0.05,0.052,0.05,0.049,0.047,0.046,0.05,0.046,0.045,0.046,0.047,0.044,0.044,0.038,0.037,0.032,0.031,0.032,0.033,0.036,0.03,0.025,0.027,0.025
REP,24/07/2026,0.445,0.445,0.43,0.44,734938,0.595,0.59,0.605,0.625,0.615,0.62,0.62,0.62,0.615,0.63,0.615,0.62,0.62,0.625,0.605,0.605,0.59,0.59,0.58,0.58,0.59,0.575,0.59,0.585,0.5725,0.57,0.575,0.56,0.555,0.55,0.535,0.55,0.535,0.5,0.495,0.51,0.495,0.495,0.485,0.475,0.465,0.475,0.47,0.46,0.47,0.455,0.45,0.45,0.425,0.42,0.41,0.425,0.44
REV,24/07/2026,2,2.01,2,2,577047,0,0,0,0,0,0,0,0,0,2.01,2.02,2.02,2,2.02,2.01,2.01,2,2.01,2,1.98,2,2.01,2.01,2.02,2.02,2.03,2.02,2.03,2.02,2,2.01,2.02,1.995,1.99,1.98,1.985,1.98,1.97,1.955,1.97,1.96,1.97,1.965,1.985,1.985,1.995,1.99,2,1.995,1.995,2,2,2
REZ,24/07/2026,0.012,0.012,0.012,0.012,56733,0.019,0.016,0.015,0.017,0.015,0.021,0.02,0.028,0.03,0.026,0.024,0.022,0.024,0.021,0.018,0.017,0.016,0.016,0.017,0.017,0.016,0.013,0.013,0.015,0.017,0.016,0.016,0.015,0.015,0.017,0.016,0.015,0.015,0.014,0.013,0.012,0.012,0.012,0.013,0.014,0.014,0.013,0.015,0.013,0.013,0.016,0.015,0.014,0.012,0.012,0.012,0.011,0.012
REZO,24/07/2026,0.001,0.001,0.001,0.001,0,0,0,0,0,0,0,0,0,0,0,0,0,0,0,0,0,0,0,0,0,0,0,0,0,0,0,0,0,0,0,0,0,0,0,0,0,0,0,0.001,0.001,0.001,0.001,0.001,0.001,0.001,0.001,0.001,0.001,0.001,0.001,0,0.001,0.001
RF1,24/07/2026,3.64,3.64,3.51,3.51,161051,3.01,3.05,3.05,3.05,3.01,3.03,3.02,3.14,3.3,3.35,3.39,3.33,3.34,3.32,3.3,3.24,3.28,3.24,3.36,3.36,3.39,3.42,3.47,3.42,3.46,3.65,3.63,3.6,3.41,3.54,3.55,3.4,3.5,3.5,3.18,3.4,3.4,3.42,3.43,3.45,3.46,3.57,3.57,3.48,3.39,3.68,3.6,3.66,3.74,3.62,3.55,3.6,3.51
RFF,24/07/2026,2.19,2.22,2.17,2.22,661710,1.82,1.8,1.85,1.93,1.97,1.945,1.91,1.895,2.01,1.965,1.93,1.91,1.92,1.95,1.91,1.935,1.905,1.915,1.96,1.965,2.02,2.04,2.03,1.98,2.02,2.09,2.03,2.03,2,2.02,2.03,2.14,2.1,2.11,2.07,2,1.985,2.02,2,2.03,2.03,2.04,2.03,1.975,1.985,1.955,2.07,2.07,2.08,1.98,2.02,2.22,2.22
RFG,24/07/2026,0.84,0.85,0.825,0.845,3697,1.965,1.935,1.95,2.2,1.62,1.415,1.46,1.44,1.45,1.39,1.335,1.3,1.265,1.26,1.47,1.49,1.44,1.555,1.59,1.6,1.54,1.475,1.48,1.485,1.52,1.515,1.53,1.485,1.19,1.06,1.055,1.085,1.1,1.07,1.035,1.02,0.985,0.975,0.96,0.875,0.885,0.72,0.715,0.66,0.6,0.625,0.65,0.845,0.75,0.785,0.78,0.83,0.845
RFT,24/07/2026,0.006,0.006,0.006,0.006,500000,0.005,0.005,0.0055,0.006,0.006,0.004,0.0045,0.004,0.004,0.005,0.005,0.005,0.005,0.004,0.004,0.004,0.004,0.003,0.003,0.004,0.004,0.004,0.003,0.003,0.003,0.003,0.0035,0.004,0.004,0.004,0.004,0.003,0.003,0.004,0.004,0.003,0.003,0.004,0.004,0.004,0.004,0.004,0.004,0.003,0.003,0.005,0.006,0.006,0.005,0.006,0.006,0.007,0.006
RG1,24/07/2026,2.47,2.49,2.45,2.47,358164,0,0,0,0,0,0,0,0,0,0,0,0,0,0,0,0,0,0,2,2.09,2.12,2.15,2.18,2.21,2.31,2.46,2.49,2.46,2.28,2.35,2.26,2.31,2.19,2.19,2.12,2.1,2.2,2.35,2.35,2.33,2.28,2.21,2.27,2.34,2.35,2.33,2.26,2.34,2.43,2.45,2.52,2.48,2.47
RG8,24/07/2026,2.59,2.59,2.56,2.58,29068,2.05,2.02,2,2.1,2.12,2.13,2.08,2.16,2.29,2.32,2.33,2.42,2.44,2.43,2.43,2.41,2.41,2.34,2.39,2.48,2.53,2.59,2.59,2.63,2.75,2.94,3.01,3.01,2.84,2.94,2.89,3.02,2.87,2.82,2.68,2.61,2.665,2.71,2.91,2.81,2.82,2.8,2.83,2.87,2.91,2.86,2.85,2.81,2.8,2.75,2.81,2.7,2.58
RGB,24/07/2026,18.66,18.66,18.62,18.63,8214,19.24,19.27,19.43,19.45,19.34,19.43,19.39,19.51,19.48,19.34,19.33,19.26,19.68,19.59,19.37,19.36,19.23,19.2,19.12,18.92,18.86,18.83,18.81,18.76,18.96,18.93,18.77,18.82,18.8,18.95,18.95,19.04,18.81,18.7,18.64,18.53,18.39,18.55,18.47,18.51,18.52,18.54,18.46,18.72,18.81,18.71,18.89,18.91,19.03,18.94,18.93,18.86,18.63
RGL,24/07/2026,0.009,0.009,0.009,0.009,1115165,0.004,0.0035,0.004,0.004,0.004,0.004,0.004,0.004,0.004,0.006,0.008,0.007,0.009,0.008,0.008,0.007,0.0075,0.007,0.006,0.006,0.007,0.007,0.007,0.0075,0.009,0.011,0.018,0.016,0.013,0.014,0.014,0.018,0.017,0.0145,0.012,0.012,0.012,0.014,0.015,0.015,0.015,0.014,0.013,0.013,0.014,0.012,0.011,0.011,0.009,0.011,0.008,0.007,0.009
RGLO,24/07/2026,0.004,0.004,0.004,0.004,0,0.001,0.001,0.001,0.001,0.001,0.001,0.001,0.001,0.001,0.002,0.003,0.004,0.004,0.005,0.003,0.003,0.003,0.003,0.003,0.003,0.003,0.003,0,0.002,0.004,0.005,0.009,0.008,0.006,0.008,0.007,0.011,0.009,0.007,0.006,0.006,0,0,0.007,0.009,0.008,0.007,0.007,0.006,0.006,0.006,0.007,0.005,0.005,0.006,0,0.005,0.004
RGN,24/07/2026,2.36,2.36,2.33,2.35,1785054,2.26,2.33,2.36,2.38,2.45,2.44,2.42,2.46,2.44,2.41,2.4,2.35,2.44,2.49,2.44,2.45,2.4,2.38,2.39,2.38,2.44,2.46,2.44,2.35,2.34,2.38,2.34,2.31,2.27,2.27,2.27,2.31,2.22,2.11,2.17,2.19,2.25,2.29,2.28,2.31,2.33,2.28,2.27,2.28,2.27,2.24,2.41,2.42,2.47,2.31,2.36,2.37,2.35
RGOS,24/07/2026,21.435,21.47,21.435,21.46,5147,21.35,21.34,21.27,21.76,21.89,21.69,21.43,21.52,21.85,21.76,21.85,22.23,22.21,22.53,22.61,22.44,22.48,22.05,22.62,22.35,22.47,22.37,22.38,22.5,22.73,23.09,22.6,21.98,21.99,22.02,22,21.98,21.62,20.94,20.63,20.97,20.94,0,21.74,21.8,21.96,22.22,22.33,22.69,22.84,23.26,23.08,23.55,23.64,21.85,21.81,21.65,21.46
RGT,24/07/2026,0.05,0.051,0.045,0.05,291221,0.075,0.08,0.073,0.08,0.13,0.13,0.115,0.105,0.11,0.1,0.095,0.09,0.088,0.085,0.075,0.076,0.076,0.08,0.08,0.073,0.069,0.061,0.07,0.07,0.065,0.06,0.058,0.055,0.054,0.057,0.051,0.056,0.046,0.043,0.041,0.038,0.038,0.033,0.036,0.038,0.04,0.036,0.038,0.038,0.04,0.036,0.037,0.038,0.037,0.036,0.072,0.055,0.05
RHC,24/07/2026,42.62,42.62,42.17,42.3,303937,38.61,38.01,37.67,39.19,38.21,33.9,33.66,33.57,32.97,31.8,32.09,32.26,31.62,31.93,32.1,30.85,30.92,31.27,36.81,36.25,35.48,34.6,35.19,34.59,35.35,36.68,36.65,36.36,35.88,36.93,38.62,43.07,44.52,42.23,39.81,40.21,38.92,39.77,41.21,39.99,38.27,36.83,37.56,38.06,37.09,36.62,38.82,39.49,43.1,44.16,41.95,43.12,42.3
RHCPA,24/07/2026,107.65,108.5,107.65,108.5,1809,107.45,107.61,107.54,108.25,107.75,108.2,108.99,108.7,108.66,106,106.26,106.6,106.15,106.65,106.19,107.49,107.1,105.85,105.86,106.65,106.11,106.42,106.98,107.19,106.701,106.69,106.7,106.85,107.11,107.15,107.2,107.59,107.46,106.64,106.4,106.96,105.25,105.36,105.8,105.98,106.06,105.6,106.25,106.3,106.5,106.78,106.5,106.78,106.71,106.7,106.35,107,108.5
RHI,24/07/2026,4.68,4.68,4.6,4.66,14999,3.52,3.5,3.4,3.38,3.3,3.32,3.31,3.3,3.41,3.34,3.34,3.4,3.85,3.97,3.89,3.77,3.84,3.81,4.44,4.18,4.53,4.52,4.49,4.85,5.13,5.07,4.93,4.68,4.77,4.97,5,5,5.12,5.07,4.66,4.8,4.8,4.9,4.88,4.8,4.75,4.74,4.8,4.72,4.65,4.62,4.68,4.71,4.78,4.8,4.8,4.65,4.66
RHT,24/07/2026,0.0485,0.055,0.0485,0.052,4060621,0.04,0.038,0.038,0.042,0.046,0.039,0.034,0.035,0.034,0.04,0.041,0.042,0.052,0.054,0.049,0.047,0.049,0.043,0.051,0.049,0.046,0.044,0.044,0.047,0.046,0.043,0.044,0.047,0.043,0.043,0.045,0.045,0.04,0.04,0.041,0.041,0.042,0.041,0.043,0.044,0.048,0.049,0.043,0.04,0.041,0.04,0.04,0.048,0.046,0.044,0.045,0.048,0.052
RHY,24/07/2026,0.09,0.09,0.09,0.09,16371,0.056,0.06,0.105,0.105,0.092,0.096,0.081,0.089,0.09,0.09,0.088,0.1,0.09,0.094,0.092,0.085,0.086,0.086,0.086,0.079,0.105,0.097,0.12,0.125,0.125,0.16,0.15,0.145,0.245,0.21,0.205,0.215,0.185,0.21,0.2,0.185,0.19,0.1875,0.19,0.175,0.14,0.14,0.1425,0.12,0.12,0.105,0.11,0.11,0.1,0.096,0.091,0.087,0.09
RHYOA,24/07/2026,0.02,0.02,0.02,0.02,0,0,0,0,0,0,0,0,0,0,0,0,0,0,0,0,0,0,0,0,0.01,0.017,0.014,0,0.02,0.022,0.036,0.039,0.04,0.11,0.086,0.085,0.08,0.052,0.073,0.079,0.049,0,0,0.075,0.075,0.06,0.06,0.06,0.05,0.05,0.05,0.04,0.04,0.026,0.026,0,0.02,0.02
RIC,24/07/2026,2.78,2.84,2.75,2.81,290648,2.85,2.89,2.93,2.94,3.04,3.1,3.16,3.07,3.1,3,3.03,3.03,3.05,3.03,2.96,2.87,2.81,2.62,2.63,2.65,2.6,2.55,2.62,2.59,2.62,2.64,2.5,2.5,2.38,2.38,2.48,2.88,2.9,2.77,2.57,2.75,2.64,2.74,2.69,2.81,2.75,2.71,2.71,2.69,2.82,2.83,2.87,2.78,2.63,2.64,2.75,2.77,2.81
RIE,24/07/2026,0.021,0.021,0.021,0.021,674866,0.032,0.032,0.031,0.03,0.031,0.03,0.03,0.032,0.029,0.032,0.035,0.031,0.045,0.041,0.039,0.034,0.034,0.034,0.028,0.027,0.027,0.027,0.034,0.033,0.036,0.036,0.043,0.042,0.035,0.038,0.035,0.042,0.036,0.029,0.026,0.025,0.028,0.028,0.029,0.028,0.031,0.03,0.025,0.024,0.024,0.024,0.022,0.022,0.022,0.02,0.021,0.019,0.021
RIIF,24/07/2026,1.29,1.3,1.29,1.295,49983,1.105,1.105,1.115,1.12,1.12,1.105,1.08,1.105,1.08,1.105,1.125,1.14,1.16,1.165,1.16,1.155,1.185,1.17,1.19,1.17,1.155,1.16,1.16,1.15,1.17,1.2,1.2,1.205,1.24,1.275,1.285,1.315,1.315,1.31,1.29,1.285,1.31,1.35,1.33,1.33,1.335,1.315,1.32,1.315,1.305,1.295,1.315,1.315,1.35,1.295,1.285,1.295,1.295
RIL,24/07/2026,0.004,0.004,0.004,0.004,0,0.004,0.004,0.004,0.004,0.004,0.004,0.004,0.004,0.004,0.004,0.004,0.004,0.004,0.004,0.004,0.004,0.004,0.004,0.004,0.004,0.004,0.004,0.004,0.004,0.004,0.004,0.004,0.004,0.004,0.004,0.004,0.004,0.004,0.004,0.004,0.004,0.004,0,0.004,0.004,0.004,0.004,0.004,0.004,0.004,0.004,0.004,0.004,0.004,0.004,0.004,0.004,0.004
RIM,24/07/2026,0.013,0.013,0.013,0.013,0,0.015,0.013,0.013,0.013,0.013,0.013,0.013,0.015,0.015,0.015,0.019,0.018,0.017,0.015,0.014,0.013,0.012,0.012,0.014,0.014,0.014,0.014,0.014,0.015,0.015,0.018,0.018,0.016,0.015,0.016,0.015,0.016,0.017,0.015,0.011,0.012,0.014,0.014,0.013,0.013,0.012,0.011,0.01,0.01,0.012,0.01,0.011,0.012,0.011,0.011,0.015,0.012,0.013
RIO,24/07/2026,162,162.74,158.33,159.99,996679,118.86,110.9,113.62,115.05,112.71,115.47,117.23,115.44,114,123.2,125.06,125.15,130.88,131.82,132.87,129.04,131.85,127.85,132.28,138.47,143.4,143.07,147.5,147.69,143.06,148.25,148.72,151.55,157.08,169.74,163.3,167.33,158.67,157.89,146.92,153.23,161.62,171.23,173.75,171.59,171.97,178.72,185.75,184.81,185.63,184.58,184.32,177.37,173.64,171.16,164.49,160.95,159.99
RIV,24/07/2026,1.425,1.43,1.4,1.405,376216,0,0,0,0,0,0,0,0,0,0,0,0,1.485,1.485,1.47,1.465,1.47,1.45,1.465,1.435,1.45,1.42,1.445,1.44,1.46,1.46,1.565,1.575,1.52,1.55,1.55,1.5,1.495,1.4825,1.44,1.425,1.45,1.46,1.46,1.455,1.415,1.42,1.405,1.435,1.43,1.445,1.42,1.405,1.425,1.44,1.43,1.39,1.405
RKB,24/07/2026,0.004,0.004,0.004,0.004,3023,0.014,0.013,0.014,0.011,0.011,0.01,0.009,0.004,0.0045,0.006,0.005,0.005,0.005,0.006,0.005,0.005,0.005,0.005,0.004,0.0035,0.004,0.0035,0.0035,0.003,0.0035,0.005,0.0045,0.004,0.0035,0.004,0.0035,0.0035,0.004,0.0035,0.002,0.003,0.003,0.003,0.0035,0.004,0.004,0.003,0.005,0.005,0.005,0.005,0.004,0.0035,0.0035,0.004,0.004,0.0035,0.004
RKBOE,24/07/2026,0.001,0.001,0.001,0.001,0,0.001,0.001,0.001,0.001,0.001,0.001,0.001,0.001,0.001,0.001,0.001,0.001,0.001,0.001,0.001,0.001,0.001,0.001,0.001,0.001,0.001,0.001,0,0.001,0.001,0.001,0.001,0.001,0.001,0.001,0.001,0.001,0.001,0.001,0.001,0.001,0,0,0.001,0.001,0.001,0.001,0.001,0.001,0.001,0.001,0.001,0.001,0.001,0.001,0,0.001,0.001
RKN,24/07/2026,0.45,0.45,0.44,0.44,18034,0.55,0.51,0.645,0.63,0.605,0.59,0.58,0.61,0.61,0.65,0.63,0.615,0.6,0.605,0.59,0.6,0.595,0.58,0.585,0.59,0.57,0.57,0.58,0.57,0.58,0.58,0.58,0.565,0.5,0.53,0.525,0.525,0.515,0.5,0.49,0.49,0.485,0.49,0.48,0.48,0.455,0.46,0.41,0.415,0.41,0.405,0.435,0.415,0.42,0.4,0.425,0.44,0.44
RKT,24/07/2026,0.023,0.025,0.023,0.023,1615083,0.013,0.012,0.0125,0.012,0.0125,0.013,0.013,0.013,0.013,0.013,0.015,0.015,0.015,0.016,0.019,0.016,0.016,0.017,0.019,0.018,0.018,0.019,0.028,0.024,0.03,0.033,0.029,0.029,0.026,0.022,0.025,0.026,0.027,0.025,0.022,0.019,0.021,0.022,0.024,0.024,0.024,0.0215,0.025,0.023,0.024,0.028,0.026,0.024,0.021,0.023,0.021,0.02,0.023
RLC,24/07/2026,0.002,0.002,0.002,0.002,1496595,0.002,0.002,0.003,0.002,0.002,0.003,0.003,0.003,0.0025,0.0025,0.002,0.003,0.005,0.005,0.005,0.004,0.004,0.005,0.004,0.003,0.003,0.003,0.003,0.003,0.003,0.0035,0.004,0.005,0.004,0.004,0.004,0.004,0.004,0.0035,0.003,0.002,0.002,0,0.002,0.002,0.003,0.003,0.002,0.002,0.002,0.002,0.002,0.002,0.002,0.002,0.002,0.002,0.002
RLF,24/07/2026,0.038,0.038,0.036,0.036,33600,0.068,0.074,0.067,0.059,0.056,0.053,0.048,0.065,0.056,0.057,0.078,0.08,0.08,0.077,0.077,0.072,0.062,0.064,0.075,0.07,0.072,0.067,0.067,0.068,0.078,0.068,0.067,0.058,0.051,0.053,0.055,0.06,0.06,0.06,0.07,0.068,0.064,0.059,0.066,0.062,0.055,0.053,0.054,0.05,0.045,0.04,0.037,0.045,0.042,0.045,0.035,0.039,0.036
RLFO,24/07/2026,0.005,0.005,0.005,0.005,0,0.015,0.017,0.016,0.011,0.015,0.016,0.013,0.017,0.015,0.015,0.033,0.03,0.027,0.03,0.028,0.028,0.02,0.024,0.027,0.03,0.028,0.024,0,0.023,0.029,0.027,0.027,0.016,0.015,0.015,0.015,0.014,0.014,0.014,0.02,0.02,0,0,0.016,0.018,0.011,0.01,0.01,0.008,0.007,0.007,0.007,0.008,0.005,0.005,0,0.004,0.005
RLG,24/07/2026,0.002,0.002,0.002,0.002,500000,0.0035,0.004,0.008,0.007,0.005,0.005,0.0055,0.005,0.005,0.005,0.0055,0.005,0.005,0.005,0.005,0.005,0.004,0.0035,0.005,0.0045,0.0045,0.004,0.004,0.006,0.004,0.0055,0.0045,0.004,0.005,0.004,0.004,0.004,0.0035,0.003,0.003,0.0035,0.0035,0,0.003,0.004,0.004,0.003,0.0035,0.003,0.003,0.003,0.003,0.002,0.002,0.0025,0.003,0.003,0.002
RLGO,24/07/2026,0.001,0.001,0.001,0.001,0,0.001,0.001,0.002,0.001,0.001,0.001,0.002,0.001,0.001,0.001,0.001,0.001,0.0015,0.002,0.002,0.002,0.001,0.001,0.001,0.001,0.001,0.001,0,0.001,0.001,0.001,0.001,0.001,0.001,0.001,0.001,0.001,0.001,0.001,0.001,0.001,0,0,0.001,0.001,0.001,0.001,0.001,0.001,0.001,0.001,0.001,0.001,0.001,0.001,0,0.001,0.001
RMBS,24/07/2026,24.97,24.97,24.97,24.97,1691,25.1,25.06,25.1,25.12,25.13,25.16,25.09,25.11,25.14,25.16,25.08,25.1,25.08,25.14,25.16,25.08,25.1,25.12,25.14,25.06,25.09,25.11,25.12,25.15,25.03,25.09,25.07,25.13,25.05,25.07,25.09,25.09,25.03,25,25.02,25.06,24.93,24.92,24.98,25.02,24.94,24.96,24.95,25,25.03,24.95,24.93,24.99,25,24.94,24.96,24.99,24.97
RMC,24/07/2026,0.79,0.79,0.785,0.785,126495,0.89,0.9,0.895,0.905,0.96,1.04,1.04,1.045,1.08,1.12,1.15,1.155,1.165,1.12,1.135,1.06,1.045,1.02,0.995,1,0.98,0.975,0.965,0.96,0.955,0.955,0.955,0.945,0.905,1.005,1.035,1.165,0.985,0.93,0.925,0.92,0.895,0.89,0.925,0.9,0.9,0.89,0.88,0.865,0.86,0.83,0.855,0.83,0.81,0.825,0.81,0.8,0.785
RMD,24/07/2026,27.43,27.53,27.27,27.43,858954,41.3,42.88,43.02,44,44.69,42.08,42.26,41.25,41.21,40.77,42.07,42.36,41.14,40.79,39.53,38.32,38.36,37.81,39.31,38.81,37.91,36.91,36.22,36.17,37.3,39.03,37.41,37.54,37.92,34.17,36.3,36.07,36.14,32.97,32.13,32.33,32.21,32.28,31.52,30.89,28.73,28.56,28.33,29.37,28.75,27.64,27.72,26.68,28.94,30.5,30.03,28.75,27.43
RMI,24/07/2026,0.18,0.185,0.18,0.18,1233803,0.021,0.018,0.018,0.018,0.017,0.024,0.022,0.022,0.021,0.023,0.026,0.027,0.028,0.029,0.029,0.029,0.031,0.028,0.028,0.028,0.028,0.026,0.026,0.026,0.026,0.026,0.0265,0.028,0.028,0.028,0.027,0.027,0.031,0.03,0.03,0.029,0.033,0,0.03,0.037,0.043,0.057,0.069,0.065,0.085,0.082,0.092,0.115,0.135,0.14,0.165,0.18,0.18
RML,24/07/2026,0.046,0.047,0.044,0.045,9611712,0.081,0.076,0.057,0.057,0.06,0.058,0.057,0.048,0.05,0.04,0.047,0.041,0.086,0.08,0.1,0.078,0.072,0.061,0.068,0.053,0.046,0.043,0.046,0.049,0.05,0.077,0.065,0.051,0.047,0.047,0.041,0.04,0.041,0.057,0.048,0.05,0.046,0.069,0.074,0.069,0.065,0.065,0.06,0.057,0.051,0.047,0.044,0.043,0.038,0.049,0.048,0.044,0.045
RMLOC,24/07/2026,0.028,0.029,0.027,0.029,360806,0.06,0.05,0.037,0.034,0.035,0.03,0.029,0.02,0.023,0.02,0.026,0.023,0.059,0.061,0.077,0.059,0.053,0.048,0.053,0.037,0.032,0.025,0,0.03,0.03,0.053,0.046,0.032,0.028,0.028,0.025,0.025,0.027,0.035,0.026,0.03,0,0,0.052,0.049,0.046,0.046,0.041,0.037,0.034,0.031,0.029,0.031,0.023,0.03,0,0.029,0.029
RMLOD,24/07/2026,0.016,0.016,0.0155,0.016,156000,0,0,0,0,0,0,0,0,0,0,0,0,0,0,0,0,0,0,0,0,0,0,0,0.011,0.01,0.02,0.016,0.014,0.012,0.014,0.012,0.012,0.01,0.014,0.013,0.012,0,0,0.025,0.018,0.019,0.022,0.02,0.02,0.0195,0.018,0.018,0.0175,0.017,0.017,0,0.016,0.016
RMS,24/07/2026,3.09,3.09,2.99,3,10679304,2.72,2.48,2.82,2.81,2.87,3.17,3.43,3.62,3.51,3.66,4,3.82,4.02,3.5,3.32,3.4,3.56,3.39,3.66,3.54,3.98,3.89,4.2,4.23,4.13,4.54,4.92,4.72,4.34,4.52,4.51,4.59,4.23,4.07,3.49,3.52,3.68,3.94,3.95,3.72,3.4,3.52,3.35,3.2,3.22,3.05,3.01,3.14,3,3.21,3.04,2.87,3
RMX,24/07/2026,0.011,0.011,0.01,0.01,3948700,0.008,0.008,0.008,0.009,0.009,0.008,0.008,0.012,0.014,0.028,0.03,0.032,0.039,0.036,0.032,0.035,0.03,0.031,0.032,0.028,0.024,0.024,0.024,0.024,0.026,0.029,0.029,0.025,0.028,0.028,0.024,0.025,0.024,0.024,0.021,0.019,0.019,0.022,0.021,0.021,0.02,0.019,0.015,0.015,0.016,0.0155,0.013,0.012,0.01,0.013,0.012,0.012,0.01
RMXO,24/07/2026,0.004,0.004,0.004,0.004,300000,0.003,0.003,0.003,0.002,0.002,0.0015,0.002,0.003,0.003,0.015,0.014,0.015,0.02,0.016,0.013,0.016,0.013,0.013,0.014,0.011,0.009,0.007,0,0.009,0.011,0.012,0.012,0.01,0.009,0.009,0.007,0.008,0.008,0.007,0.006,0.006,0,0,0.006,0.006,0.007,0.007,0.005,0.005,0.005,0.004,0.004,0.003,0.003,0.003,0,0.003,0.004
RMXOK,24/07/2026,0.001,0.001,0.001,0.001,0,0.001,0.001,0.001,0.001,0.001,0.001,0.001,0.001,0.001,0.006,0.006,0.01,0.01,0.012,0.012,0.01,0.009,0.01,0.007,0.007,0.007,0.007,0,0.007,0.007,0.007,0.007,0.007,0.007,0.007,0.007,0.006,0.005,0.005,0.005,0.005,0,0,0.009,0.009,0.009,0.009,0.005,0.005,0.005,0.005,0.005,0.005,0.005,0.005,0,0.005,0.001
RMY,24/07/2026,0.025,0.025,0.025,0.025,0,0.028,0.04,0.045,0.04,0.0365,0.04,0.035,0.045,0.042,0.036,0.038,0.038,0.036,0.035,0.039,0.034,0.033,0.031,0.031,0.045,0.043,0.044,0.046,0.049,0.055,0.053,0.054,0.045,0.049,0.053,0.045,0.065,0.055,0.05,0.044,0.037,0.041,0,0.045,0.04,0.039,0.04,0.034,0.035,0.031,0.032,0.033,0.025,0.026,0.027,0.027,0.022,0.025
RND,24/07/2026,2.34,2.34,2.34,2.34,800,1.85,1.705,1.805,1.81,1.76,1.79,2.1,2.32,2.62,2.35,2.45,2.8,2.66,2.75,2.75,2.3,2.28,2.4,2.44,2.44,2.43,2.31,2.47,2.58,2.54,2.7,2.8,2.8,2.78,2.87,2.86,2.8,2.58,2.45,2.3,2.17,2.17,2.26,2.29,2.38,2.38,2.49,2.45,2.4,2.45,2.5,2.39,2.44,2.39,2.4,2.31,2.31,2.34
RNT,24/07/2026,0.063,0.065,0.063,0.065,163287,0.025,0.025,0.036,0.038,0.037,0.037,0.04,0.041,0.042,0.041,0.043,0.041,0.038,0.043,0.05,0.043,0.045,0.05,0.057,0.055,0.053,0.05,0.048,0.048,0.048,0.052,0.048,0.051,0.048,0.048,0.05,0.05,0.05,0.05,0.049,0.051,0.059,0.062,0.062,0.077,0.065,0.061,0.061,0.061,0.069,0.064,0.0625,0.07,0.066,0.065,0.065,0.065,0.065
RNU,24/07/2026,0.058,0.058,0.056,0.057,692897,0.07,0.063,0.066,0.068,0.066,0.07,0.068,0.066,0.063,0.063,0.064,0.089,0.09,0.091,0.085,0.076,0.08,0.076,0.089,0.082,0.083,0.079,0.083,0.079,0.083,0.092,0.089,0.085,0.075,0.074,0.075,0.085,0.072,0.067,0.067,0.067,0.065,0.067,0.069,0.066,0.062,0.065,0.062,0.061,0.058,0.055,0.055,0.05,0.052,0.06,0.058,0.054,0.057
RNV,24/07/2026,0.074,0.077,0.074,0.077,29966,0.1,0.095,0.105,0.1,0.1,0.11,0.095,0.099,0.11,0.12,0.13,0.12,0.11,0.11,0.1,0.1,0.165,0.115,0.115,0.105,0.105,0.105,0.1025,0.11,0.105,0.1,0.1,0.105,0.11,0.12,0.11,0.11,0.105,0.105,0.099,0.09,0.095,0,0.105,0.105,0.1,0.097,0.0885,0.08,0.08,0.078,0.083,0.082,0.076,0.08,0.08,0.08,0.077
RNX,24/07/2026,0.003,0.003,0.003,0.003,200000,0.0035,0.003,0.003,0.003,0.0035,0.003,0.004,0.0035,0.003,0.006,0.0095,0.007,0.0065,0.005,0.004,0.003,0.004,0.004,0.004,0.004,0.004,0.004,0.004,0.004,0.004,0.005,0.004,0.0045,0.0045,0.004,0.005,0.003,0.0045,0.003,0.003,0.003,0.0035,0,0.003,0.003,0.003,0.003,0.003,0.003,0.002,0.003,0.0025,0.002,0.002,0.002,0.003,0.003,0.003
ROAR,24/07/2026,9.83,9.83,9.83,9.83,508,0,0,0,0,0,0,0,0,0,0,0,0,0,0,0,0,0,0,0,0,0,0,0,0,0,0,0,0,0,0,0,0,0,0,0,0,0,0,0,0,0,0,0,0,0,10.01,10.06,10.18,10.13,10.48,10.65,10.18,9.83
ROBO,24/07/2026,90.67,90.82,89.78,89.85,4976,84.12,85.34,84.53,86.5,85,86.74,85.24,85.89,87.92,87.63,90.03,91.53,90.8,93.34,92.9,91.94,90.06,86.19,91.58,93.6,94.99,90.88,91.48,92.2,95.5,98.26,95.25,92.6,90.67,94.95,97.7,97.6,93.39,89.14,88.43,89.12,87.72,91.9,95.23,98,99.58,104.49,105.22,106.39,109.15,108.37,102.98,107.1,104.1,98.6,95.9,89.2,89.85
ROC,24/07/2026,0.225,0.225,0.22,0.22,39013,0.094,0.098,0.105,0.105,0.12,0.12,0.12,0.11,0.1,0.11,0.14,0.165,0.1525,0.15,0.13,0.11,0.125,0.165,0.155,0.165,0.18,0.265,0.35,0.405,0.36,0.41,0.43,0.4,0.315,0.345,0.31,0.29,0.27,0.27,0.24,0.3,0.345,0.34,0.305,0.29,0.26,0.28,0.31,0.315,0.305,0.315,0.325,0.29,0.27,0.25,0.25,0.25,0.22
ROG,24/07/2026,0.001,0.001,0.001,0.001,6849999,0.004,0.0035,0.004,0.003,0.003,0.0035,0.003,0.005,0.005,0.005,0.005,0.005,0.005,0.006,0.005,0.0035,0.004,0.003,0.0035,0.0035,0.003,0.003,0.003,0.003,0.0025,0.003,0.0025,0.003,0.0025,0.0025,0.002,0.002,0.002,0.002,0.0025,0.002,0.002,0.002,0.001,0.002,0.002,0.0015,0.0015,0.002,0.0015,0.002,0.001,0.001,0.0015,0.001,0.001,0.001,0.001
RON,24/07/2026,0.165,0.165,0.165,0.165,0,0.15,0.15,0.17,0.18,0.155,0.175,0.175,0.165,0.17,0.19,0.17,0.18,0.18,0.175,0.175,0.175,0.15,0.155,0.155,0.13,0.145,0.135,0.145,0.18,0.185,0.215,0.205,0.225,0.195,0.27,0.175,0.195,0.18,0.175,0.175,0.15,0.16,0,0.165,0.165,0.175,0.175,0.17,0.175,0.175,0.18,0.175,0.18,0.185,0.165,0.16,0.16,0.165
ROYL,24/07/2026,13.53,13.53,13.45,13.48,19256,11.9,11.62,11.75,11.96,12.11,12.16,12.4,12.73,12.68,12.85,13.19,12.96,13.56,12.87,12.6,12.68,12.75,12.42,12.77,12.64,12.78,12.57,12.73,12.445,12.73,13.15,13.54,13.19,12.53,13.13,13.57,14,13.72,13.36,12.6,13.02,13.21,13.03,13.315,13.52,12.85,12.8,13.09,13.6,13.86,14.26,13.61,14.4,13.82,14,13.9,12.9,13.48
RPL,24/07/2026,2.72,2.81,2.67,2.74,2893184,2.9,2.95,3.05,3.12,3.02,2.69,2.68,2.76,2.89,2.94,3.23,3.3,3.25,3.11,2.92,2.61,2.74,2.77,3.1,2.97,3.05,3.16,3.24,3.24,3.4,3.5,3.39,3.14,2.93,2.91,3.14,3.25,3.02,2.57,2.45,2.5,2.54,2.58,2.63,2.38,2.29,2.59,2.53,2.52,2.63,2.52,2.51,2.86,2.79,3.11,3.13,3.05,2.74
RPM,24/07/2026,0.017,0.017,0.017,0.017,100000,0.065,0.061,0.063,0.066,0.066,0.065,0.061,0.062,0.06,0.067,0.063,0.065,0.063,0.062,0.063,0.06,0.059,0.062,0.055,0.054,0.051,0.052,0.052,0.056,0.054,0.055,0.056,0.057,0.056,0.057,0.058,0.034,0.031,0.028,0.027,0.027,0.028,0.028,0.026,0.025,0.025,0.023,0.022,0.021,0.019,0.018,0.018,0.017,0.015,0.016,0.016,0.016,0.017
RR1,24/07/2026,0.009,0.01,0.009,0.009,971544,0.01,0.011,0.01,0.011,0.011,0.012,0.012,0.013,0.012,0.012,0.013,0.013,0.013,0.01,0.012,0.01,0.01,0.01,0.009,0.01,0.009,0.009,0.01,0.011,0.012,0.012,0.014,0.016,0.013,0.017,0.014,0.017,0.013,0.015,0.012,0.01,0.01,0.009,0.009,0.0095,0.01,0.0105,0.01,0.01,0.012,0.013,0.011,0.0115,0.011,0.011,0.01,0.009,0.009
RR1OA,24/07/2026,0.003,0.003,0.003,0.003,0,0.004,0.004,0.004,0.005,0.004,0.005,0.006,0.006,0.005,0.006,0.005,0.006,0.007,0.005,0.005,0.003,0.005,0.004,0.004,0.004,0.004,0.004,0,0.004,0.004,0.004,0.005,0.006,0.005,0.006,0.005,0.007,0.004,0.004,0.005,0.003,0,0,0.003,0.003,0.004,0.003,0.005,0.004,0.005,0.004,0.004,0.005,0.003,0.003,0,0.003,0.003
RRE,24/07/2026,0.089,0.089,0.089,0.089,0,0,0,0,0,0,0,0,0,0,0,0,0,0,0,0.19,0.19,0.195,0.17,0.18,0.21,0.25,0.24,0.25,0.26,0.27,0.315,0.385,0.345,0.2,0.2,0.185,0.19,0.165,0.14,0.135,0.12,0.14,0,0.12,0.125,0.135,0.115,0.125,0.1,0.135,0.13,0.105,0.105,0.099,0.096,0.099,0.099,0.089
RRL,24/07/2026,6.23,6.25,5.9,5.97,3227241,4.21,4.02,4.38,4.51,4.07,4.54,5.09,5.8,5.5,5.85,5.99,5.69,6.47,6.21,6.44,6.44,7.06,6.6,7.38,7.09,7.47,7.44,7.73,7.63,7.55,7.74,8.35,8.06,7.66,8.25,8.47,9.44,8.48,7.68,6.19,6.26,6.72,7.43,7.55,7.35,7.06,6.85,6.65,6.35,6.12,5.97,5.85,6.94,6.59,6.63,6.52,5.64,5.97
RRR,24/07/2026,0.06,0.065,0.06,0.061,174406,0.06,0.057,0.057,0.068,0.066,0.08,0.087,0.087,0.1,0.088,0.087,0.085,0.084,0.08,0.084,0.08,0.078,0.075,0.086,0.087,0.084,0.083,0.083,0.083,0.098,0.094,0.083,0.086,0.083,0.085,0.09,0.085,0.069,0.071,0.0675,0.071,0.071,0.065,0.073,0.072,0.069,0.068,0.059,0.058,0.0685,0.08,0.076,0.085,0.075,0.069,0.074,0.067,0.061
RSG,24/07/2026,0.965,0.97,0.915,0.925,6567418,0.635,0.61,0.675,0.72,0.74,0.645,0.7,0.885,0.84,0.955,1.065,1.075,1.2,1.13,0.955,0.865,1.01,0.99,1.13,1.1,1.105,1.19,1.285,1.235,1.32,1.285,1.36,1.36,1.26,1.43,1.435,1.485,1.445,1.4,1.315,1.255,1.395,1.5,1.415,1.405,1.185,1.29,1.315,1.225,1.285,1.135,1.045,1.11,1.01,1.005,0.95,0.895,0.925
RSM,24/07/2026,20.16,20.16,20.11,20.11,616,20.87,20.91,20.98,21.04,21.02,21,20.98,21.01,21.05,20.95,20.88,20.86,21.11,21.1,20.89,20.88,20.81,20.82,20.71,20.61,20.58,20.63,20.58,20.43,20.57,20.58,20.49,20.53,20.48,20.55,20.55,20.66,20.47,20.35,20.25,20.25,20.16,20.3,20.29,20.27,20.25,20.33,20.34,20.46,20.53,20.47,20.62,20.6,20.73,20.29,20.31,20.28,20.11
RSSL,24/07/2026,11.63,11.66,11.62,11.62,8639,9.55,9.53,9.45,9.815,9.81,10.04,10.04,10.02,10.36,10.15,10.3,10.395,10.43,10.49,10.4,10.33,10.07,9.91,10.52,10.59,10.79,10.45,10.5,10.3,10.77,11.09,11.08,10.47,10.35,10.28,10.64,10.44,10.26,9.87,9.78,10.08,9.95,10.34,10.54,10.76,10.77,10.95,10.97,11.08,11.37,11.38,11.51,11.72,12.08,11.99,11.78,11.64,11.62
RTG,24/07/2026,0.039,0.039,0.032,0.032,302066,0.031,0.025,0.027,0.027,0.026,0.028,0.024,0.029,0.031,0.036,0.033,0.033,0.034,0.031,0.029,0.026,0.028,0.03,0.033,0.031,0.03,0.028,0.028,0.033,0.034,0.038,0.036,0.034,0.038,0.037,0.038,0.039,0.039,0.037,0.034,0.034,0.033,0.033,0.034,0.043,0.044,0.046,0.045,0.045,0.04,0.041,0.037,0.038,0.035,0.042,0.037,0.037,0.032
RTH,24/07/2026,0.58,0.58,0.58,0.58,747,0.98,0.96,0.99,0.985,0.96,0.985,0.97,0.97,1.05,0.97,0.97,0.975,0.95,1,1.09,1.245,1.125,1.1,0.995,0.94,0.98,0.755,0.76,0.87,0.82,0.785,0.85,0.9,0.8,0.8,0.79,0.7875,0.815,0.76,0.675,0.71,0.72,0.68,0.69,0.67,0.65,0.625,0.605,0.64,0.635,0.69,0.575,0.555,0.53,0.55,0.555,0.59,0.58
RTR,24/07/2026,0.047,0.048,0.046,0.047,361300,0.03,0.025,0.031,0.032,0.03,0.032,0.038,0.037,0.032,0.0325,0.038,0.038,0.047,0.04,0.039,0.039,0.039,0.036,0.04,0.038,0.039,0.037,0.043,0.048,0.045,0.055,0.058,0.05,0.046,0.045,0.042,0.053,0.047,0.049,0.042,0.041,0.042,0.042,0.055,0.053,0.051,0.061,0.056,0.056,0.057,0.051,0.045,0.045,0.043,0.047,0.045,0.045,0.047
RVT,24/07/2026,0.11,0.11,0.1,0.1,9500,0.072,0.068,0.068,0.065,0.066,0.07,0.066,0.065,0.066,0.067,0.074,0.077,0.075,0.07,0.068,0.072,0.079,0.078,0.078,0.072,0.071,0.072,0.072,0.072,0.072,0.13,0.16,0.14,0.135,0.14,0.135,0.15,0.225,0.175,0.165,0.15,0.155,0.16,0.16,0.165,0.2,0.16,0.15,0.13,0.1375,0.13,0.16,0.145,0.135,0.099,0.11,0.1,0.1
RWC,24/07/2026,3.54,3.63,3.53,3.61,2004700,4.26,4.26,4.4,4.55,4.16,4.19,4.09,4.12,4.26,4.15,4.13,4.03,3.87,4.16,4.15,3.92,3.95,3.9,4.23,4.07,3.86,3.68,3.81,3.85,3.99,4.05,3.8,3.76,3.64,3.94,3.41,3.33,3.12,2.92,2.97,3.11,2.9,3.13,2.97,3.05,3.3,3.18,3.11,3.15,3.16,3.17,3.62,3.74,3.81,3.88,3.67,3.74,3.61
RWD,24/07/2026,0.03,0.03,0.03,0.03,0,0.048,0.045,0.043,0.042,0.044,0.042,0.043,0.043,0.04,0.041,0.041,0.043,0.045,0.045,0.041,0.038,0.039,0.047,0.04,0.04,0.04,0.04,0.039,0.038,0.041,0.046,0.041,0.044,0.044,0.042,0.042,0.042,0.046,0.046,0.041,0.041,0.045,0.045,0.044,0.044,0.043,0.042,0.036,0.032,0.038,0.034,0.034,0.03,0.029,0.029,0.029,0.028,0.03
RWL,24/07/2026,0.058,0.058,0.058,0.058,7410,0.195,0.19,0.2,0.17,0.18,0.185,0.185,0.15,0.155,0.14,0.135,0.125,0.135,0.145,0.225,0.25,0.21,0.185,0.18,0.18,0.205,0.155,0.15,0.145,0.205,0.185,0.185,0.205,0.18,0.165,0.18,0.19,0.18,0.17,0.155,0.15,0.1375,0.15,0.145,0.13,0.1225,0.11,0.11,0.095,0.093,0.07,0.06,0.056,0.062,0.063,0.061,0.064,0.058
RXL,24/07/2026,0.375,0.385,0.37,0.385,1065260,0.315,0.27,0.305,0.31,0.35,0.355,0.42,0.435,0.44,0.475,0.53,0.53,0.55,0.47,0.445,0.41,0.38,0.365,0.415,0.41,0.42,0.455,0.48,0.485,0.515,0.545,0.605,0.56,0.49,0.495,0.51,0.575,0.52,0.505,0.435,0.42,0.44,0.465,0.44,0.435,0.41,0.435,0.45,0.415,0.425,0.455,0.43,0.45,0.39,0.41,0.41,0.38,0.385
RYD,24/07/2026,2.04,2.06,1.99,2.06,113488,1.45,1.465,1.48,1.57,1.615,1.55,1.575,1.595,1.63,1.66,1.66,1.62,1.69,1.73,1.715,1.715,1.725,1.7,1.73,1.8,1.87,1.87,1.97,1.95,1.985,1.935,2.01,2,2.01,2,2.04,2.05,1.97,1.93,1.9,2.02,1.995,1.905,1.88,1.88,1.89,1.885,1.89,1.89,1.86,1.71,1.78,1.73,1.75,1.8,1.755,1.765,2.06
RYM,24/07/2026,1.895,1.895,1.895,1.895,3,0,0,0,0,0,0,0,0,0,0,2.33,2.57,2.44,2.53,2.54,2.58,2.43,2.54,2.57,2.5,2.56,2.52,2.6,2.57,2.52,2.54,2.55,2.4,2.25,2.23,2.22,2.02,1.95,1.865,1.865,1.79,1.86,1.75,1.62,1.87,1.775,1.8,1.725,1.75,1.875,1.845,1.905,1.84,1.87,1.8,1.78,1.7,1.895
RZI,24/07/2026,0.515,0.515,0.49,0.5125,47881,0.755,0.71,0.665,0.63,0.62,0.63,0.715,0.71,0.68,0.68,0.755,0.8,0.81,0.835,0.9,0.86,0.895,0.85,0.855,0.83,0.77,0.745,0.745,0.775,0.815,0.765,0.76,0.6275,0.605,0.62,0.605,0.64,0.59,0.595,0.53,0.61,0.565,0.56,0.575,0.58,0.615,0.61,0.595,0.585,0.57,0.55,0.55,0.555,0.54,0.535,0.525,0.525,0.5125
S2R,24/07/2026,0.075,0.082,0.075,0.075,674514,0.067,0.066,0.08,0.084,0.083,0.094,0.11,0.11,0.1,0.11,0.105,0.115,0.098,0.099,0.09,0.08,0.08,0.09,0.082,0.075,0.066,0.07,0.07,0.071,0.068,0.069,0.074,0.068,0.063,0.069,0.066,0.07,0.067,0.065,0.063,0.06,0.059,0.06,0.068,0.068,0.064,0.06,0.062,0.062,0.061,0.059,0.055,0.055,0.063,0.066,0.065,0.067,0.075
S32,24/07/2026,4.57,4.63,4.48,4.49,32098942,3.05,2.93,3.02,2.96,2.84,2.72,2.64,2.59,2.6,2.66,2.79,3.14,3.22,3.24,3.17,3.06,3.17,3.08,3.22,3.49,3.56,3.37,3.51,3.55,3.85,4.16,4.39,4.62,4.41,4.42,4.39,4.6,4.5,4.41,3.98,4.03,4.42,4.63,4.53,4.32,4.12,4.14,4.21,4.35,4.81,4.63,4.52,4.13,3.91,4.16,4.02,3.9,4.49
S3GO,24/07/2026,6.54,6.54,6.47,6.47,4091,6.51,6.44,6.37,6.5,6.53,6.54,6.47,6.39,6.49,6.6,6.84,6.91,6.87,6.94,6.97,6.87,6.83,6.64,6.81,6.79,6.83,6.69,6.71,6.46,6.57,6.66,6.54,6.43,6.25,6.28,6.36,6.38,6.29,6,5.93,6.09,6.09,6.31,6.4,6.49,6.55,6.66,6.7,6.77,6.94,7.07,6.91,7.04,6.88,6.72,6.69,6.55,6.47
S66,24/07/2026,0.12,0.12,0.12,0.12,4300,0.17,0.185,0.16,0.185,0.17,0.2,0.21,0.21,0.22,0.23,0.23,0.23,0.195,0.21,0.21,0.215,0.215,0.215,0.21,0.22,0.22,0.2175,0.25,0.26,0.26,0.25,0.245,0.24,0.225,0.195,0.205,0.18,0.21,0.22,0.2,0.215,0.2,0,0.225,0.225,0.225,0.195,0.205,0.195,0.18,0.155,0.11,0.115,0.135,0.11,0.13,0.12,0.12
SAN,24/07/2026,0.009,0.009,0.009,0.009,0,0.004,0.004,0.004,0.004,0.004,0.004,0.008,0.006,0.006,0.006,0.006,0.006,0.006,0.006,0.006,0.006,0.016,0.015,0.01,0.01,0.008,0.011,0.011,0.011,0.011,0.011,0.012,0.012,0.015,0.014,0.014,0.014,0.014,0.014,0.014,0.014,0.014,0.014,0.014,0.014,0.014,0.0125,0.012,0.012,0.012,0.012,0.012,0.012,0.012,0.009,0.009,0.009,0.009
SB2,24/07/2026,0.6,0.615,0.595,0.615,137203,0.715,0.7,0.715,0.705,0.7,0.715,0.72,0.72,0.725,0.725,0.72,0.72,0.705,0.78,0.745,0.76,0.75,0.74,0.745,0.73,0.72,0.71,0.73,0.73,0.76,0.77,0.775,0.79,0.735,0.735,0.725,0.75,0.705,0.68,0.655,0.655,0.645,0.67,0.63,0.645,0.63,0.62,0.58,0.57,0.58,0.56,0.53,0.54,0.535,0.56,0.565,0.585,0.615
SBM,24/07/2026,0.455,0.455,0.4375,0.44,3463858,0.3,0.26,0.32,0.355,0.335,0.35,0.38,0.39,0.485,0.495,0.59,0.6,0.62,0.56,0.515,0.495,0.535,0.505,0.57,0.535,0.525,0.55,0.605,0.59,0.56,0.555,0.77,0.73,0.635,0.73,0.755,0.83,0.785,0.68,0.575,0.57,0.635,0.725,0.685,0.655,0.615,0.645,0.67,0.555,0.575,0.565,0.545,0.585,0.475,0.505,0.47,0.41,0.44
SBR,24/07/2026,0.006,0.006,0.006,0.006,18855,0.01,0.011,0.01,0.011,0.011,0.011,0.012,0.012,0.012,0.012,0.012,0.013,0.014,0.013,0.013,0.012,0.012,0.012,0.012,0.013,0.012,0.012,0.011,0.012,0.011,0.012,0.015,0.015,0.012,0.014,0.015,0.012,0.012,0.011,0.011,0.01,0.01,0.01,0.01,0.011,0.009,0.009,0.008,0.007,0.008,0.007,0.008,0.007,0.007,0.007,0.007,0.007,0.006
SBRO,24/07/2026,0.001,0.001,0.001,0.001,1050000,0,0,0,0,0,0,0,0,0,0,0,0,0,0,0,0,0,0,0,0,0,0,0,0,0,0,0,0,0,0,0,0,0,0,0,0,0,0,0,0,0,0,0,0,0,0,0,0,0,0,0,0.002,0.001
SBZ,24/07/2026,0.18,0.18,0.18,0.18,0,0,0,0,0,0,0,0,0,0,0,0,0,0,0,0,0,0,0,0,0,0,0,0,0,0,0,0,0,0,0,0,0,0.22,0.21,0.2,0.2,0.2,0.2,0.195,0.2,0.195,0.195,0.18,0.17,0.18,0.18,0.18,0.165,0.165,0.195,0.195,0.185,0.18
SCG,24/07/2026,3.93,3.94,3.87,3.89,14381040,3.7,3.73,3.82,3.82,3.97,4.08,4.06,4.2,4.08,4.09,4.11,4.07,4.11,4.21,4.07,4.11,4.07,4.04,4.08,4.09,4.2,4.2,4.19,4.23,4.17,4.2,4.11,4.08,3.88,3.79,3.81,3.82,3.63,3.53,3.48,3.36,3.37,3.52,3.53,3.69,3.77,3.71,3.67,3.71,3.83,3.66,3.86,3.81,3.92,3.88,3.88,3.93,3.89
SCN,24/07/2026,0.026,0.026,0.026,0.026,250000,0.019,0.019,0.018,0.019,0.02,0.022,0.023,0.019,0.019,0.019,0.031,0.031,0.04,0.037,0.031,0.023,0.031,0.027,0.029,0.025,0.027,0.025,0.035,0.037,0.041,0.042,0.041,0.042,0.044,0.039,0.04,0.04,0.035,0.038,0.035,0.032,0.034,0.033,0.034,0.031,0.028,0.033,0.029,0.032,0.031,0.028,0.025,0.026,0.025,0.028,0.026,0.026,0.026
SCP,24/07/2026,0.06,0.06,0.06,0.06,0,0.125,0.125,0.11,0.11,0.11,0.105,0.099,0.105,0.095,0.089,0.094,0.092,0.092,0.092,0.105,0.105,0.098,0.12,0.11,0.11,0.105,0.1,0.1,0.1,0.1,0.105,0.091,0.105,0.08,0.083,0.08,0.074,0.11,0.11,0.11,0.1,0.1,0,0.075,0.07,0.076,0.07,0.072,0.072,0.059,0.058,0.06,0.048,0.045,0.041,0.05,0.05,0.06
SDF,24/07/2026,5.24,5.25,5.2,5.2,2304932,5.82,5.93,6.05,6.29,6.28,6.08,6.19,6.2,5.96,5.88,6.05,6.08,5.92,5.96,5.6,5.27,5.39,5.18,5.19,5.06,5.09,5.25,5.24,5.32,5.33,5.29,5.3,5.23,4.88,4.25,4.48,4.4,4.35,4.22,4.09,4.17,4.19,4.27,4.33,4.28,4.2,4.05,4.01,4.13,4.08,3.96,5.15,5.15,5.08,5.07,5.17,5.27,5.2
SDR,24/07/2026,3.24,3.24,3.11,3.13,1464376,4.91,5.18,5.31,5.24,5.23,6.91,6.83,6.93,7.14,7.35,7.72,7.68,6.97,7.4,7.11,6.64,6.51,5.77,6.55,6.34,6.27,6.19,6.3,6.12,5.94,5.8,5.5,5.08,4.06,3.46,3.62,3.6,3.55,3.19,2.85,2.8,2.76,2.94,3.33,3.1,2.96,3.12,2.89,2.78,3.5,3.85,3.74,4.05,3.85,3.97,3.72,3.46,3.13
SDV,24/07/2026,0.13,0.13,0.12,0.12,29308,0.345,0.315,0.335,0.375,0.355,0.32,0.31,0.315,0.35,0.325,0.31,0.305,0.295,0.295,0.33,0.37,0.465,0.435,0.45,0.46,0.41,0.43,0.46,0.46,0.45,0.455,0.425,0.385,0.375,0.36,0.345,0.245,0.24,0.235,0.225,0.2,0.195,0.185,0.185,0.11,0.1,0.1,0.095,0.093,0.093,0.087,0.0915,0.12,0.115,0.145,0.135,0.135,0.12
SEA,24/07/2026,2.15,2.16,2.14,2.16,10797,0,0,0,0,0,0,0,0,0,0,0,0,0,0,0,0,0,0,2.97,2.64,2.51,2.48,2.38,2.89,2.72,3.18,3.15,3,3.05,2.96,2.92,2.91,2.605,2.52,2.38,2.35,2.34,2.28,2.28,2.26,2.23,2.39,2.34,2.22,2.39,2.43,2.25,2.21,2.13,2.06,2.1,2.13,2.16
SEC,24/07/2026,2.37,2.37,2.3,2.3,54320,2.6,2.49,2.56,2.57,2.66,2.63,2.66,2.6,2.63,2.61,2.67,2.68,2.66,2.64,2.68,2.83,2.77,2.57,2.68,2.81,2.71,2.74,2.79,2.83,2.8,2.86,2.7,2.69,2.6,2.7,2.5,2.62,2.52,2.37,2.28,2.22,2.5,2.47,2.31,2.4,2.5,2.44,2.36,2.31,2.33,2.37,2.3,2.43,2.34,2.34,2.44,2.32,2.3
SEG,24/07/2026,0.305,0.33,0.305,0.33,26610,0.3,0.27,0.295,0.295,0.305,0.345,0.345,0.345,0.33,0.325,0.3,0.29,0.27,0.275,0.28,0.25,0.26,0.25,0.28,0.28,0.29,0.285,0.285,0.28,0.29,0.28,0.275,0.275,0.28,0.28,0.32,0.275,0.25,0.255,0.27,0.26,0.25,0,0.24,0.26,0.28,0.295,0.285,0.285,0.31,0.32,0.32,0.32,0.325,0.37,0.345,0.36,0.33
SEK,24/07/2026,12.86,12.95,12.66,12.89,1449758,24.04,24.03,24.61,25.16,28.18,27.76,27.02,28,29.07,28.11,28.6,27.99,27.24,27.76,27.1,26.47,25.15,24.93,24.48,23.87,22.88,23.15,22.98,23.38,23.24,22.85,22.92,20.97,18.31,15.84,16.27,16.56,16.93,15.07,14.44,13.73,13.84,14.65,15.47,14.66,13.84,14,13.36,12.71,12.41,12.95,13.68,13.63,12.61,13.31,13.3,14.11,12.89
SEMI,24/07/2026,38.29,38.29,37.145,37.22,203575,17.86,17.82,17.9,18.58,17.98,18.3,18.06,18.83,19.91,20.17,21.35,22.01,22.35,22.69,24.02,23.22,22.55,21.45,22.8,23.29,23.56,22.45,22.96,23.42,24.75,26.19,26.16,26.66,24.64,26.13,26.65,26.53,25.6,24.88,25.27,25.02,24.72,27.73,29,31.45,32.32,35.61,36.81,37.77,40.91,41.19,41.99,46.03,44.98,40.48,39.84,35,37.22
SEN,24/07/2026,3.3,3.59,3.29,3.52,87443,0.02,0.019,0.019,0.018,0.018,0.02,0.024,0.024,0.026,0.025,0.028,0.027,0.029,0.028,0.028,0.023,0.026,0.025,0,0,2.44,2.43,2.39,2.35,2.29,2.23,2.22,2.1,1.92,2.29,2.3,2.18,2.075,1.97,1.86,1.84,1.82,1.9,2.08,2.1,2.39,2.55,2.53,2.5,2.97,3.1,3.1,3.02,2.74,3.03,2.95,2.99,3.52
SEQ,24/07/2026,0.11,0.11,0.11,0.11,300341,0.3375,0.295,0.29,0.3,0.295,0.305,0.285,0.285,0.29,0.29,0.29,0.285,0.285,0.29,0.285,0.285,0.22,0.235,0.23,0.25,0.285,0.27,0.28,0.285,0.285,0.29,0.275,0.27,0.255,0.2575,0.265,0.27,0.23,0.25,0.23,0.245,0.215,0.21,0.19,0.225,0.2,0.165,0.145,0.13,0.13,0.13,0.1325,0.12,0.11,0.1075,0.11,0.12,0.11
SER,24/07/2026,0.14,0.14,0.14,0.14,0,0.007,0.006,0.005,0.005,0.005,0.005,0.0055,0.005,0.0055,0.005,0.0065,0.006,0.009,0.007,0.008,0.008,0.009,0.0075,0.008,0.007,0.006,0.006,0.0065,0.007,0.007,0.007,0.009,0.0095,0.0075,0.01,0.014,0.011,0.01,0.01,0.007,0.0085,0,0,0.22,0.21,0.19,0.185,0.22,0.18,0.17,0.15,0.13,0.165,0.145,0.15,0.155,0.15,0.14
SET,24/07/2026,2.17,2.18,2.15,2.15,40182,0,0,0,0,0,0,0,0,0,0,0,0,0,0,0,0,0,0,0,0,0,0,0,0,0,0,0,0,0,0,0,0,0,0,0,0,0,0,2.09,2.08,2.07,2.15,2.1,2.08,2.16,2.06,2.12,2.13,2.14,2.16,2.15,2.2,2.15
SFC,24/07/2026,19.25,19.26,19.25,19.25,292,20.85,21.3,21.84,20.86,20.2,21,21.45,21.9,21.1,21.04,21.03,21.09,21.35,21.5,20,21.05,21,19.5,20.01,20.56,20.5,20,20,20.25,20.01,20.1,20,20.55,19.85,19.82,20.1,20.05,19.8,19.5,18.91,18.57,18.5,19.48,18.93,19.3,19.25,18.8,18.6,18.53,19.01,18.6,18.87,18.57,18.56,19.05,19.2,18.6,19.25
SFG,24/07/2026,0.002,0.002,0.002,0.002,0,0.002,0.0015,0.002,0.0015,0.0015,0.0015,0.0015,0.002,0.002,0.0015,0.002,0.0015,0.002,0.002,0.0025,0.002,0.003,0.0025,0.003,0.002,0.002,0.002,0.003,0.002,0.0025,0.002,0.002,0.0025,0.002,0.002,0.003,0.002,0.002,0.002,0.002,0.002,0.002,0,0.002,0.002,0.002,0.002,0.002,0.002,0.002,0.002,0.002,0.002,0.002,0.002,0.002,0.002,0.002
SFIF,24/07/2026,10.76,10.76,10.75,10.75,19063,0,0,0,0,0,0,0,0,0,0,0,0,10.78,10.82,10.82,10.8,10.8,10.8,10.79,10.74,10.76,10.79,10.8,10.78,10.78,10.81,10.83,10.83,10.83,10.83,10.82,10.83,10.77,10.75,10.76,10.77,10.71,0,10.75,10.77,10.76,10.76,10.78,10.79,10.81,10.76,10.77,10.81,10.83,10.73,10.74,10.75,10.75
SFM,24/07/2026,0.27,0.27,0.27,0.27,0,0.27,0.275,0.25,0.245,0.22,0.21,0.225,0.22,0.25,0.25,0.23,0.23,0.23,0.255,0.235,0.26,0.24,0.26,0.265,0.29,0.3,0.31,0.31,0.3,0.3,0.305,0.315,0.315,0.26,0.28,0.305,0.32,0.4,0.365,0.35,0.3,0.28,0.28,0.285,0.27,0.28,0.27,0.29,0.28,0.28,0.28,0.25,0.26,0.25,0.245,0.25,0.27,0.27
SFR,24/07/2026,18.73,18.98,18.44,18.52,1537183,11.06,11.02,11.52,12.18,12.01,12.52,12.35,12.47,12.3,13.65,14.95,16.13,15.7,15.6,16.24,15.73,16.25,15,15.73,16.88,17.11,16.89,17.87,18,18.65,19.15,19.06,19.85,18.55,18.88,18.84,20.19,17.09,16.83,15.6,15.88,16.37,17.37,18.22,17.06,16.78,18.01,18.93,18.64,19.63,19.28,19.83,20.72,18.89,19.34,18.83,17.64,18.52
SFX,24/07/2026,0.035,0.038,0.035,0.038,15635,0.19,0.16,0.16,0.16,0.155,0.15,0.155,0.155,0.14,0.145,0.15,0.155,0.115,0.12,0.099,0.115,0.105,0.072,0.083,0.077,0.074,0.068,0.065,0.073,0.085,0.082,0.088,0.077,0.067,0.069,0.065,0.063,0.0535,0.047,0.051,0.047,0.045,0.037,0.035,0.034,0.031,0.03,0.032,0.03,0.035,0.065,0.056,0.041,0.045,0.048,0.048,0.044,0.038
SFY,24/07/2026,77,77.37,76.8,76.9,14826,76,76.09,76.9,78.07,78.75,78.48,77.74,77.91,76.68,76.67,77.42,77.05,77.6,77.9,76.65,75.9,74.59,72.78,73.93,74.4,75.16,74.4,75.55,74.72,74.19,75.87,75.12,75.88,75.13,77.57,79.02,80.06,77.52,76.11,74.85,75.38,75.37,78.62,78.28,76.37,76.28,76.72,75.61,76.13,76.57,75.65,77.27,77.22,77.17,76.98,76.9,76.82,76.9
SGA,24/07/2026,0.087,0.089,0.087,0.089,198822,0.074,0.083,0.078,0.08,0.115,0.11,0.105,0.097,0.095,0.1,0.098,0.115,0.155,0.14,0.12,0.11,0.11,0.105,0.098,0.09,0.1,0.1,0.097,0.099,0.099,0.1,0.098,0.094,0.09,0.087,0.085,0.09,0.096,0.092,0.09,0.09,0.092,0.095,0.086,0.086,0.085,0.082,0.074,0.074,0.071,0.069,0.067,0.067,0.064,0.062,0.06,0.06,0.089
SGAO,24/07/2026,0.01,0.01,0.01,0.01,0,0,0,0,0,0,0,0,0,0,0,0,0,0,0,0,0,0,0,0,0,0,0.017,0,0.024,0.026,0.026,0.025,0.021,0.018,0.018,0.016,0.016,0.017,0.019,0.019,0.019,0,0,0.019,0.019,0.019,0.019,0.019,0.016,0.012,0.011,0.011,0.01,0.01,0.01,0,0.01,0.01
SGC,24/07/2026,1.215,1.215,1.13,1.15,149220,0,0,0,0,0,0,0,0,0,0,0,0,0,0,0,0,0,0,0,0,0,0,0,0,0,0,0,0,0,0,0,0,0,0,0,0,0,0,0,0,0,0,0,0,0,0,0,0,0,0,0,1.37,1.15
SGH,24/07/2026,43.14,43.355,42.37,42.52,551263,50.83,50.75,51.38,46.89,49.21,50.51,49.41,48.52,50.43,49.69,50.53,49.33,48.17,49.29,48.5,46.58,44.03,43.97,47.29,45.96,45.78,46.5,47.12,46.83,47.53,46.87,46.79,46.42,46.05,47.9,47.7,46.7,44.56,42.01,39.51,41.77,40.67,42.37,40.81,40.14,40,40.82,39.97,41.4,41.2,41.92,41.51,43.27,46.49,44.61,44.27,43.8,42.52
SGI,24/07/2026,1.26,1.275,1.24,1.24,49005,0.635,0.68,0.67,0.69,0.66,0.645,0.795,0.735,0.785,0.705,0.725,0.69,0.77,0.76,0.725,0.695,1.255,1.17,1.2,1.2,1.29,1.34,1.395,1.32,1.37,1.265,1.38,1.3875,1.32,1.29,1.295,1.185,1.01,1.005,1,0.96,1.07,1.05,1.04,0.9,0.795,0.9,1.05,0.975,0.95,0.925,0.955,1.18,1.255,1.26,1.275,1.245,1.24
SGLLV,24/07/2026,13.75,13.75,13.53,13.62,18170,11.05,11.99,13.22,14.12,15.63,15.98,14.25,15.31,16.52,17.65,18.15,17.29,17.62,17.98,17.14,15.3,16.48,16.19,16.5,15.6,16.84,17.19,17.44,16.49,17.2,17.6,16.2,16.29,14.15,13.68,13.71,13.23,12.02,12.34,12.74,13.6,13.48,13.69,13.23,13.18,12.65,12.6,12.37,11.65,12.15,12.86,13,13.85,15.95,13.65,13.52,13.64,13.62
SGM,24/07/2026,26.07,26.73,24.51,26.07,357055,16.12,15.17,14.71,15.05,13.93,14.23,13.95,13.83,14.14,13.62,13.66,13.73,13.78,14.61,15.96,16.09,15.59,15.08,17.1,17.82,18.26,18.01,18.01,18.22,18.74,20.07,20.14,20.28,19.49,21.12,21.7,21.96,19.63,18.36,20.36,19.75,18.4,20.48,19.55,20.45,21.3,21.65,22.48,23.23,26.82,27.5,29.12,29.2,28.21,25.32,25.47,24.7,26.07
SGP,24/07/2026,4.06,4.155,4.045,4.13,10168134,5.4,5.49,5.63,5.68,6.4,6.2,6.22,6.35,6.24,6.08,6.18,6.24,6.52,6.64,6.31,6.25,6.11,6.11,6.02,5.81,5.84,5.88,5.85,5.75,5.53,5.48,5.41,5.39,5.18,5.17,5.06,5.11,4.79,4.64,4.28,4.26,4.12,4.12,4.32,4.19,4.05,3.96,3.97,3.97,4.1,3.83,4.23,4.3,4.32,4.04,3.98,4.15,4.13
SGQ,24/07/2026,0.075,0.075,0.072,0.074,15989020,0.039,0.04,0.038,0.0385,0.039,0.045,0.059,0.074,0.095,0.12,0.125,0.115,0.13,0.12,0.105,0.088,0.11,0.096,0.098,0.095,0.089,0.105,0.1,0.096,0.105,0.11,0.12,0.096,0.091,0.099,0.115,0.16,0.125,0.145,0.11,0.115,0.12,0.13,0.13,0.135,0.12,0.115,0.115,0.11,0.12,0.115,0.11,0.1,0.093,0.096,0.093,0.078,0.074
SGQOC,24/07/2026,0.037,0.037,0.031,0.032,3651734,0.013,0.012,0.011,0.013,0.011,0.013,0.025,0.035,0.05,0.068,0.079,0.067,0.09,0.079,0.065,0.05,0.067,0.057,0.062,0.062,0.058,0.059,0,0.055,0.064,0.068,0.078,0.056,0.053,0.06,0.079,0.115,0.084,0.11,0.076,0.075,0,0,0.086,0.091,0.078,0.074,0.069,0.063,0.073,0.071,0.062,0.06,0.051,0.053,0,0.04,0.032
SGR,24/07/2026,0.115,0.125,0.115,0.12,4289440,0.115,0.092,0.092,0.11,0.105,0.105,0.1,0.1,0.1,0.092,0.09,0.099,0.094,0.095,0.089,0.085,0.086,0.105,0.105,0.105,0.105,0.13,0.13,0.17,0.17,0.18,0.175,0.135,0.135,0.13,0.125,0.125,0.125,0.125,0.125,0.125,0.115,0.115,0.115,0.115,0.115,0.11,0.105,0.1,0.1,0.097,0.11,0.097,0.092,0.094,0.1,0.11,0.12
SHA,24/07/2026,6.67,6.76,6.48,6.7,220903,4.18,3.9,3.8,4.28,4.31,4.02,4.35,4.5,4.92,4.86,4.94,5.33,5.56,5.95,5.79,5.76,6.48,6.14,6.05,6.08,6.07,6,6.16,6.05,6.51,6.38,6.78,6.68,6.8,6.49,7.34,6.66,6.74,6.47,6.58,6.34,6.74,7.13,6.36,6.2,6.05,6.71,7.7,7.44,7.26,6.77,6.49,7,6.99,6.68,6.35,6.46,6.7
SHE,24/07/2026,0.012,0.012,0.012,0.012,302341,0.006,0.006,0.007,0.006,0.006,0.006,0.006,0.006,0.007,0.006,0.006,0.006,0.007,0.009,0.007,0.007,0.008,0.007,0.007,0.007,0.007,0.007,0.007,0.007,0.007,0.007,0.007,0.006,0.006,0.006,0.006,0.0055,0.0065,0.008,0.008,0.01,0.008,0.011,0.011,0.01,0.011,0.01,0.01,0.012,0.011,0.011,0.013,0.011,0.011,0.011,0.013,0.012,0.012
SHG,24/07/2026,0.19,0.2,0.19,0.2,28035,0.33,0.315,0.315,0.32,0.315,0.35,0.325,0.31,0.285,0.275,0.28,0.285,0.3,0.285,0.285,0.27,0.29,0.26,0.275,0.26,0.25,0.26,0.255,0.265,0.25,0.26,0.255,0.245,0.225,0.215,0.275,0.265,0.255,0.235,0.205,0.21,0.225,0.23,0.24,0.22,0.205,0.2,0.225,0.2,0.195,0.215,0.195,0.2,0.18,0.21,0.21,0.225,0.2
SHJ,24/07/2026,0.59,0.59,0.59,0.59,0,0.635,0.67,0.645,0.67,0.64,0.655,0.69,0.69,0.755,0.75,0.68,0.715,0.705,0.675,0.675,0.71,0.685,0.695,0.695,0.68,0.685,0.685,0.685,0.74,0.68,0.69,0.69,0.69,0.7,0.69,0.72,0.745,0.71,0.7,0.71,0.74,0.7,0.75,0.715,0.725,0.75,0.72,0.71,0.68,0.685,0.68,0.68,0.6,0.6525,0.61,0.6,0.59,0.59
SHL,24/07/2026,20.8,21.22,20.62,21.22,1931851,28.07,27.34,27.66,28.3,24.6,24.05,22.94,22.64,22.43,21.15,21.61,21.57,21.67,21.75,21.16,20.9,21.32,23.09,23.33,23.11,23.19,22.58,22.57,22.44,22.4,23.25,23.34,22.95,22.02,21.2,23.37,23.83,22.8,21.2,20.07,20.63,19.98,19.77,20.56,20.33,19.96,18.94,18.73,18.68,19.52,19.34,20.2,20.05,20.42,21.25,21.24,21.88,21.22
SHM,24/07/2026,0.75,0.76,0.75,0.76,39180,0.6675,0.7,0.685,0.68,0.675,0.67,0.655,0.64,0.65,0.735,0.7,0.725,0.69,0.775,0.765,0.78,0.79,0.7775,0.78,0.77,0.79,0.7825,0.785,0.77,0.8,0.82,0.805,0.81,0.79,0.75,0.77,0.795,0.785,0.8,0.785,0.78,0.785,0.78,0.795,0.79,0.775,0.72,0.75,0.735,0.745,0.76,0.73,0.72,0.72,0.735,0.705,0.715,0.76
SHN,24/07/2026,0.031,0.031,0.03,0.03,3081179,0.011,0.012,0.011,0.011,0.014,0.015,0.017,0.018,0.019,0.021,0.023,0.02,0.03,0.024,0.025,0.023,0.021,0.019,0.021,0.02,0.02,0.018,0.023,0.022,0.025,0.028,0.029,0.036,0.037,0.04,0.039,0.047,0.042,0.036,0.028,0.029,0.029,0.03,0.03,0.033,0.029,0.03,0.028,0.031,0.034,0.031,0.029,0.029,0.028,0.029,0.028,0.027,0.03
SHO,24/07/2026,0.042,0.042,0.039,0.039,1602003,0.028,0.026,0.033,0.04,0.041,0.041,0.037,0.041,0.042,0.043,0.039,0.038,0.041,0.038,0.04,0.04,0.038,0.04,0.043,0.037,0.04,0.046,0.051,0.046,0.046,0.047,0.061,0.075,0.083,0.088,0.105,0.115,0.135,0.12,0.11,0.094,0.091,0.074,0.093,0.081,0.074,0.072,0.07,0.065,0.073,0.069,0.06,0.062,0.058,0.065,0.057,0.04,0.039
SHV,24/07/2026,4.34,4.42,4.23,4.41,1392764,3.5,3.39,3.66,3.81,3.95,3.84,3.7,4.27,3.82,3.87,4.01,3.88,3.84,3.83,3.88,3.65,3.57,3.87,4.49,4.87,4.85,5.15,5.07,4.93,4.94,4.92,4.99,4.44,4.2,4,3.74,4.03,3.96,3.81,3.86,3.81,3.91,3.66,3.73,3.75,3.77,4.02,3.61,3.85,3.93,3.86,3.93,4.01,3.82,3.68,3.91,3.89,4.41
SIG,24/07/2026,2.87,2.88,2.81,2.84,13177270,2.84,2.86,2.86,2.84,2.85,3.12,3.04,3,3.02,3,2.99,3.02,3.03,3.1,3.11,3.11,2.95,2.95,2.88,2.85,2.92,3,2.98,2.94,2.89,2.9,3.06,3.09,3.13,3.03,2.94,2.84,2.85,2.64,2.78,2.62,2.66,2.69,2.8,2.79,2.81,2.85,2.86,2.88,2.94,2.92,2.64,2.76,2.77,2.79,2.82,2.93,2.84
SIO,24/07/2026,0.14,0.14,0.14,0.14,0,0.15,0.145,0.14,0.14,0.165,0.16,0.16,0.15,0.15,0.15,0.16,0.16,0.165,0.155,0.14,0.145,0.15,0.12,0.14,0.14,0.14,0.14,0.12,0.14,0.125,0.125,0.13,0.145,0.145,0.145,0.165,0.135,0.135,0.125,0.115,0.125,0.13,0,0.13,0.125,0.135,0.14,0.14,0.14,0.13,0.14,0.145,0.14,0.15,0.135,0.135,0.15,0.14
SIQ,24/07/2026,12.82,12.86,12.57,12.71,492187,7.7,7.94,8.13,8.1,8,9.05,9.1,8.24,8.17,8.24,8.15,7.92,8.01,7.98,8.18,8.29,8.33,8.29,8.79,9.03,9.06,8.97,9.05,9.08,9.13,9.02,8.79,8.43,8.51,8.13,8.67,8.82,8.2,7.66,7.41,8.03,8.44,8.79,8.77,8.84,9.15,10.67,11.14,11.64,11.39,11.92,12.18,12.57,12.5,12.78,12.33,12.99,12.71
SIS,24/07/2026,0.005,0.005,0.005,0.005,0,0.005,0.005,0.005,0.004,0.004,0.004,0.004,0.004,0.006,0.006,0.008,0.007,0.008,0.006,0.005,0.005,0.006,0.004,0.005,0.004,0.005,0.005,0.005,0.008,0.007,0.006,0.0065,0.006,0.006,0.006,0.006,0.006,0.007,0.006,0.006,0.005,0.006,0.006,0.007,0.0065,0.006,0.0065,0.007,0.007,0.006,0.0065,0.007,0.006,0.006,0.006,0.0055,0.005,0.005
SIV,24/07/2026,0.15,0.15,0.15,0.15,0,0.15,0.15,0.15,0.15,0.15,0.15,0.15,0.15,0.15,0.15,0.15,0.15,0.15,0.15,0.15,0.15,0.15,0.15,0.15,0.15,0.15,0.15,0.15,0.15,0.15,0.15,0.15,0.15,0.15,0.15,0.15,0.15,0.15,0.15,0.15,0.15,0.15,0,0.15,0.15,0.15,0.15,0.15,0.15,0.15,0.15,0.15,0.15,0.15,0.15,0.15,0.15,0.15
SIX,24/07/2026,0.07,0.071,0.07,0.071,29911,0.045,0.047,0.045,0.046,0.046,0.05,0.049,0.048,0.048,0.05,0.052,0.05,0.05,0.05,0.057,0.058,0.058,0.058,0.058,0.054,0.054,0.06,0.06,0.091,0.086,0.088,0.089,0.075,0.074,0.07,0.069,0.068,0.067,0.067,0.064,0.067,0.071,0.071,0.075,0.074,0.071,0.072,0.068,0.07,0.068,0.06,0.06,0.07,0.08,0.083,0.072,0.072,0.071
SK1,24/07/2026,2.66,2.66,2.43,2.65,138530,0,0,0,0,0,0,0,0,0,0,0,0,0,0,0,0,0,0,0,0,0,0,0,0,0,0,0,0,0,0,0,0,0,0,0,0,0,0,0,0,0,0,0,2.4,2.25,2.2,2.2,2.32,2.3,2.53,2.73,2.75,2.65
SKC,24/07/2026,0.535,0.535,0.5175,0.52,277831,0.94,0.895,0.9,0.9,0.64,0.625,0.625,0.6,0.59,0.57,0.635,0.66,0.65,0.63,0.635,0.66,0.73,0.725,0.725,0.735,0.725,0.77,0.79,0.775,0.785,0.825,0.81,0.805,0.76,0.74,0.7,0.69,0.69,0.66,0.61,0.61,0.58,0.58,0.55,0.535,0.51,0.53,0.475,0.425,0.415,0.415,0.38,0.47,0.46,0.465,0.445,0.47,0.52
SKG,24/07/2026,1.3,1.305,1.27,1.28,542532,0,0,0,0,0,0,0,0,0,0,0,0,0,0,0,0,0,0,0,0,0,0,0,0,0,0,0,0,0,0,0,0,0,0,0,0,0,0,0,0,0,0,0,0,0,0,0,0,0,0,1.28,1.315,1.28
SKK,24/07/2026,0.022,0.023,0.0215,0.022,15844957,0.006,0.006,0.006,0.007,0.008,0.008,0.007,0.006,0.031,0.031,0.06,0.05,0.053,0.065,0.056,0.043,0.043,0.042,0.037,0.037,0.032,0.031,0.035,0.037,0.038,0.033,0.033,0.027,0.026,0.024,0.021,0.02,0.021,0.02,0.017,0.018,0.018,0.02,0.023,0.021,0.02,0.021,0.023,0.019,0.019,0.03,0.028,0.028,0.022,0.026,0.026,0.024,0.022
SKM,24/07/2026,0.295,0.295,0.28,0.285,179642,0.18,0.18,0.195,0.195,0.18,0.195,0.18,0.19,0.195,0.2,0.215,0.205,0.21,0.21,0.21,0.2,0.2,0.19,0.285,0.27,0.23,0.23,0.26,0.26,0.28,0.28,0.29,0.27,0.265,0.29,0.285,0.33,0.345,0.33,0.285,0.24,0.24,0.28,0.275,0.27,0.255,0.28,0.315,0.27,0.275,0.25,0.255,0.245,0.215,0.29,0.295,0.29,0.285
SKN,24/07/2026,0.005,0.005,0.005,0.005,21,0.003,0.003,0.003,0.003,0.003,0.003,0.002,0.002,0.002,0.002,0.003,0.003,0.006,0.007,0.006,0.005,0.006,0.005,0.005,0.005,0.006,0.004,0.005,0.005,0.005,0.005,0.005,0.004,0.004,0.004,0.005,0.006,0.006,0.006,0.005,0.005,0.004,0.005,0.005,0.006,0.006,0.006,0.006,0.007,0.006,0.006,0.006,0.005,0.006,0.005,0.007,0.006,0.005
SKO,24/07/2026,1.06,1.06,1.06,1.06,2690,2.62,2.6,2.5,2.31,2.29,2.2,2.33,2.57,2.34,2.3,2.3,2.41,2.57,2.32,2.43,2.03,2.34,2.22,2.36,2.4,2.55,2.54,2.54,2.61,2.65,2.62,2.55,2.4,2.37,1.985,1.96,1.535,1.565,1.755,1.5,1.2,1.415,0,1.43,1.43,1.35,1.235,1.2,1.315,1.32,1.235,1.28,1.33,1.16,1.175,1.22,1.22,1.06
SKS,24/07/2026,8.4,8.55,8.03,8.29,225321,2.26,2.28,2.5,2.6,2.75,2.88,2.93,3.16,3.45,3.88,4.13,4.42,3.92,3.94,3.8,3.45,3.28,3.47,4.15,4.29,4.1,4.1,3.93,3.95,3.86,4.1,3.78,3.53,3.92,4.08,4.71,4.44,4.39,4.55,3.89,3.9,4.2,4.9,5.67,6.9,6.45,8.04,8.3,7.95,9.1,8.6,7.91,9.3,9.27,8.51,8.34,8.36,8.29
SKT,24/07/2026,2.75,2.75,2.75,2.75,7,2.87,2.8,2.79,2.58,2.84,2.89,2.77,2.71,2.86,2.74,2.82,2.99,3.06,3.03,3.15,3.1,2.99,3.11,3.06,3.02,2.92,2.89,2.93,2.94,2.97,2.95,2.96,2.84,2.76,2.65,2.76,2.76,2.89,2.7,2.66,2.52,2.58,2.56,2.62,2.67,2.61,2.61,2.61,2.52,2.73,2.53,2.51,2.6,2.64,2.78,2.76,2.74,2.75
SKUK,24/07/2026,0.96,0.96,0.96,0.96,425,1.03,1.05,1.055,1.06,1.06,1.055,1.055,1.065,1.065,1.065,1.06,1.065,1.0625,1.075,1.075,1.075,1.075,1.075,1.07,1.07,1.055,1.055,1.055,1.05,1.05,1.05,1.04,1.01,1.0025,1,1.005,1.005,1,1,0.99,0.99,0.99,0.98,0.99,0.995,1.005,1,0.985,1,1,1,1.02,1.015,1.015,0.95,0.96,0.95,0.96
SKY,24/07/2026,0.225,0.23,0.215,0.215,1762960,0.081,0.068,0.073,0.074,0.073,0.082,0.081,0.075,0.074,0.076,0.09,0.078,0.075,0.074,0.071,0.069,0.069,0.0675,0.079,0.075,0.074,0.074,0.075,0.088,0.11,0.145,0.16,0.17,0.16,0.17,0.185,0.175,0.175,0.18,0.155,0.145,0.135,0.18,0.22,0.2,0.18,0.185,0.25,0.23,0.235,0.225,0.22,0.225,0.205,0.26,0.26,0.23,0.215
SLA,24/07/2026,0.076,0.08,0.076,0.08,17239,0.245,0.23,0.24,0.23,0.215,0.19,0.2,0.205,0.18,0.175,0.18,0.19,0.19,0.185,0.185,0.185,0.2,0.19,0.22,0.19,0.18,0.18,0.185,0.1875,0.2,0.2,0.21,0.185,0.185,0.185,0.19,0.185,0.18,0.145,0.145,0.14,0.15,0.145,0.14,0.125,0.125,0.14,0.12,0.12,0.11,0.12,0.098,0.1,0.09,0.087,0.077,0.08,0.08
SLB,24/07/2026,0.2,0.22,0.195,0.215,219076,0.059,0.061,0.06,0.057,0.057,0.057,0.064,0.064,0.06,0.06,0.072,0.078,0.09,0.09,0.078,0.073,0.07,0.07,0.065,0.069,0.067,0.068,0.069,0.072,0.064,0.07,0.072,0.068,0.071,0.072,0.069,0.066,0.07,0.065,0.058,0.06,0.061,0.068,0.068,0.072,0.075,0.075,0.115,0.125,0.14,0.14,0.135,0.12,0.11,0.125,0.15,0.14,0.215
SLC,24/07/2026,3.12,3.16,3.09,3.09,1879341,3.13,3.35,3.34,3.28,2.96,2.88,2.91,3.05,3.21,3.32,3.25,3.09,3.2,3.2,3.12,2.98,2.77,2.42,2.81,2.63,2.57,2.52,2.55,2.55,2.43,2.4,2.42,2.3,2.3,2.34,2.76,2.95,2.93,3.05,3.18,3.22,3.12,3.23,3.4,3.41,3.4,3.49,3.48,3.51,3.47,3.57,3.64,3.48,3.29,3.1,3.09,3.12,3.09
SLD,24/07/2026,0.44,0.44,0.385,0.4,619070,0,0,0,0,0,0,0,0,0,0,0,0,0,0,0,0,0,0,0,1.27,1.5,1.385,1.45,1.425,1.185,1.25,1.215,1.235,1.13,1.04,1.015,1.04,0.97,0.915,0.805,0.81,0.795,0.775,0.665,0.66,0.61,0.505,0.48,0.445,0.36,0.47,0.415,0.39,0.4,0.52,0.52,0.515,0.4
SLF,24/07/2026,12.47,12.47,12.24,12.29,15026,13.76,13.88,14.29,14.41,14.55,14.65,14.41,14.71,14.54,14.16,14.44,14.25,14.56,14.76,14.24,13.85,13.47,13.4,13.65,13.48,13.6,13.63,14.04,13.74,13.58,13.85,13.51,13.36,12.86,13.13,13.12,12.92,12.34,11.74,11.59,11.43,11.485,12.02,12.4,12.7,12.53,12.47,12.62,12.47,12.76,12.41,13.08,13.1,13.34,12.61,12.41,12.25,12.29
SLM,24/07/2026,0.086,0.086,0.08,0.08,2209968,0.083,0.075,0.097,0.12,0.11,0.091,0.08,0.085,0.089,0.08,0.083,0.078,0.061,0.051,0.054,0.048,0.048,0.047,0.045,0.046,0.044,0,0,0.044,0.046,0.049,0.044,0.04,0.037,0.037,0.036,0.043,0.04,0.039,0.035,0.036,0.033,0.03,0.031,0.078,0.08,0.086,0.095,0.085,0.12,0.115,0.13,0.115,0.12,0.098,0.097,0.084,0.08
SLS,24/07/2026,2.42,2.42,2.24,2.36,394783,0.24,0.24,0.245,0.235,0.23,0.265,0.295,0.315,0.37,0.36,0.33,0.325,0.35,0.315,0.315,0.285,0.285,0.285,0.295,0.34,0.335,0.36,0.37,0.38,0.4,0.42,0.445,0.455,1.17,0.925,1.18,0.995,0.97,0.875,0.89,1,1.03,1.11,1.245,1.265,1.66,1.335,1.35,1.35,1.485,1.55,1.45,1.64,2.02,2.15,2.2,2.11,2.36
SLVM,24/07/2026,34.39,34.39,33.49,33.56,7207,0,0,0,0,0,0,0,0,0,0,0,0,0,0,0,0,0,0,0,0,0,0,0,0,0,0,0,48.51,41.09,43.49,46.36,51.18,46.8,44.3,37.99,38.02,41.26,43.95,42.46,41,38.54,41.48,41.41,38.87,39.5,38.3,35.05,36.38,34.43,37.76,34.45,32.18,33.56
SLX,24/07/2026,4.78,4.82,4.61,4.66,933503,4.8,4.24,3.95,3.85,3.72,4.15,3.95,3.92,5.77,6.55,7.13,7.27,7.86,9.22,10.34,8.68,8.54,7.6,8.61,9.28,8.4,8.06,8.62,8.91,6.64,6.5,7.15,6.98,6.08,6.65,7.01,6.9,5.97,5.82,5.23,5.3,5.17,5.71,5.96,6.33,5.7,5.84,5.58,5.96,6.17,6.04,5.11,5.74,5.37,5.51,5.7,4.5,4.66
SLZ,24/07/2026,0.007,0.007,0.007,0.007,0,0.005,0.005,0.006,0.006,0.005,0.008,0.007,0.007,0.006,0.007,0.008,0.011,0.014,0.012,0.01,0.008,0.009,0.008,0.009,0.01,0.01,0.009,0.009,0.01,0.013,0.012,0.015,0.015,0.015,0.015,0.015,0.015,0.013,0.012,0.011,0.01,0.01,0.012,0.01,0.011,0.01,0.011,0.01,0.01,0.009,0.008,0.008,0.007,0.007,0.009,0.007,0.007,0.007
SLZO,24/07/2026,0.003,0.003,0.002,0.002,1000000,0.001,0.001,0.001,0.001,0.001,0.001,0.001,0.001,0.002,0.002,0.003,0.003,0.006,0.005,0.004,0.003,0.003,0.003,0.002,0.002,0.003,0.004,0,0.005,0.003,0.004,0.005,0.007,0.004,0.006,0.007,0.007,0.007,0.005,0.005,0.004,0,0,0.005,0.005,0.005,0.004,0.003,0.003,0.003,0.003,0.003,0.003,0.002,0.003,0,0.003,0.002
SM1,24/07/2026,0.315,0.315,0.315,0.315,0,0.58,0.53,0.55,0.54,0.64,0.69,0.67,0.64,0.62,0.625,0.75,0.675,0.685,0.67,0.605,0.645,0.6,0.58,0.6,0.59,0.585,0.55,0.53,0.56,0.52,0.55,0.55,0.515,0.45,0.41,0.415,0.395,0.395,0.39,0.41,0.42,0.37,0.345,0.37,0.355,0.35,0.36,0.38,0.355,0.36,0.345,0.345,0.345,0.33,0.315,0.29,0.3,0.315
SMI,24/07/2026,0.42,0.42,0.405,0.405,2205829,0.595,0.575,0.63,0.6,0.58,0.63,0.71,0.8,0.765,0.785,0.78,0.77,0.955,0.81,0.75,0.825,0.87,0.795,0.84,0.81,0.8,0.845,0.915,0.89,0.98,1.08,1.17,1.09,0.98,0.985,0.91,0.92,0.85,0.815,0.825,0.665,0.675,0.68,0.665,0.66,0.57,0.63,0.625,0.58,0.56,0.56,0.565,0.575,0.465,0.475,0.45,0.425,0.405
SMLL,24/07/2026,4.16,4.16,4.09,4.11,58294,3.72,3.67,3.89,3.93,4.01,4.2,4.28,4.35,4.32,4.35,4.51,4.51,4.65,4.51,4.58,4.52,4.62,4.46,4.71,4.56,4.62,4.67,4.77,4.68,4.73,4.88,5,4.89,4.56,4.64,4.75,4.82,4.56,4.35,4.11,4.17,4.24,4.36,4.35,4.33,4.26,4.26,4.25,4.13,4.2,4.12,4.22,4.31,4.17,4.19,4.11,4.08,4.11
SMM,24/07/2026,0.008,0.008,0.008,0.008,0,0.018,0.014,0.016,0.018,0.015,0.015,0.013,0.012,0.013,0.013,0.015,0.017,0.015,0.016,0.0155,0.013,0.014,0.012,0.013,0.014,0.0125,0.013,0.013,0.014,0.017,0.018,0.018,0.0175,0.016,0.016,0.02,0.0225,0.019,0.0195,0.016,0.016,0.017,0.018,0.017,0.017,0.017,0.016,0.015,0.014,0.013,0.008,0.008,0.009,0.007,0.008,0.007,0.007,0.008
SMN,24/07/2026,0.39,0.39,0.375,0.375,39514,0.565,0.54,0.555,0.5,0.505,0.46,0.435,0.435,0.395,0.385,0.485,0.45,0.4,0.37,0.46,0.42,0.39,0.37,0.4,0.39,0.425,0.345,0.38,0.35,0.41,0.375,0.395,0.415,0.415,0.425,0.415,0.425,0.37,0.41,0.4,0.375,0.385,0.385,0.365,0.41,0.4,0.38,0.395,0.41,0.425,0.43,0.415,0.385,0.38,0.385,0.38,0.37,0.375
SMNOA,24/07/2026,0.085,0.085,0.085,0.085,0,0.16,0.15,0.16,0.15,0.14,0.12,0.12,0.135,0.1,0.125,0.145,0.145,0.1,0.16,0.16,0.16,0.11,0.11,0.11,0.11,0.1,0.095,0,0.1,0.1,0.09,0.09,0.09,0.09,0.09,0.085,0.076,0.07,0.082,0.082,0.082,0,0,0.082,0.082,0.082,0.082,0.082,0.075,0.1,0.099,0.099,0.099,0.099,0.1,0,0.08,0.085
SMR,24/07/2026,2.87,2.9,2.8,2.85,1377328,2.36,2.13,2.4,2.36,2.18,1.865,1.79,1.76,1.955,2.02,2.29,2.28,2.29,2.11,2.15,2.18,2.24,2.09,2.3,2.47,2.44,2.38,2.37,2.4,2.6,3,3.06,3.01,2.78,2.53,2.63,2.64,2.8,2.86,2.71,2.8,2.59,2.56,2.33,2.21,2.32,2.34,2.31,2.42,2.75,2.88,2.69,2.46,2.39,2.3,2.35,2.69,2.85
SMS,24/07/2026,0.04,0.042,0.038,0.042,26163,0.03,0.025,0.026,0.044,0.06,0.055,0.053,0.048,0.046,0.046,0.052,0.051,0.063,0.05,0.054,0.043,0.047,0.045,0.044,0.042,0.041,0.041,0.042,0.042,0.045,0.05,0.069,0.073,0.06,0.062,0.061,0.062,0.062,0.06,0.05,0.05,0.048,0.055,0.051,0.053,0.05,0.053,0.053,0.053,0.045,0.04,0.045,0.043,0.037,0.039,0.036,0.035,0.042
SMX,24/07/2026,0.017,0.018,0.017,0.018,417079,0.015,0.014,0.015,0.0155,0.017,0.02,0.018,0.019,0.02,0.02,0.019,0.017,0.022,0.023,0.021,0.021,0.021,0.021,0.023,0.024,0.02,0.019,0.022,0.023,0.023,0.023,0.025,0.027,0.022,0.024,0.023,0.023,0.024,0.024,0.021,0.021,0.019,0.023,0.022,0.024,0.022,0.02,0.019,0.016,0.015,0.017,0.019,0.0175,0.015,0.017,0.016,0.018,0.018
SNAS,24/07/2026,11.55,11.75,11.54,11.7,956413,18.95,19.14,18.68,17.91,19.27,18.25,18.14,17.68,16.96,17.05,16.21,16,16.94,15.93,14.67,15.93,16.25,17.62,15.73,15.2,15.25,16.16,15.43,15.67,15.57,15.39,15.49,15.21,17.24,16.7,16.48,16.28,16.15,16.98,17.32,18.38,18.44,15.92,14.16,13.37,12.75,11.51,11.01,10.8,10.18,10.28,10.78,10.13,11.11,10.62,10.63,11.51,11.7
SNC,24/07/2026,0.695,0.7,0.69,0.7,45039,0.85,0.885,0.91,0.9,0.89,0.91,0.9,0.91,0.915,0.955,0.96,0.96,0.945,0.935,0.935,0.93,0.93,0.92,0.9,0.9,0.89,0.875,0.885,0.91,0.935,0.915,0.89,0.895,0.89,0.875,0.86,0.83,0.795,0.765,0.805,0.77,0.81,0.78,0.775,0.755,0.765,0.77,0.78,0.79,0.78,0.78,0.75,0.74,0.735,0.735,0.7,0.69,0.7
SNCHA,24/07/2026,101,101,101,101,1500,97.3,98.45,98.48,98.8,98.9,97.8,98.45,98.45,99.8,98.5,98.5,99.92,100,99.52,100.1,100.01,100.2,100.2,100.2,100.35,98.7,98.55,0,98.5,99.49,99,99,99,99,99.2,99.2,99.9,99.9,99.9,100.2,100,0,0,100.5,100.5,101,101,101,101.001,102,100,100,100,100.05,100.05,0,100.75,101
SND,24/07/2026,1.04,1.04,1.04,1.04,0,0.85,0.83,0.82,0.815,0.8,0.81,0.8,0.74,0.71,0.775,0.83,0.83,0.83,0.81,0.825,0.74,0.78,0.8,0.82,0.81,0.78,0.805,0.81,0.81,0.89,0.88,0.975,0.96,0.945,0.915,0.925,0.84,0.86,0.88,0.85,0.865,0.88,0.85,0.85,0.82,0.83,0.85,0.84,0.865,0.905,1.05,1.04,1.1,1.05,1.05,1.01,1.045,1.04
SNG,24/07/2026,0.051,0.051,0.048,0.048,77800,0.053,0.051,0.059,0.059,0.055,0.066,0.072,0.074,0.068,0.079,0.11,0.14,0.115,0.105,0.12,0.105,0.115,0.11,0.115,0.12,0.094,0.095,0.096,0.098,0.1,0.115,0.12,0.11,0.098,0.098,0.094,0.099,0.09,0.092,0.085,0.082,0.08,0.082,0.077,0.081,0.081,0.08,0.083,0.057,0.059,0.053,0.052,0.05,0.048,0.047,0.048,0.049,0.048
SNL,24/07/2026,31.7,34.39,30.95,33.06,97779,38.49,36.6,37.36,37.21,40.39,37.5,35.48,35.26,34.29,34.31,35.51,34.96,34.75,36.93,35.27,33.14,32.08,32.55,34.18,32.96,31.93,32.99,32.1,32.11,33.64,34.3,35.16,36.96,35.12,32.97,34.96,35.51,34.26,31.75,33,32.46,31.44,33.51,32.37,32.32,32.14,32.32,30.9,29.16,31,31.21,32.5,33.46,32.3,32.16,31.71,32.34,33.06
SNM,24/07/2026,0.55,0.55,0.55,0.55,5200,0,0,0,0,0,0,0,0,0,0,0,0,0,0,0.315,0.3,0.345,0.32,0.34,0.31,0.34,0.36,0.3925,0.465,0.45,0.44,0.515,0.53,0.545,0.7,0.65,0.77,0.62,0.57,0.535,0.53,0.56,0.65,0.62,0.64,0.62,0.655,0.65,0.665,0.735,0.69,0.625,0.64,0.68,0.62,0.595,0.54,0.55
SNS,24/07/2026,0.029,0.029,0.028,0.028,1027778,0.03,0.03,0.029,0.028,0.028,0.04,0.069,0.075,0.079,0.073,0.078,0.07,0.092,0.11,0.105,0.096,0.105,0.11,0.098,0.093,0.085,0.082,0.087,0.086,0.084,0.08,0.071,0.054,0.048,0.048,0.055,0.054,0.057,0.05,0.042,0.044,0.043,0.041,0.038,0.039,0.034,0.03,0.03,0.029,0.028,0.029,0.029,0.028,0.026,0.024,0.026,0.026,0.028
SNT,24/07/2026,0.023,0.023,0.022,0.022,281859,0.056,0.06,0.057,0.027,0.027,0.027,0.025,0.025,0.026,0.025,0.035,0.034,0.031,0.031,0.03,0.03,0.03,0.029,0.032,0.031,0.033,0.03,0.033,0.034,0.033,0.036,0.036,0.032,0.035,0.032,0.034,0.031,0.031,0.029,0.031,0.031,0.031,0.0335,0.034,0.032,0.029,0.0255,0.026,0.026,0.027,0.025,0.024,0.025,0.019,0.023,0.023,0.024,0.022
SNX,24/07/2026,0.077,0.077,0.071,0.071,898378,0.02,0.02,0.021,0.02,0.023,0.032,0.037,0.036,0.037,0.056,0.055,0.048,0.05,0.045,0.037,0.035,0.032,0.025,0.026,0.029,0.027,0.027,0.028,0.034,0.042,0.037,0.035,0.037,0.054,0.053,0.05,0.049,0.05,0.055,0.038,0.04,0.038,0.042,0.048,0.058,0.067,0.066,0.07,0.071,0.065,0.058,0.072,0.074,0.07,0.08,0.068,0.067,0.071
SNZ,24/07/2026,6.71,6.71,6.71,6.71,0,10.7,10.3,10.2,10,9.85,9.94,9.78,9.91,9.91,9.56,9.42,9.99,10.02,10.49,10.2,10.02,10.6,10.8,10.83,11.13,10.65,10.06,10.2,10.52,10.5,10.1,10.2,9.95,9.7,9.5,8.83,8.78,8.7,8.5,7.7,7.66,7.41,7.4,6.73,6.96,6.64,6.57,5.93,6.24,6.3,6.84,6.93,6.98,7.02,7.18,7.34,7,6.71
SOC,24/07/2026,0.044,0.044,0.044,0.044,0,0.062,0.061,0.061,0.066,0.066,0.063,0.069,0.069,0.069,0.058,0.057,0.057,0.063,0.06,0.06,0.06,0.06,0.049,0.049,0.053,0.055,0.055,0.048,0.048,0.048,0.05,0.053,0.059,0.062,0.062,0.059,0.056,0.056,0.054,0.054,0.054,0.054,0.05,0.05,0.05,0.05,0.05,0.05,0.048,0.048,0.048,0.048,0.045,0.041,0.04,0.04,0.04,0.044
SOL,24/07/2026,45.62,45.97,45.09,45.47,446059,40.22,40.32,42.05,42.65,42.16,43.76,43.96,42.51,0,38.68,38.93,38.73,37.94,37.53,37.6,37.52,36.57,36.41,37.82,36.24,35.62,35.85,36.34,37.39,37.92,38.14,38.35,38.59,37.01,37.9,37.94,38.25,38.12,38.56,38.5,40.26,41.34,42.98,43.27,42.25,42.54,43.54,42.61,42.41,43.5,42.91,44.36,44.16,45.43,45.5,44.02,46.15,45.47
SOM,24/07/2026,0.47,0.47,0.45,0.45,859,0.685,0.835,0.825,0.73,0.73,0.795,0.71,0.74,0.73,0.75,0.865,0.84,0.79,0.88,0.85,0.77,0.78,0.79,0.795,0.79,0.78,0.8,0.765,0.77,0.72,0.7,0.64,0.67,0.605,0.705,0.67,0.73,0.675,0.66,0.6375,0.645,0.59,0,0.6,0.625,0.57,0.6,0.57,0.55,0.575,0.6,0.525,0.555,0.535,0.505,0.49,0.46,0.45
SOP,24/07/2026,0.043,0.043,0.043,0.043,485335,0.028,0.03,0.026,0.026,0.026,0.027,0.027,0.028,0.026,0.028,0.027,0.024,0.024,0.027,0.025,0.021,0.021,0.02,0.023,0.021,0.02,0.019,0.019,0.02,0.02,0.02,0.02,0.024,0.026,0.024,0.025,0.026,0.023,0.024,0.024,0.03,0.03,0.029,0.028,0.024,0.023,0.024,0.025,0.025,0.024,0.026,0.027,0.029,0.028,0.032,0.039,0.046,0.043
SOR,24/07/2026,0.035,0.036,0.034,0.036,160874,0.033,0.031,0.031,0.04,0.043,0.043,0.055,0.053,0.055,0.061,0.059,0.073,0.073,0.0695,0.059,0.053,0.059,0.061,0.054,0.056,0.054,0.05,0.057,0.053,0.062,0.057,0.056,0.054,0.051,0.047,0.045,0.045,0.042,0.039,0.036,0.035,0.04,0.037,0.038,0.0395,0.035,0.039,0.039,0.035,0.034,0.038,0.036,0.034,0.033,0.034,0.034,0.033,0.036
SP3,24/07/2026,0.012,0.012,0.012,0.012,0,0.014,0.016,0.019,0.02,0.021,0.022,0.032,0.035,0.031,0.028,0.026,0.027,0.027,0.034,0.028,0.031,0.028,0.029,0.029,0.03,0.034,0.033,0.033,0.031,0.03,0.03,0.027,0.029,0.027,0.026,0.023,0.02,0.017,0.013,0.016,0.016,0.017,0,0.017,0.018,0.018,0.016,0.016,0.015,0.015,0.015,0.011,0.011,0.012,0.013,0.014,0.013,0.012
SP8,24/07/2026,0.009,0.009,0.009,0.009,506941,0.008,0.007,0.0075,0.007,0.007,0.008,0.008,0.007,0.01,0.01,0.014,0.013,0.01,0.011,0.012,0.011,0.011,0.012,0.011,0.011,0.01,0.011,0.01,0.01,0.01,0.01,0.009,0.01,0.01,0.009,0.009,0.011,0.01,0.01,0.009,0.009,0.009,0,0.009,0.012,0.01,0.011,0.01,0.01,0.01,0.009,0.009,0.009,0.008,0.008,0.008,0.008,0.009
SPA,24/07/2026,0.089,0.089,0.085,0.085,170529,0.15,0.15,0.15,0.13,0.125,0.14,0.13,0.14,0.145,0.135,0.145,0.15,0.18,0.14,0.12,0.125,0.135,0.1275,0.115,0.105,0.11,0.11,0.105,0.11,0.115,0.11,0.1,0.1,0.096,0.095,0.1,0.082,0.08,0.072,0.08,0.065,0.061,0.062,0.059,0.066,0.089,0.082,0.081,0.078,0.083,0.081,0.084,0.083,0.125,0.115,0.095,0.09,0.085
SPD,24/07/2026,1.265,1.325,1.245,1.3,118207,0.645,0.665,0.675,0.655,0.6,0.6,0.66,0.585,0.62,0.92,1.02,1.285,1.25,1.1,1.05,0.96,1.165,0.965,1.145,1.185,1.565,2.01,2.6,2.41,2.2,2.3,2.57,2,2.03,2.21,1.85,2.16,1.715,1.58,1.325,1.425,1.465,1.63,1.775,1.94,1.57,1.625,1.625,1.51,1.46,1.255,1.2,1.1,0.99,1.07,1.365,1.335,1.3
SPG,24/07/2026,0.085,0.089,0.085,0.089,172400,0.31,0.4,0.44,0.45,0.41,0.445,0.435,0.42,0.4,0.48,0.45,0.43,0.44,0.45,0.405,0.37,0.41,0.38,0.395,0.39,0.41,0.39,0.4,0.44,0.41,0.37,0.34,0.315,0.31,0.34,0.425,0.33,0.35,0.305,0.305,0.305,0.3,0.355,0.395,0.35,0.34,0.345,0.115,0.105,0.105,0.115,0.105,0.097,0.095,0.096,0.1,0.095,0.089
SPHX,24/07/2026,10.8,10.8,10.8,10.8,0,0,0,0,0,0,0,0,0,0,0,0,0,0,0,0,0,0,0,0,0,0,0,0,0,0,0,0,0,0,0,0,0,0,0,0,0,0,0,11.17,11.13,11.12,11.05,10.88,10.71,10.95,10.93,11.14,11.14,10.88,10.78,10.7,10.79,10.8
SPK,24/07/2026,1.54,1.55,1.525,1.535,714813,2.28,2.24,2.37,2.29,2.34,2.32,2.3,2.11,2.11,2.07,2.08,2.15,2.09,2.12,2.14,2.01,1.985,1.95,1.99,1.975,1.965,1.945,1.965,1.955,1.98,2.01,1.925,1.96,1.9,1.82,1.855,1.92,1.93,1.86,1.745,1.73,1.73,1.795,1.75,1.72,1.705,1.73,1.645,1.64,1.625,1.53,1.6,1.505,1.535,1.515,1.55,1.53,1.535
SPL,24/07/2026,0.69,0.72,0.69,0.69,1831701,0.096,0.096,0.1,0.135,0.135,0.125,0.13,0.12,0.13,0.22,0.34,0.275,0.26,0.325,0.3425,0.33,0.42,0.385,0.405,0.395,0.365,0.32,0.385,0.365,0.38,0.3575,0.35,0.38,0.37,0.49,0.5,0.46,0.405,0.41,0.47,0.47,0.5,0.515,0.695,0.72,0.71,0.72,0.62,0.62,0.7,0.755,0.68,0.695,0.695,0.735,0.735,0.71,0.69
SPLR,24/07/2026,0.095,0.135,0.095,0.125,3802459,0,0,0,0,0,0,0,0,0,0,0,0,0,0,0,0,0,0,0,0,0,0,0,0,0,0,0,0,0,0,0,0,0,0,0,0,0,0,0,0,0,0,0,0,0,0,0,0,0,0,0,0.13,0.125
SPN,24/07/2026,0.26,0.26,0.24,0.25,88975,0.155,0.15,0.14,0.155,0.15,0.15,0.1525,0.145,0.15,0.145,0.165,0.165,0.16,0.155,0.15,0.145,0.15,0.155,0.155,0.16,0.155,0.19,0.2,0.19,0.185,0.205,0.24,0.215,0.21,0.19,0.205,0.21,0.18,0.185,0.17,0.18,0.175,0.29,0.34,0.365,0.39,0.305,0.225,0.27,0.3,0.28,0.34,0.305,0.285,0.295,0.27,0.24,0.25
SPPHA,24/07/2026,103.3,103.301,103.3,103.3,10603,0,0,0,0,0,0,0,0,0,0,0,0,0,0,0,0,0,0,0,0,99.29,100.25,0,100.35,101.5,101.3,101.3,101,101.01,100.85,100.6,100.5,100.6,98.5,100.88,100.8,0,0,101.55,101.3,101,102.49,102,101.5,101.82,102,100.89,101.15,102.71,102.7,0,103.1,103.3
SPQ,24/07/2026,0.004,0.004,0.004,0.004,0,0.005,0.005,0.005,0.005,0.005,0.005,0.0045,0.006,0.006,0.008,0.008,0.012,0.01,0.012,0.01,0.01,0.011,0.009,0.01,0.009,0.009,0.006,0.007,0.007,0.007,0.0075,0.007,0.007,0.006,0.006,0.006,0.0055,0.007,0.006,0.005,0.0055,0.005,0,0.005,0.006,0.006,0.006,0.006,0.005,0.005,0.0055,0.004,0.0045,0.004,0.0045,0.0045,0.005,0.004
SPX,24/07/2026,0.004,0.004,0.004,0.004,565190,0.007,0.007,0.008,0.008,0.007,0.007,0.006,0.005,0.005,0.004,0.004,0.004,0.0035,0.0035,0.003,0.003,0.004,0.003,0.003,0.0035,0.003,0.0025,0.0025,0.003,0.0025,0.003,0.002,0.002,0.003,0.003,0.003,0.003,0.0025,0.002,0.002,0.002,0.002,0.002,0.0015,0.002,0.0015,0.0015,0,0.021,0.017,0.017,0.004,0.003,0.003,0.003,0.003,0.004,0.004
SPXOB,24/07/2026,0.001,0.001,0.001,0.001,0,0,0,0,0,0,0,0,0,0,0,0,0,0,0,0,0,0,0,0,0,0,0,0,0,0,0,0,0,0,0,0,0,0,0,0,0,0,0,0,0,0,0,0,0,0,0,0,0,0,0,0,0.001,0.001
SPY,24/07/2026,1062.19,1062.19,1058,1058.8,478,966.89,980.73,971.85,995.1,990.12,992.49,996.1,988.43,1002.11,1006.09,1017.8,1023.27,1016.01,1035.78,1045.34,1035.74,1027.95,1015.93,1044,1036.44,1034.84,1022.25,1024.86,1023.33,1030.27,1035.4,1008.36,987.61,971.5,962.39,975.52,965.2,971.45,945.59,929.84,938.7,941,961.84,979.89,995.75,1001.49,1015.68,1037,1043.95,1054.59,1058.17,1048.88,1061.36,1056.46,1077.14,1080.29,1066,1058.8
SPZ,24/07/2026,0.68,0.68,0.645,0.65,413648,0.83,0.8,0.8,0.805,0.9,0.995,0.96,0.93,0.935,0.92,1.135,1.145,1.05,1.105,1.26,1.25,1.275,1.305,1.4,1.37,1.34,1.28,1.28,1.31,1.22,1.27,1.27,1.3,1.3,1.37,1.3,1.295,1.125,1.145,1.08,1.07,1.02,1.1,0.94,0.865,0.86,0.85,0.91,0.8,0.855,0.8,0.805,0.79,0.84,0.82,0.785,0.715,0.65
SQX,24/07/2026,0.059,0.059,0.059,0.059,0,0.11,0.1,0.1,0.1,0.105,0.105,0.105,0.105,0.12,0.115,0.115,0.165,0.2,0.17,0.145,0.13,0.175,0.155,0.14,0.15,0.14,0.13,0.14,0.14,0.15,0.18,0.195,0.195,0.175,0.175,0.17,0.19,0.18,0.165,0.135,0.17,0.15,0.14,0.13,0.105,0.105,0.1,0.105,0.087,0.067,0.064,0.064,0.06,0.056,0.051,0.048,0.049,0.059
SRG,24/07/2026,3.52,3.52,3.39,3.42,885662,1.64,1.66,1.61,1.605,1.935,1.965,1.96,1.98,2.06,1.985,2.04,2.05,2.74,2.85,2.75,2.66,2.58,2.64,2.88,2.89,2.86,2.96,3.01,2.98,3,3.13,3,3.02,2.86,2.91,2.81,2.9,2.7,2.52,2.5,2.47,2.54,2.76,2.95,2.94,2.96,3.06,3.15,3.04,3.14,3.82,3.8,3.97,4.02,3.79,3.58,3.5,3.42
SRH,24/07/2026,0.086,0.086,0.086,0.086,12288,0.089,0.087,0.087,0.1,0.089,0.087,0.094,0.099,0.1,0.105,0.087,0.088,0.135,0.11,0.094,0.094,0.095,0.094,0.098,0.099,0.105,0.1,0.105,0.105,0.105,0.105,0.1,0.1,0.1,0.089,0.091,0.095,0.096,0.096,0.096,0.081,0.088,0.087,0.086,0.09,0.115,0.11,0.1,0.097,0.097,0.1,0.115,0.1,0.105,0.096,0.097,0.097,0.086
SRJ,24/07/2026,0.0105,0.0105,0.009,0.01,14786644,0.004,0.004,0.006,0.007,0.008,0.006,0.008,0.015,0.017,0.019,0.022,0.02,0.019,0.016,0.016,0.015,0.012,0.013,0.017,0.015,0.018,0.014,0.014,0.015,0.016,0.017,0.014,0.013,0.012,0.012,0.012,0.012,0.011,0.0115,0.01,0.009,0.009,0.009,0.008,0.01,0.01,0.011,0.0105,0.013,0.013,0.016,0.013,0.013,0.011,0.013,0.011,0.012,0.01
SRK,24/07/2026,0.023,0.023,0.023,0.023,0,0.034,0.035,0.033,0.029,0.03,0.03,0.032,0.033,0.029,0.045,0.046,0.045,0.042,0.042,0.045,0.038,0.035,0.032,0.038,0.04,0.04,0.037,0.04,0.036,0.039,0.042,0.047,0.045,0.042,0.042,0.041,0.043,0.043,0.041,0.035,0.031,0.034,0,0.034,0.036,0.032,0.032,0.03,0.027,0.034,0.03,0.026,0.026,0.024,0.027,0.027,0.024,0.023
SRL,24/07/2026,15.2,15.29,14.48,14.8,381114,1.2,1.305,1.2,1.325,1.68,1.745,2,2.9,3.9,4.78,5.78,4.43,5.83,5.03,4.5,4.43,4.16,4.26,6.62,7.68,6.65,7.6,7.76,7.85,7.99,8.8,9.68,10.23,8.13,9.56,10.5,7.98,8.48,10.06,7.35,9.03,8.7,10.1,12.79,11.91,12,12.76,13.09,14.66,15.9,13.72,13.87,17.8,17.84,17.75,15.95,14.49,14.8
SRN,24/07/2026,0.022,0.024,0.022,0.024,187456,0.002,0.002,0.002,0.0015,0.001,0.001,0.0015,0.0015,0.0015,0.002,0.002,0.002,0.0025,0.003,0.0025,0.002,0.002,0.002,0.002,0.002,0.002,0.002,0.002,0.002,0.002,0.002,0.0015,0.002,0.002,0.002,0.001,0.002,0.0015,0.001,0.0015,0.0015,0.0015,0.001,0.0015,0.0015,0.0015,0,0.025,0.022,0.023,0.021,0.02,0.025,0.021,0.021,0.024,0.023,0.024
SRNOD,24/07/2026,0.001,0.001,0.001,0.001,0,0.001,0.001,0.001,0.001,0.001,0.001,0.001,0.001,0.001,0.001,0.001,0.001,0.001,0.001,0.001,0.001,0.001,0.001,0.001,0.001,0.001,0.001,0,0.001,0.001,0.001,0.001,0.001,0.001,0.001,0.001,0.001,0.001,0.001,0.001,0.001,0,0,0.001,0.001,0.001,0,0.001,0.001,0.001,0.001,0.001,0.001,0.001,0.001,0,0.001,0.001
SRNOE,24/07/2026,0.002,0.002,0.002,0.002,0,0.001,0.001,0.001,0.001,0.001,0.001,0.001,0.001,0.001,0.001,0.001,0.001,0.001,0.001,0.001,0.001,0.001,0.001,0.001,0.001,0.001,0.001,0,0.001,0.001,0.001,0.001,0.001,0.001,0.001,0.001,0.001,0.001,0.001,0.001,0.001,0,0,0.001,0.001,0.001,0,0.001,0.001,0.002,0.002,0.001,0.001,0.002,0.002,0,0.002,0.002
SRR,24/07/2026,0.032,0.032,0.032,0.032,0,0.032,0.039,0.044,0.04,0.046,0.047,0.043,0.044,0.042,0.041,0.042,0.043,0.041,0.04,0.045,0.049,0.047,0.045,0.046,0.045,0.044,0.044,0.045,0.046,0.044,0.044,0.048,0.05,0.045,0.044,0.043,0.045,0.041,0.041,0.039,0.039,0.038,0,0.038,0.039,0.037,0.032,0.036,0.034,0.033,0.032,0.039,0.035,0.033,0.034,0.033,0.033,0.032
SRT,24/07/2026,0.16,0.16,0.16,0.16,0,0.16,0.16,0.16,0.16,0.16,0.16,0.16,0.16,0.16,0.16,0.16,0.16,0.16,0.16,0.16,0.16,0.16,0.16,0.16,0.16,0.16,0.16,0.16,0.16,0.16,0.16,0.16,0.16,0.16,0.16,0.16,0.16,0.16,0.16,0.16,0.16,0.16,0,0.16,0.16,0.16,0.16,0.16,0.16,0.16,0.16,0.16,0.16,0.16,0.16,0.16,0.16,0.16
SRV,24/07/2026,6.29,6.35,6.25,6.25,146984,5.77,6,6,6.45,6.85,6.8,6.93,6.98,7.3,6.95,7.26,7.19,7.25,7.42,7.38,7.43,7.4,7.3,7.06,7.04,7.19,7.04,6.93,6.84,6.76,6.75,8.15,7.71,7.27,7.19,7.83,7.88,6.89,6.61,7.14,6.8,6.78,6.79,6.62,6.51,6.51,6.43,6.34,6.13,6.95,6.7,6.54,6.75,6.75,6.48,6.4,6.3,6.25
SRZDA,24/07/2026,0.325,0.325,0.305,0.32,130772,0,0,0,0,0,0,0,0,0,0,0,0,0,0,0,0,0,0,0,0,0,0,0,0,0,0,0,0,0,0,0,0,0,0,0,0,0,0,0,0,0,0,0,0,0,0,0,0,0,0,0,0.34,0.32
SS1,24/07/2026,0.95,0.95,0.905,0.905,849790,0.995,0.76,0.91,0.845,0.79,0.865,0.95,0.94,0.93,1.135,1.1,1.02,1.42,0.98,0.955,0.98,1.145,0.975,1.195,1.295,1.515,1.475,1.765,1.895,1.765,2.03,2.32,2.26,1.69,1.86,1.815,2.05,1.855,1.635,1.37,1.315,1.305,1.32,1.455,1.35,1.235,1.405,1.385,1.245,1.155,1.03,0.99,1.025,0.89,0.975,0.945,0.825,0.905
SSG,24/07/2026,1.415,1.42,1.385,1.415,101273,1.365,1.45,1.5,1.48,1.53,1.57,1.51,1.435,1.415,1.37,1.425,1.43,1.445,1.43,1.41,1.4,1.51,1.42,1.44,1.47,1.44,1.445,1.505,1.485,1.53,1.525,1.53,1.5,1.495,1.48,1.51,1.555,1.475,1.37,1.325,1.35,1.355,1.41,1.355,1.4,1.38,1.34,1.3,1.335,1.31,1.24,1.315,1.34,1.35,1.385,1.405,1.395,1.415
SSH,24/07/2026,0.16,0.16,0.16,0.16,14051,0.145,0.15,0.14,0.125,0.125,0.145,0.14,0.15,0.135,0.16,0.155,0.155,0.145,0.16,0.165,0.165,0.165,0.165,0.17,0.175,0.16,0.175,0.17,0.1825,0.185,0.18,0.2,0.2,0.18,0.19,0.195,0.2,0.2,0.18,0.145,0.15,0.15,0.165,0.175,0.18,0.18,0.17,0.165,0.16,0.15,0.15,0.15,0.14,0.145,0.14,0.15,0.145,0.16
SSHO,24/07/2026,0.017,0.017,0.017,0.017,0,0,0,0,0.013,0.012,0.013,0.013,0.017,0.017,0.017,0.017,0.017,0.017,0.017,0.017,0.02,0.026,0.026,0.026,0.026,0.026,0.026,0,0.027,0.045,0.045,0.045,0.045,0.045,0.045,0.045,0.045,0.045,0.045,0.03,0.03,0,0,0.023,0.023,0.023,0.023,0.017,0.017,0.017,0.017,0.017,0.017,0.017,0.017,0,0.017,0.017
SSL,24/07/2026,8.6,8.6,8.6,8.6,0,8.59,8.59,8.59,8.59,8.59,8.59,8.59,8.59,8.59,8.59,8.59,8.59,8.59,8.59,8.59,8.59,8.59,8.59,8.59,8.59,8.59,8.59,8.59,8.6,8.65,8.65,8.65,8.65,8.65,8.6,8.6,8.6,8.6,8.6,8.6,8.6,8.6,0,8.6,8.6,8.6,8.6,8.6,8.6,8.6,8.6,8.6,8.6,8.6,8.6,8.6,8.6,8.6
SSLPA,24/07/2026,1,1,1,1,0,1,1,1,1,1,1,1,1,1,1,1,1,1,1,1,1,1,1,1,1,1,1,1,1,1,1,1,1,1,1,1,1,1,1,1,1,1,0,1,1,1,1,1,1,1,1,1,1,1,1,1,1,1
SSM,24/07/2026,2.51,2.52,2.47,2.5,1377106,1.915,1.99,2.05,2.07,2.14,2.08,2.04,2.31,2.3,2.33,2.28,2.31,2.23,2.27,2.27,2.14,2.25,2.11,2.25,2.2,2.24,2.22,2.26,2.23,2.15,2.18,2.26,2.28,2.14,2.2,2.22,2.08,1.93,1.935,1.96,1.925,1.985,2.02,1.99,1.965,1.99,2.05,2.14,2.3,2.37,2.44,2.47,2.59,2.68,2.59,2.51,2.51,2.5
SSO,24/07/2026,14.07,14.07,13.93,13.96,27715,15.28,15.1,15.7,15.89,15.88,16.38,16.51,16.68,16.81,16.85,17.54,17.62,17.52,17.38,17.44,16.72,16.81,16.2,16.93,16.86,17.01,17.19,17.53,17.19,17.59,17.91,18.11,17.57,16.21,16.4,16.73,17.12,16.36,15.66,15.04,15.15,15.31,15.86,16.14,15.97,15.91,15.9,15.8,15.57,16.02,15.73,15.83,16.16,15.56,14.67,14.48,14.12,13.96
SST,24/07/2026,9.54,9.54,9.54,9.54,0,14.97,14,13.9,13.9,13.9,13.89,13.88,13.9,13.5,13.33,12.01,12,11.96,11.75,11.96,11,10.99,10.99,10.3,10.52,10.3,10.23,10.23,10.01,10,10,10.5,10.5,10.7,10.7,10.5,10,10,10.1,10,10,10,10,10.1,10.1,10.7,10.7,10.7,10.7,11,11,11,11,10,10.05,10.04,9.53,9.54
STG,24/07/2026,0.23,0.23,0.23,0.23,0,0.41,0.405,0.45,0.4,0.39,0.39,0.365,0.34,0.32,0.3,0.355,0.345,0.305,0.3,0.36,0.4325,0.43,0.36,0.34,0.3,0.3,0.32,0.37,0.35,0.36,0.4,0.41,0.385,0.345,0.335,0.335,0.36,0.32,0.29,0.295,0.28,0.27,0.33,0.335,0.3,0.275,0.26,0.26,0.26,0.23,0.23,0.23,0.23,0.23,0.23,0.23,0.23,0.23
STH,24/07/2026,0.12,0.12,0.12,0.12,77038,0.18,0.145,0.16,0.16,0.15,0.145,0.15,0.14,0.1575,0.15,0.135,0.14,0.13,0.16,0.15,0.14,0.175,0.15,0.135,0.165,0.15,0.14,0.145,0.14,0.145,0.14,0.14,0.125,0.11,0.12,0.12,0.16,0.12,0.12,0.12,0.115,0.13,0.115,0.125,0.15,0.155,0.14,0.15,0.14,0.13,0.135,0.13,0.135,0.1275,0.115,0.12,0.12,0.12
STK,24/07/2026,0.085,0.085,0.079,0.079,1534414,0.16,0.145,0.14,0.15,0.135,0.14,0.145,0.15,0.15,0.16,0.155,0.205,0.225,0.21,0.19,0.165,0.18,0.18,0.2,0.18,0.19,0.195,0.2,0.2,0.205,0.21,0.21,0.19,0.195,0.21,0.225,0.24,0.215,0.21,0.175,0.19,0.205,0.23,0.21,0.18,0.17,0.14,0.135,0.1,0.115,0.105,0.095,0.093,0.088,0.1,0.095,0.083,0.079
STM,24/07/2026,0.185,0.19,0.17,0.185,130866,0.018,0.02,0.02,0.019,0.018,0.02,0.02,0.021,0.021,0.0215,0.022,0.0225,0.022,0.019,0.022,0.022,0.019,0.024,0.024,0.022,0.019,0.019,0.019,0.02,0.02,0.021,0.02,0.018,0.017,0.017,0.018,0,0.425,0.395,0.27,0.285,0.28,0.3,0.335,0.415,0.38,0.38,0.345,0.325,0.275,0.255,0.25,0.21,0.205,0.215,0.2125,0.18,0.185
STN,24/07/2026,0.46,0.4625,0.44,0.45,725084,0.415,0.4,0.41,0.435,0.41,0.43,0.45,0.56,0.575,0.67,0.605,0.585,0.58,0.51,0.5,0.495,0.51,0.47,0.515,0.5,0.525,0.495,0.515,0.49,0.47,0.48,0.57,0.5,0.455,0.52,0.51,0.625,0.51,0.47,0.41,0.395,0.47,0.58,0.545,0.525,0.5,0.525,0.515,0.55,0.595,0.565,0.48,0.5,0.465,0.505,0.48,0.42,0.45
STO,24/07/2026,7.95,8.09,7.89,7.97,13101813,7.78,7.84,7.88,8.05,7.76,8.02,7.8,7.59,6.77,6.9,6.68,6.58,6.17,6.37,6.31,6.37,6.62,6.43,6.44,6.52,6.26,5.97,6.1,6.15,6.15,6.23,6.46,7.01,6.89,6.7,6.94,6.76,7.46,7.53,7.98,7.95,8.08,7.9,7.65,7.79,8.02,7.52,7.88,8.24,7.81,7.82,8.07,7.3,7.14,7.1,7.62,7.68,7.97
STP,24/07/2026,0.14,0.15,0.14,0.14,60425,0.7,0.705,0.69,0.69,0.605,0.525,0.515,0.535,0.54,0.535,0.545,0.53,0.515,0.495,0.49,0.47,0.475,0.47,0.49,0.265,0.335,0.34,0.35,0.335,0.35,0.365,0.335,0.325,0.32,0.32,0.27,0.26,0.225,0.21,0.22,0.215,0.21,0.205,0.2,0.21,0.195,0.2025,0.195,0.2,0.17,0.165,0.16,0.15,0.14,0.145,0.14,0.145,0.14
STV,24/07/2026,0.006,0.006,0.006,0.006,3999482,0,0,0,0,0,0,0,0,0,0,0,0,0,0,0,0,0,0,0,0.009,0.011,0.01,0.009,0.009,0.009,0.008,0.008,0.01,0.01,0.01,0.011,0.011,0.01,0.011,0.01,0.01,0.01,0.01,0.009,0.009,0.009,0.012,0.009,0.009,0.01,0.01,0.008,0.007,0.006,0.007,0.0075,0.007,0.006
STW,24/07/2026,78.62,78.74,78.05,78.32,63276,77.87,77.83,79.12,80.35,80.83,80.98,80.4,80.43,79.56,79.71,80.78,80.38,80.74,81.12,79.81,78.82,77.86,75.88,77.66,77.88,78.41,77.72,78.99,78.1,77.93,79.76,79.29,79.46,77.91,79.85,81.44,82.63,79.92,77.91,76.25,77.1,77.05,80.41,80.37,78.93,78.39,78.66,77.7,78.02,78.55,77.73,79.33,79.61,79.05,78.99,78.59,78.5,78.32
STX,24/07/2026,0.099,0.1,0.098,0.099,1431590,0.13,0.115,0.12,0.12,0.11,0.115,0.11,0.105,0.11,0.11,0.105,0.105,0.105,0.115,0.11,0.11,0.12,0.11,0.11,0.115,0.11,0.105,0.105,0.11,0.105,0.115,0.115,0.11,0.1,0.097,0.099,0.097,0.115,0.11,0.098,0.1,0.115,0.115,0.12,0.115,0.12,0.11,0.135,0.13,0.125,0.115,0.105,0.105,0.098,0.105,0.1,0.097,0.099
SUBD,24/07/2026,25.24,25.26,25.24,25.24,239316,25.2,25.12,25.16,25.19,25.23,25.26,25.19,25.22,25.27,25.3,25.21,25.26,25.28,25.33,25.32,25.27,25.26,25.28,25.28,25.2,25.23,25.25,25.28,25.29,25.23,25.27,25.3,25.36,25.3,25.31,25.34,25.33,25.21,25.21,25.2,25.19,25.1,25.165,25.22,25.26,25.17,25.17,25.21,25.23,25.25,25.13,25.16,25.22,25.25,25.17,25.2,25.22,25.24
SUH,24/07/2026,0.025,0.025,0.024,0.024,286464,0.034,0.03,0.03,0.038,0.036,0.032,0.038,0.037,0.04,0.044,0.046,0.042,0.048,0.048,0.04,0.04,0.045,0.032,0.036,0.035,0.035,0.034,0.03,0.034,0.038,0.039,0.038,0.032,0.033,0.031,0.031,0.031,0.031,0.03,0.028,0.025,0.025,0.026,0.024,0.023,0.021,0.021,0.019,0.018,0.019,0.024,0.034,0.029,0.025,0.026,0.029,0.026,0.024
SUL,24/07/2026,12.75,12.755,12.5,12.66,355541,14.96,15.15,15.86,16.21,18.66,18.81,18.84,17.71,16.84,16.57,16.56,16.55,16.45,16.75,16,15.99,16.32,16.11,16.23,16.23,15.47,15.89,15.94,15.84,15.72,14.76,14.57,14.7,14.47,14.1,14.55,15.53,15.37,13.24,12.78,12.94,12.74,12.56,12.49,12.19,12.06,11.6,11.09,11.09,11.73,11.32,12.27,13.12,13.12,12.84,12.91,13.16,12.66
SUN,24/07/2026,18.97,19.21,18.96,19.14,1605057,20.31,20.65,20.32,21.01,21.82,21.28,21.21,21.18,20.4,20.16,20.39,20.75,19.56,19.67,19.62,19.51,19.33,18.69,17.56,16.9,17.3,17.54,17.69,17.8,17.46,16.9,16.55,17,16.69,15.94,15.52,14.63,14.39,15.62,15.81,16.42,15.8,16.18,16.69,17.05,17.13,16.65,17.49,17.51,17.38,17.56,18.73,18.62,18.94,18.63,18.76,19.05,19.14
SUNPI,24/07/2026,103.44,103.5,102.82,102.82,1736,102.6,102.5,102.81,103.16,103.3,104.49,102.99,103.15,102.88,102.18,102.21,102.85,102.49,102.51,103.34,102.86,103.55,103.05,103.93,102,102.2,103.42,103.5,103.01,103.15,102.9,102.92,102.8,103.15,103.45,103.36,103.22,102.18,102.25,102.28,101.99,102.09,102.2,102,101.84,102.14,101.91,102.66,102.7,103.08,101.9,101.85,102.2,103.9,103,103.67,103.47,102.82
SUNPJ,24/07/2026,105.86,105.89,105.18,105.18,2272,102.7,103.14,103.43,103.8,104.2,103.91,103.72,104.01,104.22,103.72,103.7,103.8,103,102.91,103.6,104.35,104,103.75,103.95,104.01,103.6,104.02,103.73,103.6,103.73,103.65,103.61,104.48,104.29,104.62,104.01,104.75,103.6,103.56,103.99,102.5,102.7,102.75,102.75,102.73,102.74,102.6,103,103.18,104.58,104.25,103.94,104.1,103.69,104.49,104.64,105.001,105.18
SVG,24/07/2026,0.01,0.011,0.01,0.011,797469,0.018,0.017,0.015,0.019,0.015,0.015,0.014,0.015,0.0165,0.023,0.027,0.028,0.025,0.023,0.022,0.019,0.019,0.019,0.019,0.02,0.017,0.018,0.017,0.02,0.021,0.021,0.019,0.02,0.017,0.016,0.015,0.015,0.015,0.015,0.013,0.012,0.016,0.014,0.014,0.012,0.013,0.011,0.009,0.0095,0.009,0.009,0.0085,0.01,0.009,0.011,0.012,0.01,0.011
SVGOB,24/07/2026,0.001,0.001,0.001,0.001,0,0,0,0,0,0,0,0,0,0,0,0,0,0,0,0,0,0.004,0.004,0.003,0.004,0.002,0.003,0,0.003,0.003,0.003,0.002,0.002,0.003,0.003,0.001,0.001,0.001,0.001,0.001,0.001,0,0,0.001,0.001,0.001,0.001,0.001,0.001,0.001,0.001,0.001,0.001,0.001,0.001,0,0.001,0.001
SVL,24/07/2026,0.135,0.14,0.13,0.13,4436576,0.15,0.13,0.12,0.125,0.12,0.12,0.145,0.15,0.14,0.185,0.21,0.2,0.215,0.18,0.17,0.165,0.175,0.17,0.2,0.2,0.205,0.2,0.19,0.21,0.205,0.205,0.24,0.25,0.205,0.215,0.2,0.235,0.215,0.205,0.16,0.16,0.165,0.175,0.18,0.165,0.16,0.18,0.18,0.155,0.155,0.135,0.135,0.13,0.12,0.135,0.13,0.13,0.13
SVM,24/07/2026,0.51,0.51,0.5,0.5,472152,0.72,0.71,0.72,0.755,0.755,0.69,0.69,0.66,0.65,0.695,0.68,0.68,0.77,0.725,0.63,0.57,0.54,0.5,0.515,0.53,0.48,0.615,0.585,0.57,0.59,0.6,0.72,0.7,0.705,0.705,0.755,0.865,0.89,0.83,0.675,0.67,0.68,0.705,0.74,0.705,0.705,0.675,0.65,0.62,0.65,0.58,0.565,0.575,0.545,0.585,0.54,0.51,0.5
SVNP,24/07/2026,1.76,1.76,1.74,1.74,14267,1.415,1.435,1.4,1.46,1.46,1.505,1.495,1.495,1.51,1.53,1.535,1.51,1.47,1.52,1.52,1.575,1.59,1.555,1.645,1.675,1.685,1.675,1.645,1.62,1.655,1.705,1.68,1.645,1.71,1.65,1.705,1.63,1.67,1.565,1.55,1.61,1.625,0,1.72,1.755,1.725,1.745,1.66,1.705,1.745,1.765,1.81,1.77,1.83,1.78,1.745,1.79,1.74
SVR,24/07/2026,1.535,1.545,1.51,1.535,100695,1.585,1.595,1.555,1.66,1.68,1.765,1.61,1.57,1.585,1.6,1.61,1.515,1.545,1.53,1.565,1.56,1.6,1.635,1.775,1.735,1.735,1.75,1.76,1.76,1.84,1.875,1.94,1.86,1.815,1.67,1.82,1.865,1.64,1.58,1.565,1.61,1.59,1.625,1.585,1.57,1.57,1.515,1.495,1.4,1.45,1.415,1.47,1.495,1.52,1.485,1.58,1.6,1.535
SVY,24/07/2026,0.019,0.019,0.019,0.019,0,0.017,0.017,0.014,0.0125,0.014,0.015,0.014,0.017,0.019,0.021,0.024,0.022,0.021,0.018,0.018,0.017,0.019,0.013,0.013,0.013,0.013,0.014,0.016,0.017,0.02,0.018,0.016,0.016,0.013,0.013,0.014,0.013,0.014,0.015,0.014,0.014,0.013,0,0.0145,0.013,0.012,0.013,0.013,0.013,0.012,0.015,0.016,0.017,0.016,0.015,0.019,0.017,0.019
SVYOB,24/07/2026,0.001,0.001,0.001,0.001,0,0,0,0,0,0,0,0,0,0,0.004,0.004,0.005,0.003,0.003,0.003,0.003,0.003,0.002,0.002,0.002,0.002,0.002,0,0.002,0.001,0.002,0.002,0.002,0.002,0.002,0.002,0.002,0.002,0.002,0.002,0.001,0,0,0.001,0.001,0.001,0.001,0.001,0.001,0.001,0.001,0.001,0.001,0.001,0.001,0,0.001,0.001
SWP,24/07/2026,0.084,0.084,0.084,0.084,0,0.125,0.115,0.115,0.125,0.17,0.18,0.17,0.165,0.17,0.17,0.15,0.175,0.185,0.165,0.15,0.155,0.15,0.135,0.15,0.11,0.105,0.105,0.105,0.105,0.12,0.115,0.12,0.155,0.145,0.145,0.15,0.155,0.135,0.1375,0.14,0.135,0.135,0.135,0.105,0.11,0.1,0.098,0.12,0.095,0.095,0.095,0.072,0.088,0.092,0.085,0.088,0.088,0.084
SWTZ,24/07/2026,2.41,2.42,2.39,2.39,6052,2.46,2.44,2.46,2.49,2.47,2.47,2.43,2.44,2.43,2.43,2.44,2.43,2.45,2.48,2.45,2.42,2.43,2.36,2.41,2.42,2.44,2.435,2.47,2.45,2.43,2.47,2.47,2.51,2.47,2.49,2.52,2.55,2.47,2.43,2.4,2.4,2.42,2.49,2.5,2.48,2.41,2.44,2.43,2.42,2.41,2.4,2.44,2.46,2.44,2.43,2.41,2.4,2.39
SX2,24/07/2026,9.29,9.29,9.03,9.03,94854,5.7,5.37,5.47,5.91,6.1,6.57,6.88,7.18,7.13,7.95,8.39,8.28,9.2,8.57,9.08,7.98,7.73,6.7,7.84,7.82,8.2,9.93,11.4,11.63,10.07,10.55,11.36,10.66,9.55,10.46,10.27,11.47,10.82,9.2,9.29,8.71,9.11,10,11,11.3,9.73,9.59,11,9.25,9.67,10.42,8.76,9.63,8.77,9.32,9.03,8.07,9.03
SXE,24/07/2026,4.65,4.7,4.54,4.61,795181,1.78,1.77,1.88,1.94,1.86,1.96,1.95,1.96,2.09,2.01,2.1,2.24,2.28,2.33,2.46,2.26,2.24,2.2,2.39,2.36,2.4,2.49,2.52,2.48,2.4,2.56,2.44,2.55,2.62,2.84,3.4,2.99,2.88,2.88,2.95,2.8,2.97,3.29,3.37,3.68,3.9,4.09,4.17,3.8,4.07,4.17,4.02,4.6,4.71,4.4,4.46,4.35,4.61
SXL,24/07/2026,0.51,0.53,0.51,0.53,48969,0.59,0.59,0.59,0.615,0.66,0.8,0.775,0.77,0.81,0.835,0.86,0.87,0.87,0.84,0.845,0.85,0.83,0.8,0.82,0.835,0.83,0.805,0.815,0.785,0.76,0.755,0.7,0.64,0.625,0.61,0.66,0.61,0.63,0.59,0.575,0.55,0.545,0.57,0.575,0.57,0.595,0.58,0.545,0.575,0.615,0.6,0.56,0.565,0.55,0.535,0.545,0.54,0.53
SYI,24/07/2026,30.41,30.44,30.27,30.38,23465,28.78,28.99,29.14,30.07,30.61,30.8,30.62,30.44,30.1,29.91,30.04,30.12,29.97,30.25,30.15,29.94,29.88,29.12,29.3,29.27,29.54,29.41,29.69,29.41,28.99,29.57,29.24,29.66,29.48,30.53,31.45,31.31,30.74,30.54,30.55,30.64,30.52,31.75,31.39,30.8,30.75,30.41,30.06,30.58,30.34,30,31.01,31.33,31.45,30.24,30.44,30.5,30.38
SYL,24/07/2026,2.75,2.87,2.72,2.83,759999,1.77,1.69,1.68,1.62,1.77,1.9,1.755,1.715,1.7,1.785,1.885,2.18,2.11,2.46,2.39,2.44,2.43,2.45,2.77,2.93,3.11,3.32,3.46,3.47,3.24,3.43,3.44,3.2,3.01,3.12,3.28,2.67,2.46,2.45,2.37,2.26,2.18,2.25,2.16,2.41,2.3,2.38,2.58,2.55,2.72,2.65,2.68,2.92,2.92,2.8,2.72,2.68,2.83
SYR,24/07/2026,0.11,0.11,0.105,0.11,5824662,0.395,0.27,0.29,0.295,0.28,0.3,0.275,0.265,0.27,0.255,0.3,0.415,0.415,0.39,0.34,0.3,0.305,0.285,0.315,0.28,0.29,0.28,0.31,0.34,0.325,0.305,0.295,0.235,0.215,0.24,0.23,0.235,0.235,0.17,0.155,0.125,0.115,0.115,0.12,0.115,0.115,0.115,0.105,0.1,0.099,0.115,0.125,0.115,0.105,0.115,0.12,0.11,0.11
T3D,24/07/2026,0.032,0.032,0.032,0.032,0,0.007,0.007,0.007,0.007,0.01,0.05,0.05,0.16,0.14,0.13,0.12,0.13,0.085,0.077,0.067,0.068,0.064,0.06,0.061,0.041,0.037,0.035,0.033,0.054,0.044,0.043,0.053,0.044,0.038,0.029,0.032,0.03,0.029,0.025,0.03,0.023,0.023,0.026,0.028,0.036,0.031,0.025,0.023,0.021,0.027,0.022,0.043,0.047,0.042,0.04,0.04,0.04,0.032
T3MP,24/07/2026,76.26,76.26,76.26,76.26,225,65.41,65.41,66.17,65.98,65.98,67.62,65.25,65.25,65.57,65.57,67.8,68.25,68.98,69.01,69.59,68.59,69.53,67.12,67.97,68.68,68.13,67.76,68.01,67.57,68.94,70.53,70.49,69.8,70.82,72.88,73.51,73.99,71.25,68.6,68.74,70.42,69.53,0,72.68,74.2,74.49,75.67,74.4,73.77,75.72,77.01,75.96,78.06,79.09,78.83,77.24,75.81,76.26
T88,24/07/2026,0.037,0.037,0.037,0.037,0,0.06,0.06,0.063,0.09,0.085,0.085,0.07,0.083,0.083,0.07,0.12,0.11,0.11,0.1,0.085,0.085,0.085,0.085,0.08,0.08,0.085,0.11,0.115,0.115,0.11,0.115,0.185,0.16,0.15,0.105,0.099,0.095,0.095,0.095,0.095,0.09,0.09,0,0.12,0.082,0.073,0.06,0.068,0.063,0.057,0.058,0.059,0.05,0.039,0.038,0.042,0.037,0.037
T92,24/07/2026,0.044,0.044,0.044,0.044,0,0.039,0.031,0.03,0.032,0.029,0.047,0.062,0.065,0.061,0.089,0.09,0.086,0.08,0.074,0.06,0.052,0.048,0.046,0.047,0.05,0.041,0.043,0.038,0.049,0.053,0.056,0.075,0.07,0.058,0.085,0.081,0.079,0.125,0.115,0.084,0.089,0.077,0.074,0.075,0.077,0.068,0.07,0.07,0.065,0.061,0.058,0.051,0.056,0.046,0.047,0.046,0.043,0.044
T92OA,24/07/2026,0.018,0.018,0.018,0.018,0,0,0,0,0,0,0,0,0,0,0,0,0,0,0,0,0,0,0,0,0,0,0,0,0,0.017,0.021,0.035,0.035,0.028,0.034,0.037,0.037,0.045,0.043,0.03,0.032,0,0,0.032,0.032,0.031,0.031,0.031,0.031,0.031,0.031,0.024,0.024,0.028,0.028,0,0.019,0.018
T92OB,24/07/2026,0.01,0.01,0.01,0.01,0,0,0,0,0,0,0,0,0,0,0,0,0,0,0,0,0,0,0,0,0,0,0,0,0,0,0,0,0,0,0,0,0,0,0,0,0.015,0,0,0.011,0.017,0.01,0.01,0.01,0.01,0.01,0.01,0.01,0.01,0.01,0.01,0,0.01,0.01
TAH,24/07/2026,0.87,0.885,0.855,0.875,3324692,0.77,0.745,0.725,0.715,0.7,0.98,1.025,1.015,0.975,1.02,1.05,1.07,1.055,1.065,1.065,0.93,0.9,0.915,0.95,0.945,0.98,1,0.98,0.985,0.96,0.985,0.945,0.885,0.85,0.855,0.885,1.07,1.015,0.98,0.96,0.96,0.93,0.98,1.005,1.11,1.165,0.755,0.68,0.675,0.77,0.79,0.835,0.875,0.83,0.83,0.82,0.875,0.875
TAL,24/07/2026,0.058,0.058,0.057,0.057,122181,0.072,0.068,0.076,0.078,0.071,0.076,0.075,0.085,0.084,0.091,0.093,0.089,0.088,0.081,0.088,0.081,0.08,0.08,0.078,0.082,0.078,0.08,0.08,0.084,0.08,0.085,0.08,0.079,0.078,0.076,0.069,0.068,0.068,0.069,0.059,0.06,0.053,0,0.055,0.064,0.074,0.07,0.066,0.066,0.068,0.075,0.078,0.082,0.08,0.079,0.066,0.06,0.057
TAM,24/07/2026,0.059,0.06,0.057,0.057,1161059,0.059,0.057,0.058,0.057,0.058,0.058,0.057,0.058,0.058,0.061,0.064,0.0685,0.0715,0.067,0.067,0.069,0.07,0.067,0.07,0.067,0.073,0.071,0.082,0.08,0.084,0.084,0.088,0.1,0.099,0.1,0.092,0.105,0.125,0.12,0.096,0.084,0.092,0.088,0.091,0.095,0.093,0.079,0.062,0.062,0.063,0.059,0.059,0.058,0.057,0.061,0.058,0.056,0.057
TAR,24/07/2026,0.02,0.02,0.02,0.02,12490,0.008,0.009,0.009,0.01,0.009,0.012,0.011,0.011,0.012,0.012,0.012,0.014,0.014,0.012,0.01,0.01,0.011,0.01,0.009,0.01,0.01,0.018,0.019,0.019,0.017,0.02,0.023,0.02,0.018,0.023,0.022,0.024,0.021,0.021,0.021,0.019,0.017,0.019,0.019,0.019,0.018,0.018,0.018,0.018,0.021,0.017,0.018,0.018,0.0195,0.023,0.02,0.019,0.02
TAS,24/07/2026,0.046,0.046,0.044,0.044,558019,0.017,0.015,0.014,0.016,0.015,0.019,0.018,0.019,0.016,0.019,0.016,0.016,0.016,0.033,0.025,0.027,0.026,0.022,0.023,0.023,0.022,0.02,0.02,0.022,0.0265,0.038,0.039,0.046,0.039,0.067,0.069,0.058,0.061,0.056,0.045,0.038,0.044,0.042,0.057,0.05,0.051,0.052,0.047,0.041,0.071,0.061,0.059,0.058,0.05,0.052,0.046,0.048,0.044
TASO,24/07/2026,0.045,0.045,0.045,0.045,0,0,0,0,0,0,0,0,0,0,0,0,0,0,0,0,0,0,0,0,0,0,0,0,0,0,0,0,0,0.023,0.04,0.043,0.038,0.03,0.03,0.023,0.02,0,0,0.034,0.029,0.03,0.023,0.032,0.03,0.048,0.048,0.048,0.045,0.045,0.045,0,0.045,0.045
TAT,24/07/2026,0.02,0.021,0.019,0.019,2570457,0.034,0.032,0.033,0.032,0.034,0.034,0.036,0.035,0.034,0.033,0.035,0.04,0.043,0.054,0.042,0.04,0.041,0.05,0.049,0.05,0.047,0.047,0.045,0.045,0.046,0.053,0.05,0.046,0.041,0.046,0.038,0.03,0.028,0.03,0.03,0.03,0.029,0.025,0.021,0.026,0.023,0.021,0.021,0.022,0.02,0.023,0.02,0.02,0.018,0.018,0.03,0.025,0.019
TBIL,24/07/2026,48.17,48.17,48.06,48.07,1610,51.01,51.98,51.36,51.52,52.27,51.36,51.24,50.29,50.83,51.31,50.78,50.97,51.77,51.6,51.24,51.76,51.22,52.02,51.32,50.6,50.29,50.74,49.98,50,50.01,49.96,48.96,47.89,48.24,47.26,47.65,47.1,47.57,47.33,47.31,48.58,48.67,47.39,46.76,47.07,46.51,46.39,46.79,46.97,46.84,46.97,47.65,47.97,48.66,48.22,48.19,48.05,48.07
TBN,24/07/2026,0.245,0.26,0.24,0.245,15918611,0.15,0.16,0.165,0.17,0.16,0.165,0.165,0.17,0.175,0.165,0.22,0.22,0.205,0.195,0.195,0.19,0.19,0.185,0.185,0.195,0.2,0.185,0.2,0.2,0.205,0.205,0.205,0.23,0.2,0.205,0.22,0.215,0.22,0.21,0.225,0.265,0.3,0.26,0.255,0.25,0.25,0.25,0.25,0.25,0.24,0.245,0.235,0.24,0.22,0.22,0.225,0.215,0.245
TBR,24/07/2026,4.84,4.84,4.84,4.84,906,4.71,4.5,4.73,4.8,4.9,4.79,5.34,6,6.39,6.47,6.47,6.8,7.39,6.69,6.65,5.97,6,6.09,6,6.06,6.05,5.93,5.96,5.94,6.05,6.47,6.79,7.04,6.45,6.66,6.36,6.27,6.11,5.875,5.55,5.88,5.87,5.48,5.4,5.36,5.27,5.82,5.4,5.31,5.32,5.86,5.23,5.3,5.04,5.3,4.915,4.85,4.84
TCAP,24/07/2026,9.54,9.54,9.47,9.47,37,0,0,0,0,0,0,0,0,0,0,0,0,0,0,0,0,0,0,10.23,10.1,10.01,10.08,10.22,10.21,10.02,10.2,10.05,10.12,9.72,9.95,10.14,10.21,9.89,9.57,9.35,9.39,9.57,0,9.96,9.96,9.57,9.68,9.68,9.62,9.6,9.66,9.74,9.89,9.75,9.56,9.56,9.59,9.47
TCF,24/07/2026,5.7,5.7,5.64,5.7,9398,6.01,6.01,6.08,6.04,6.05,6.03,6.04,5.94,5.97,5.96,5.97,5.91,5.9,5.88,5.72,5.79,5.79,5.67,5.68,5.65,5.66,5.77,5.78,5.77,5.77,5.8,5.73,5.8,5.83,5.84,5.89,5.8,5.8,5.68,5.77,5.75,5.75,5.78,5.79,5.79,5.75,5.77,5.78,5.8,5.8,5.78,5.78,5.79,5.77,5.75,5.74,5.72,5.7
TCG,24/07/2026,0.61,0.62,0.57,0.57,2716840,0.465,0.42,0.495,0.495,0.505,0.5,0.48,0.49,0.43,0.43,0.43,0.505,0.52,0.46,0.47,0.43,0.455,0.445,0.52,0.75,0.82,0.81,0.87,0.83,0.8,0.805,0.775,0.72,0.63,0.67,0.685,0.79,0.725,0.65,0.665,0.6,0.625,0.645,0.625,0.595,0.605,0.58,0.59,0.545,0.48,0.49,0.46,0.545,0.48,0.525,0.535,0.485,0.57
TCL,24/07/2026,14.54,14.68,14.5,14.53,2700693,13.65,13.78,13.82,14,14.79,14.6,14.37,14.5,13.99,13.73,13.99,14.1,14.76,15,14.48,14.83,14.91,14.82,14.93,14.99,14.65,14.39,14.46,14.18,13.95,13.85,13.81,13.95,13.64,14,14.24,14.34,14.2,14.27,13.75,14.07,13.86,13.67,13.56,13.9,14.06,14.42,14.6,14.52,14.98,15.08,15.61,15.06,15.39,14.48,14.62,14.69,14.53
TCO,24/07/2026,2.63,2.63,2.63,2.63,0,1.95,2,2,2,2.01,2.01,2.05,2.05,2.05,2.05,2.05,2.05,2.05,2.15,2.15,2.15,2.15,2.15,2.15,2.16,2.2,2.2,2.35,2.35,2.35,2.35,2.35,2.5,2.6,2.61,2.81,2.9,2.9,2.9,3.18,3.18,3.18,0,3.44,3.65,3.65,3.25,2.78,2.79,2.6,2.6,2.61,2.62,2.61,2.6,2.6,2.6,2.63
TD1,24/07/2026,0.067,0.067,0.067,0.067,0,0.001,0.001,0.001,0.001,0.001,0.001,0.001,0.001,0.001,0.001,0.001,0.001,0.001,0.001,0.001,0.001,0,0,0.095,0.079,0.075,0.056,0.056,0.052,0.05,0.052,0.054,0.056,0.054,0.05,0.058,0.051,0.048,0.049,0.04,0.04,0.044,0.043,0.044,0.0455,0.042,0.055,0.052,0.051,0.057,0.07,0.075,0.105,0.08,0.062,0.062,0.066,0.067
TDO,24/07/2026,0.08,0.08,0.08,0.08,0,0.12,0.12,0.11,0.11,0.15,0.15,0.15,0.155,0.135,0.15,0.15,0.125,0.11,0.11,0.12,0.12,0.115,0.175,0.17,0.16,0.17,0.145,0.13,0.155,0.17,0.1,0.08,0.08,0.08,0.08,0.08,0.08,0.08,0.08,0.08,0.08,0.08,0,0.08,0.08,0.08,0.08,0.08,0.08,0.08,0.08,0.08,0.08,0.08,0.08,0.08,0.08,0.08
TEA,24/07/2026,9.39,9.48,9.04,9.16,354958,3.34,3.78,4.16,4.21,4.24,4.06,4.46,4.59,4.75,4.54,4.72,4.7,4.6,4.96,5.06,4.85,5.25,4.5,4.79,4.49,4.34,4.15,4.25,4.19,4.08,4.55,4.4,4.18,3.69,3.74,3.86,3.88,4.24,3.91,4.75,5.09,4.59,4.83,5.24,5.62,5.47,5.86,6.15,6.11,7.05,8.23,8.6,8.69,9.57,8.91,8.78,8.95,9.16
TECH,24/07/2026,110,110,108.12,108.97,8855,105.55,107.64,105.81,106.99,106.45,107.05,104.8,102.95,106.76,106.76,107.18,107.87,106.7,109.7,107.62,104.17,104.32,98.9,102.2,104.39,104.73,103.15,102.42,102.45,103.14,100.81,98.58,92.57,87.7,86,86.45,85.98,87.57,84.23,83.51,83.98,83.11,83.85,89.48,92.75,92.33,98.98,100.83,106.4,111.99,119.57,113.13,116.97,114.87,116.91,115.3,110.56,108.97
TEE,24/07/2026,0.037,0.037,0.037,0.037,0,0.04,0.039,0.039,0.038,0.035,0.038,0.039,0.043,0.042,0.044,0.045,0.041,0.041,0.042,0.035,0.034,0.035,0.04,0.037,0.037,0.032,0.032,0.03,0.033,0.037,0.037,0.033,0.033,0.034,0.037,0.038,0.036,0.039,0.042,0.038,0.037,0.037,0,0.037,0.037,0.037,0.037,0.037,0.037,0.037,0.037,0.037,0.037,0.037,0.037,0.037,0.037,0.037
TEEO,24/07/2026,0.005,0.005,0.005,0.005,0,0.03,0.03,0.03,0.03,0.03,0.03,0.03,0.03,0.03,0.03,0.03,0.03,0.03,0.03,0.03,0.03,0.03,0.03,0.03,0.03,0.03,0.03,0,0.03,0.03,0.005,0.005,0.005,0.004,0.005,0.005,0.005,0.005,0.005,0.005,0.005,0,0,0.005,0.005,0.005,0.005,0.005,0.005,0.005,0.005,0.005,0.005,0.005,0.005,0,0.005,0.005
TEG,24/07/2026,0.001,0.001,0.001,0.001,0,0.003,0.0025,0.003,0.003,0.003,0.003,0.003,0.0025,0.003,0.003,0.0025,0.003,0.003,0.0035,0.003,0.003,0.003,0.003,0.003,0.0025,0.0025,0.003,0.003,0.003,0.003,0.003,0.003,0.003,0.0025,0.0025,0.0025,0.002,0.002,0.0025,0.003,0.003,0.0035,0.003,0.003,0.003,0.003,0.002,0.002,0.003,0.002,0.002,0.0015,0.001,0.001,0.001,0.001,0.001,0.001
TEK,24/07/2026,0.095,0.095,0.095,0.095,60000,0.115,0.125,0.12,0.135,0.13,0.135,0.135,0.135,0.14,0.135,0.135,0.14,0.14,0.14,0.13,0.13,0.12,0.125,0.13,0.115,0.125,0.12,0.12,0.12,0.13,0.13,0.135,0.13,0.13,0.125,0.13,0.125,0.125,0.125,0.12,0.105,0.11,0.105,0.099,0.095,0.098,0.096,0.095,0.097,0.093,0.09,0.09,0.09,0.09,0.092,0.0965,0.094,0.095
TEM,24/07/2026,0.004,0.004,0.004,0.004,0,0.005,0.006,0.007,0.007,0.007,0.005,0.006,0.007,0.0095,0.009,0.011,0.01,0.01,0.011,0.01,0.009,0.0095,0.007,0.007,0.006,0.005,0.007,0.007,0.007,0.007,0.007,0.007,0.007,0.0065,0.006,0.006,0.006,0.007,0.008,0.007,0.0065,0.006,0.006,0.007,0.006,0.006,0.006,0.006,0.006,0.0055,0.006,0.006,0.005,0.005,0.004,0.004,0.004,0.004
TER,24/07/2026,0.071,0.071,0.068,0.069,1578508,0.091,0.079,0.074,0.078,0.07,0.073,0.066,0.064,0.066,0.068,0.068,0.067,0.082,0.084,0.094,0.085,0.086,0.085,0.087,0.1,0.097,0.091,0.066,0.066,0.064,0.061,0.065,0.065,0.067,0.069,0.068,0.066,0.089,0.095,0.11,0.1,0.092,0.087,0.083,0.075,0.069,0.073,0.07,0.067,0.07,0.082,0.085,0.07,0.063,0.066,0.07,0.066,0.069
TET,24/07/2026,0.24,0.24,0.22,0.225,66000,0,0,0,0,0,0,0,0,0,0,0,0,0,0,0,0,0,0,0,0,0,0,0,0,0,0,0,0,0,0,0,0,0,0,0,0,0,0,0,0,0,0,0,0,0,0,0,0,0,0,0.25,0.215,0.225
TFL,24/07/2026,0.005,0.005,0.005,0.005,0,0.005,0.005,0.005,0.0055,0.007,0.006,0.006,0.006,0.006,0.006,0.006,0.006,0.0065,0.0065,0.006,0.005,0.005,0.005,0.005,0.005,0.005,0.006,0.005,0.005,0.006,0.005,0.006,0.005,0.006,0.006,0.005,0.005,0.005,0.005,0.005,0.005,0.005,0,0.005,0.005,0.005,0.005,0.005,0.005,0.005,0.005,0.005,0.005,0.005,0.005,0.005,0.005,0.005
TG1,24/07/2026,0.026,0.026,0.024,0.024,595355,0.022,0.02,0.019,0.02,0.02,0.033,0.03,0.036,0.03,0.03,0.038,0.036,0.035,0.033,0.03,0.028,0.033,0.029,0.029,0.032,0.03,0.029,0.032,0.041,0.043,0.046,0.053,0.043,0.045,0.059,0.057,0.052,0.062,0.068,0.059,0.043,0.035,0.032,0.036,0.03,0.03,0.03,0.029,0.026,0.021,0.018,0.02,0.031,0.02,0.02,0.022,0.027,0.024
TG1OA,24/07/2026,0.012,0.012,0.012,0.012,0,0,0,0,0,0,0,0,0.013,0.016,0.018,0.025,0.025,0.017,0.023,0.02,0.02,0.015,0.015,0.009,0.011,0.012,0.011,0,0.017,0.019,0.02,0.021,0.02,0.018,0.03,0.03,0.028,0.031,0.04,0.033,0.023,0,0,0.021,0.021,0.019,0.015,0.012,0.012,0.011,0.006,0.006,0.009,0.009,0.009,0,0.014,0.012
TG6,24/07/2026,0.185,0.185,0.185,0.185,81,0.165,0.15,0.17,0.155,0.16,0.155,0.19,0.195,0.25,0.265,0.32,0.355,0.31,0.25,0.205,0.1775,0.2,0.19,0.195,0.175,0.18,0.175,0.21,0.2,0.2,0.21,0.215,0.2,0.175,0.18,0.2,0.2,0.19,0.175,0.15,0.13,0.15,0.15,0.145,0.155,0.15,0.235,0.23,0.205,0.215,0.195,0.19,0.185,0.175,0.185,0.19,0.19,0.185
TGF,24/07/2026,2.45,2.45,2.37,2.37,58775,1.53,1.43,1.405,1.46,1.45,1.59,1.65,1.68,1.75,1.88,1.915,1.98,2.06,2.02,2.05,1.92,1.945,1.88,2.01,2.11,2.21,2.22,2.39,2.42,2.58,2.75,2.88,2.85,2.61,2.64,2.82,3.03,2.75,2.72,2.16,2.38,2.56,2.8,2.73,2.72,2.55,2.64,2.72,2.72,2.82,2.8,2.65,2.71,2.61,2.62,2.53,2.47,2.37
TGH,24/07/2026,0.018,0.018,0.018,0.018,26000,0.02,0.017,0.02,0.02,0.021,0.017,0.016,0.019,0.019,0.022,0.022,0.022,0.022,0.022,0.022,0.017,0.022,0.024,0.024,0.023,0.025,0.026,0.024,0.023,0.024,0.021,0.025,0.021,0.025,0.024,0.02,0.019,0.023,0.023,0.02,0.021,0.02,0,0.023,0.024,0.02,0.02,0.018,0.018,0.02,0.02,0.021,0.02,0.018,0.018,0.017,0.018,0.018
TGM,24/07/2026,0.18,0.18,0.18,0.18,92275,0.185,0.165,0.165,0.17,0.17,0.18,0.175,0.24,0.25,0.26,0.26,0.225,0.185,0.175,0.165,0.16,0.165,0.155,0.175,0.17,0.19,0.17,0.18,0.18,0.205,0.215,0.23,0.21,0.215,0.22,0.23,0.245,0.2275,0.23,0.205,0.205,0.21,0.205,0.215,0.2,0.205,0.215,0.21,0.205,0.21,0.225,0.21,0.215,0.21,0.1875,0.185,0.18,0.18
TGMO,24/07/2026,0.03,0.03,0.03,0.03,0,0,0,0,0,0,0,0,0,0,0,0,0,0,0,0,0,0,0,0,0.025,0.03,0.03,0,0.033,0.038,0.04,0.048,0.048,0.044,0.031,0.055,0.06,0.06,0.048,0.047,0.047,0,0,0.035,0.038,0.03,0.03,0.03,0.03,0.03,0.036,0.03,0.034,0.034,0.025,0,0.03,0.03
TGN,24/07/2026,0.225,0.225,0.21,0.215,283613,0.07,0.07,0.067,0.068,0.07,0.067,0.072,0.079,0.09,0.095,0.083,0.079,0.1,0.097,0.098,0.1,0.11,0.155,0.225,0.215,0.21,0.23,0.22,0.225,0.18,0.175,0.225,0.335,0.265,0.24,0.24,0.28,0.295,0.26,0.255,0.25,0.25,0.26,0.275,0.265,0.24,0.24,0.225,0.195,0.21,0.22,0.21,0.215,0.215,0.235,0.23,0.21,0.215
THL,24/07/2026,2.4,2.41,2.4,2.41,4661,1.93,1.86,1.955,2.02,1.985,2.07,2.2,2.34,2.3,2.31,2.43,2.32,2.26,2.17,2.2,2.19,2.18,2.05,2.2,2.23,2.14,2.16,2.19,2.29,2.2,2.2,2.35,2.16,1.98,2.03,2.025,2.27,2.175,1.895,1.95,1.8,1.8,1.91,1.8,1.7,1.72,1.745,1.715,1.73,2.2,2.03,2.27,2.1,2.27,2.46,2.44,2.33,2.41
THR,24/07/2026,0.009,0.009,0.009,0.009,91391,0.008,0.009,0.009,0.009,0.01,0.009,0.01,0.009,0.013,0.011,0.01,0.012,0.013,0.015,0.014,0.013,0.013,0.012,0.011,0.01,0.01,0.011,0.011,0.012,0.011,0.0105,0.013,0.014,0.012,0.011,0.011,0.011,0.011,0.01,0.012,0.012,0.01,0.011,0.011,0.01,0.011,0.014,0.011,0.01,0.01,0.01,0.01,0.01,0.01,0.009,0.01,0.01,0.009
TIA,24/07/2026,0.19,0.19,0.19,0.19,0,0.155,0.155,0.155,0.155,0.175,0.175,0.2,0.2,0.205,0.205,0.205,0.205,0.25,0.255,0.255,0.27,0.27,0.19,0.19,0.19,0.19,0.19,0.32,0.19,0.19,0.19,0.19,0.19,0.19,0.19,0.19,0.19,0.19,0.19,0.19,0.19,0.26,0.195,0.19,0.19,0.19,0.19,0.19,0.19,0.19,0.19,0.19,0.19,0.19,0.19,0.17,0.19,0.19
TIO,24/07/2026,0.091,0.091,0.09,0.09,20749,0,0,0,0,0,0,0,0,0,0,0,0,0,0,0.245,0.265,0.21,0.185,0.2,0.17,0.17,0.19,0.19,0.215,0.25,0.235,0.2,0.22,0.18,0.19,0.175,0.16,0.165,0.135,0.145,0.155,0.14,0.14,0.135,0.125,0.115,0.115,0.135,0.13,0.12,0.115,0.089,0.093,0.076,0.095,0.1,0.1,0.09
TIP,24/07/2026,1.27,1.27,1.27,1.27,0,1.655,1.72,1.79,1.9,1.8,1.83,1.82,1.8,1.85,1.8,1.85,1.85,1.8,1.82,1.8,1.78,1.745,1.71,1.71,1.71,1.69,1.65,1.61,1.6,1.61,1.6,1.62,1.585,1.665,1.475,1.435,1.445,1.41,1.3,1.29,1.33,1.31,1.26,1.22,1.2,1.2,1.2,1.19,1.195,1.195,1.15,1.13,1.07,1.135,1.21,1.2,1.21,1.27
TKM,24/07/2026,0.13,0.135,0.12,0.12,1126600,0.09,0.077,0.075,0.079,0.067,0.062,0.058,0.058,0.059,0.055,0.055,0.059,0.059,0.058,0.049,0.052,0.058,0.059,0.072,0.078,0.09,0.087,0.077,0.067,0.075,0.08,0.097,0.11,0.155,0.165,0.205,0.2,0.19,0.185,0.15,0.155,0.165,0.195,0.22,0.19,0.1675,0.17,0.165,0.165,0.17,0.18,0.19,0.185,0.125,0.125,0.11,0.12,0.12
TLC,24/07/2026,5.44,5.51,5.39,5.44,4776315,5.45,5.37,5.43,5.43,5.86,5.88,5.92,5.97,5.86,5.83,5.76,5.59,5.74,5.65,5.5,5.44,5.36,5.33,5.47,5.32,5.26,5.15,5.18,5.2,5.08,5.13,5.05,5.15,5.24,5.14,5.58,5.51,5.43,5.38,5.3,5.4,5.4,5.56,5.63,5.53,5.53,5.3,5.36,5.19,5.42,5.22,5.68,5.56,5.63,5.48,5.48,5.69,5.44
TLG,24/07/2026,0.295,0.295,0.26,0.26,630062,0.47,0.44,0.47,0.525,0.525,0.505,0.475,0.46,0.43,0.435,0.43,0.465,0.53,0.49,0.48,0.435,0.435,0.43,0.45,0.44,0.41,0.36,0.37,0.385,0.395,0.425,0.43,0.385,0.365,0.375,0.33,0.34,0.31,0.29,0.255,0.275,0.27,0.28,0.26,0.26,0.25,0.265,0.285,0.295,0.295,0.27,0.25,0.225,0.2,0.28,0.255,0.265,0.26
TLM,24/07/2026,0.069,0.069,0.069,0.069,0,0.15,0.135,0.15,0.145,0.16,0.15,0.15,0.15,0.135,0.14,0.14,0.13,0.13,0.13,0.12,0.115,0.105,0.099,0.11,0.12,0.12,0.12,0.12,0.135,0.13,0.12,0.1,0.11,0.095,0.099,0.105,0.11,0.105,0.091,0.081,0.075,0.073,0.084,0.085,0.088,0.089,0.09,0.084,0.084,0.079,0.068,0.073,0.073,0.071,0.066,0.064,0.066,0.069
TLS,24/07/2026,4.91,4.94,4.89,4.89,48928306,4.91,4.93,4.97,4.88,5.05,4.89,4.83,4.96,4.83,4.85,4.85,4.85,4.85,4.9,4.88,5,4.94,4.87,4.92,4.89,4.87,4.82,4.85,4.87,4.83,4.82,4.72,4.88,4.88,4.94,5.11,5.18,5.24,5.19,5.29,5.33,5.42,5.41,5.33,5.38,5.37,5.31,5.38,5.38,5.21,4.97,5.2,5.05,5.15,4.98,4.9,5.04,4.89
TLX,24/07/2026,15.02,15.38,14.59,14.66,2022462,21.25,20.15,17.64,17.5,18.33,14.6,13.8,13.69,14.53,14.85,15.39,15.11,16.65,16.52,16.08,15.01,14.13,13.78,15.22,14.81,13.74,11.83,11.89,11.36,11.24,11.48,10.95,10.55,9.85,8.76,10.43,10,10.75,11.29,12.75,13.65,12.95,14.64,14.64,14.9,15.57,14.75,14.72,13.32,13.03,13.31,13.6,14.5,15.33,16.88,16.27,14.91,14.66
TM1,24/07/2026,0.21,0.215,0.205,0.21,1110634,0.066,0.065,0.069,0.076,0.082,0.081,0.087,0.105,0.115,0.185,0.18,0.16,0.155,0.165,0.185,0.135,0.145,0.12,0.135,0.13,0.1,0.11,0.11,0.14,0.15,0.18,0.21,0.32,0.355,0.34,0.445,0.41,0.335,0.275,0.275,0.26,0.305,0.315,0.32,0.36,0.29,0.33,0.285,0.355,0.365,0.345,0.28,0.26,0.245,0.25,0.235,0.21,0.21
TM1O,24/07/2026,0.155,0.155,0.155,0.155,0,0.03,0.03,0.03,0.03,0.05,0.05,0.05,0.055,0.085,0.13,0.09,0.095,0.1,0.12,0.13,0.081,0.09,0.07,0.07,0.08,0.075,0.075,0,0.062,0.09,0.115,0.135,0.245,0.26,0.28,0.36,0.335,0.27,0.22,0.23,0.2,0,0,0.225,0.3,0.25,0.25,0.23,0.275,0.25,0.27,0.24,0.24,0.18,0.2,0,0.205,0.155
TMB,24/07/2026,0.03,0.03,0.03,0.03,23391,0.024,0.026,0.036,0.041,0.053,0.05,0.044,0.047,0.047,0.045,0.15,0.17,0.13,0.11,0.098,0.091,0.1,0.087,0.095,0.08,0.049,0.045,0.052,0.05,0.051,0.054,0.062,0.056,0.056,0.055,0.06,0.062,0.061,0.057,0.044,0.053,0.05,0.049,0.048,0.047,0.036,0.038,0.034,0.033,0.04,0.039,0.033,0.033,0.028,0.034,0.034,0.031,0.03
TMK,24/07/2026,0.16,0.16,0.15,0.155,27765,0.0025,0.002,0.0025,0.0025,0.0025,0.002,0.002,0.002,0.003,0.003,0.003,0.003,0.003,0.0025,0.002,0,0,0.11,0.115,0.1125,0.12,0.1,0.11,0.115,0.105,0.098,0.098,0.1,0.095,0.089,0.1,0.12,0.13,0.13,0.145,0.165,0.145,0.17,0.18,0.17,0.16,0.155,0.145,0.135,0.115,0.135,0.125,0.125,0.115,0.12,0.135,0.15,0.155
TMKO,24/07/2026,0.01,0.01,0.01,0.01,0,0.001,0.001,0.001,0.001,0.001,0.001,0.001,0.001,0.001,0.001,0.001,0.001,0.001,0.001,0.001,0,0,0.015,0.016,0.016,0.016,0.016,0,0.012,0.012,0.013,0.011,0.011,0.011,0.006,0.008,0.01,0.01,0.022,0.022,0.017,0,0,0.023,0.023,0.018,0.018,0.01,0.01,0.008,0.006,0.006,0.006,0.006,0.006,0,0.01,0.01
TML,24/07/2026,0.047,0.047,0.047,0.047,0,0.026,0.026,0.026,0.031,0.031,0.031,0.033,0.033,0.033,0.033,0.033,0.033,0.036,0.037,0.037,0.038,0.038,0.039,0.039,0.041,0.041,0.042,0.042,0.042,0.042,0.042,0.042,0.042,0.042,0.042,0.046,0.046,0.046,0.047,0.047,0.047,0.047,0,0.047,0.047,0.047,0.047,0.047,0.047,0.047,0.047,0.047,0.047,0.047,0.047,0.047,0.047,0.047
TMS,24/07/2026,0.0065,0.0065,0.0065,0.0065,146000,0.006,0.007,0.007,0.006,0.0065,0.006,0.006,0.007,0.006,0.007,0.008,0.007,0.008,0.008,0.007,0.007,0.008,0.007,0.007,0.008,0.007,0.0075,0.007,0.008,0.008,0.008,0.01,0.008,0.008,0.007,0.008,0.008,0.007,0.008,0.007,0.0055,0.005,0.006,0.007,0.007,0.007,0.01,0.008,0.0085,0.008,0.007,0.006,0.006,0.006,0.008,0.008,0.007,0.0065
TMSO,24/07/2026,0.001,0.001,0.001,0.001,0,0.001,0.001,0.001,0.001,0.001,0.001,0.001,0.001,0.001,0.001,0.001,0.001,0.001,0.002,0.001,0.001,0.001,0.001,0.001,0.001,0.001,0.001,0,0.001,0.001,0.001,0.002,0.001,0.001,0.001,0.001,0.001,0.001,0.001,0.001,0.001,0,0,0.001,0.001,0.001,0.001,0.001,0.001,0.001,0.001,0.001,0.001,0.001,0.001,0,0.001,0.001
TMSOB,24/07/2026,0.002,0.002,0.002,0.002,21427460,0,0,0,0,0,0,0,0,0,0,0,0,0,0,0,0,0,0,0,0,0,0,0,0,0,0,0,0,0,0,0,0,0,0,0,0,0,0,0,0,0,0,0,0,0,0,0,0,0,0,0,0,0.002
TMX,24/07/2026,0.003,0.003,0.003,0.003,9485000,0.003,0.002,0.003,0.003,0.003,0.0025,0.0025,0.0025,0.0025,0.003,0.004,0.005,0.006,0.004,0.005,0.0045,0.005,0.004,0.004,0.004,0.004,0.0045,0.004,0.004,0.0045,0.004,0.005,0.005,0.004,0.005,0.005,0.0055,0.005,0.005,0.004,0.005,0.005,0.005,0.005,0.005,0.0045,0.004,0.0045,0.004,0.004,0.004,0.004,0.0035,0.003,0.003,0.003,0.003,0.003
TNC,24/07/2026,0.41,0.41,0.37,0.39,218739,0.36,0.315,0.345,0.355,0.34,0.39,0.345,0.32,0.32,0.31,0.34,0.31,0.31,0.295,0.325,0.31,0.33,0.405,0.605,0.565,0.53,0.5,0.465,0.52,0.685,0.63,0.6,0.57,0.5,0.49,0.5,0.52,0.48,0.445,0.34,0.385,0.355,0.395,0.44,0.455,0.435,0.425,0.44,0.48,0.495,0.465,0.42,0.44,0.38,0.42,0.425,0.4,0.39
TNE,24/07/2026,27.71,27.74,27.02,27.11,996113,39.19,40.19,40.33,38.39,40.19,39.97,38.14,38.06,38.35,37.91,39.23,39.77,38.8,38.69,36.9,35.79,34.34,29.53,30.1,28.73,27.2,28.35,28.56,27.86,27.5,27.26,27.18,25.19,21.86,20.17,24.75,26.07,27.33,26.44,26.78,27.3,26.91,27.69,30.83,29.09,27.95,27.99,28.36,29.5,29.84,32.33,31.3,29.97,28.87,30.48,30.8,29.66,27.11
TNY,24/07/2026,0.08,0.08,0.08,0.08,0,0.125,0.105,0.096,0.11,0.11,0.105,0.11,0.097,0.094,0.091,0.088,0.1,0.086,0.096,0.099,0.14,0.13,0.105,0.095,0.096,0.097,0.09,0.088,0.081,0.08,0.09,0.089,0.093,0.09,0.082,0.081,0.084,0.082,0.072,0.073,0.081,0.08,0.082,0.08,0.078,0.082,0.095,0.093,0.073,0.073,0.07,0.07,0.074,0.08,0.071,0.08,0.08,0.08
TOK,24/07/2026,1.17,1.21,1.125,1.21,17231,0.91,0.85,0.81,0.9,0.845,0.895,1,1.105,1.135,1.15,1.455,1.55,1.4,1.395,1.42,1.335,1.29,1.235,1.29,1.205,1.23,1.24,1.245,1.35,1.445,1.32,1.44,1.425,1.21,1.34,1.365,1.285,1.32,1.35,1.33,1.415,1.56,1.45,1.5,1.505,1.48,1.49,1.46,1.335,1.43,1.65,1.37,1.37,1.355,1.26,1.2,1.185,1.21
TOLL,24/07/2026,27.49,27.66,27.49,27.66,457,0,0,0,0,0,0,0,0,0,0,0,0,0,0,24.54,24.54,25.05,24.67,25,24.81,24.46,24.3,24.62,24.72,24.67,24.92,25.14,25.32,25.75,26.75,27.01,27.35,27.09,26.74,26.57,26.57,26.66,27.29,26.68,26.83,27.14,26.52,26.95,27.03,26.84,26.69,26.97,26.87,27.43,27.26,27.25,27.51,27.66
TON,24/07/2026,0.0025,0.0025,0.0025,0.0025,140000,0.007,0.007,0.007,0.007,0.007,0.006,0.008,0.007,0.007,0.007,0.008,0.008,0.01,0.01,0.008,0.007,0.007,0.007,0.009,0.009,0.009,0.008,0.008,0.012,0.013,0.013,0.012,0.01,0.008,0.01,0.01,0.01,0.009,0.009,0.009,0.008,0.007,0.007,0.008,0.006,0.005,0.005,0.0045,0.005,0.005,0.004,0.005,0.0045,0.003,0.003,0.004,0.003,0.0025
TOP,24/07/2026,0.56,0.57,0.56,0.56,20002,0.65,0.665,0.655,0.65,0.66,0.69,0.685,0.685,0.69,0.68,0.685,0.695,0.685,0.695,0.69,0.68,0.68,0.685,0.665,0.65,0.66,0.66,0.67,0.67,0.67,0.68,0.675,0.66,0.665,0.645,0.66,0.64,0.61,0.595,0.56,0.54,0.54,0.53,0.53,0.5,0.51,0.525,0.55,0.55,0.54,0.53,0.52,0.54,0.54,0.55,0.54,0.565,0.56
TOR,24/07/2026,0.21,0.21,0.185,0.19,1211829,0.23,0.245,0.305,0.305,0.3,0.3,0.33,0.31,0.33,0.305,0.295,0.27,0.28,0.25,0.25,0.225,0.25,0.25,0.29,0.31,0.305,0.295,0.3,0.29,0.295,0.29,0.34,0.3,0.27,0.255,0.2525,0.335,0.37,0.495,0.43,0.43,0.43,0.51,0.525,0.5,0.445,0.475,0.42,0.345,0.335,0.3,0.285,0.27,0.245,0.25,0.23,0.195,0.19
TOT,24/07/2026,0.4125,0.4125,0.4,0.4,1643,0.42,0.425,0.41,0.435,0.435,0.44,0.44,0.435,0.46,0.435,0.42,0.415,0.41,0.4,0.405,0.4,0.405,0.4,0.41,0.41,0.405,0.41,0.41,0.405,0.405,0.405,0.41,0.41,0.405,0.4,0.43,0.435,0.425,0.42,0.4,0.4,0.39,0.39,0.405,0.41,0.41,0.42,0.42,0.385,0.43,0.435,0.43,0.41,0.4175,0.395,0.41,0.395,0.4
TOU,24/07/2026,0.003,0.003,0.003,0.003,250000,0.023,0.024,0.022,0.022,0.021,0.02,0.02,0.022,0.019,0.018,0.02,0.018,0.018,0.018,0.018,0.018,0.016,0.017,0.018,0.016,0.017,0.017,0.017,0.016,0.017,0.018,0.014,0.009,0.008,0.008,0.009,0.008,0.007,0.0065,0.006,0.007,0.007,0.006,0.006,0.006,0.005,0.005,0.003,0.004,0.003,0.004,0.004,0.003,0.003,0.003,0.002,0.0025,0.003
TPC,24/07/2026,3.45,3.45,3.45,3.45,0,8.95,8.01,8.01,8.04,8,8,7.3,6.3,7,6.73,6.7,6.7,6.95,6.99,7,6.7,6.7,6.03,6.03,6.03,6.05,6.06,6.07,6.07,6.4,6.05,5.9,5.9,5.92,5.02,5.02,5,2.89,3.92,3.92,3.92,4.08,0,3.9,4.17,4.17,4.28,3.7,3.59,3.59,3.59,3.2,3.4,3.5,3.5,3.45,3.45,3.45
TPG,24/07/2026,3.53,3.55,3.5,3.51,2204011,5.53,5.48,5.35,5.31,5.26,5.29,4.91,4.87,5.03,5.03,5.16,5.4,5.3,5.36,5.53,5.65,3.8,3.78,3.75,3.72,3.8,3.77,3.85,3.87,3.92,3.93,3.94,3.87,3.89,3.8,3.9,3.94,4.04,3.91,4.07,4.03,4.08,4.23,4.32,4.34,4.2,4.14,4.17,4.13,3.9,3.63,3.71,3.8,3.64,3.61,3.63,3.58,3.51
TPW,24/07/2026,5.06,5.15,4.77,4.93,767120,22.75,24.56,26.02,25.03,23.45,23.9,22.82,23.48,24.43,23.18,22.83,25.02,22.92,25.39,23.81,21.67,19.88,18.42,15.52,13.85,12.63,13.56,13.9,13.75,12.84,13.33,13.62,12.05,11.1,7.6,8.47,8.24,7.61,7,6.38,7.11,6.86,7.36,6.66,5.86,5.54,5.93,4.87,5.04,5.41,4.66,5.27,5.67,6.16,5.53,5.62,5.16,4.93
TR2,24/07/2026,0.315,0.315,0.3,0.3,15226,0.51,0.56,0.76,0.75,0.65,0.64,0.63,0.6,0.61,0.61,0.72,0.75,0.72,0.625,0.65,0.58,0.71,0.61,0.395,0.375,0.33,0.3475,0.33,0.34,0.41,0.33,0.33,0.325,0.31,0.36,0.34,0.3,0.395,0.4,0.375,0.33,0.28,0.305,0.355,0.35,0.32,0.32,0.3,0.3,0.31,0.3,0.275,0.295,0.3,0.3,0.3,0.29,0.3
TR8,24/07/2026,0.016,0.016,0.015,0.015,740764,0,0,0,0,0,0,0,0,0,0,0,0,0,0.004,0.004,0.004,0.004,0.004,0.022,0.023,0.026,0.023,0.025,0.029,0.031,0.028,0.025,0.026,0.023,0.029,0.025,0.026,0.024,0.02,0.018,0.016,0.016,0.016,0.021,0.019,0.019,0.016,0.018,0.016,0.015,0.021,0.019,0.018,0.017,0.018,0.018,0.015,0.015
TRA,24/07/2026,6.92,6.92,6.92,6.92,0,5.15,5.15,5.15,5.15,5.15,5.15,5.85,5.85,5.85,5.96,5.96,5.96,5.96,6.29,6.42,6.63,6.75,6.75,6.85,6.93,7.08,7.08,7.08,7.08,7.08,7.09,7.24,7.24,7.24,7.24,7.24,7.24,7.24,7.24,7.24,7.24,7.24,7.24,7.24,7.24,7.24,7.24,7.24,7.24,7.07,7.07,7.07,7.07,7.05,7.04,7.03,7.03,6.92
TRE,24/07/2026,0.28,0.285,0.275,0.28,564187,0.32,0.33,0.385,0.33,0.32,0.35,0.33,0.31,0.3,0.4,0.405,0.45,0.475,0.44,0.385,0.31,0.35,0.35,0.385,0.37,0.35,0.345,0.385,0.4,0.41,0.42,0.455,0.515,0.43,0.46,0.465,0.475,0.455,0.45,0.42,0.415,0.465,0.57,0.605,0.6,0.405,0.405,0.42,0.39,0.405,0.41,0.375,0.385,0.365,0.36,0.35,0.285,0.28
TRI,24/07/2026,0.017,0.017,0.017,0.017,695577,0.01,0.008,0.011,0.01,0.01,0.0095,0.0095,0.011,0.014,0.01,0.012,0.011,0.031,0.026,0.022,0.021,0.021,0.021,0.023,0.021,0.02,0.017,0.018,0.02,0.02,0.019,0.021,0.02,0.021,0.026,0.0245,0.028,0.023,0.02,0.017,0.019,0.018,0.02,0.016,0.016,0.021,0.03,0.028,0.029,0.025,0.028,0.023,0.023,0.021,0.023,0.019,0.0195,0.017
TRJ,24/07/2026,0.205,0.21,0.205,0.21,6633,0.78,0.76,0.94,0.925,0.93,0.92,0.84,0.77,0.7525,0.735,0.76,0.77,0.86,0.8,0.785,0.715,0.63,0.65,0.67,0.7,0.64,0.67,0.675,0.695,0.705,0.705,0.66,0.635,0.675,0.645,0.62,0.54,0.52,0.465,0.445,0.43,0.41,0.395,0.39,0.42,0.375,0.36,0.35,0.295,0.335,0.315,0.325,0.265,0.2,0.28,0.29,0.245,0.21
TRM,24/07/2026,0.047,0.047,0.047,0.047,20000,0.052,0.052,0.05,0.05,0.048,0.044,0.047,0.051,0.055,0.059,0.064,0.073,0.076,0.076,0.08,0.08,0.082,0.08,0.084,0.084,0.084,0.089,0.089,0.07,0.078,0.079,0.08,0.079,0.083,0.086,0.086,0.086,0.09,0.09,0.09,0.08,0.08,0,0.081,0.08,0.078,0.078,0.078,0.078,0.075,0.075,0.075,0.06,0.06,0.05,0.048,0.048,0.047
TRP,24/07/2026,0.079,0.08,0.076,0.078,407196,0.23,0.255,0.335,0.275,0.285,0.305,0.28,0.3,0.275,0.285,0.27,0.265,0.295,0.285,0.35,0.315,0.305,0.285,0.29,0.325,0.41,0.365,0.38,0.39,0.365,0.335,0.325,0.205,0.185,0.18,0.165,0.18,0.165,0.17,0.155,0.15,0.16,0,0.17,0.155,0.13,0.125,0.125,0.12,0.11,0.105,0.11,0.1,0.105,0.12,0.11,0.11,0.078
TRU,24/07/2026,0.013,0.013,0.013,0.013,150000,0.016,0.016,0.017,0.015,0.016,0.015,0.016,0.017,0.017,0.017,0.0175,0.016,0.018,0.018,0.017,0.017,0.017,0.017,0.017,0.016,0.013,0.014,0.014,0.015,0.015,0.016,0.015,0.015,0.015,0.016,0.016,0.014,0.014,0.015,0.013,0.013,0.014,0,0.013,0.014,0.016,0.015,0.014,0.013,0.016,0.016,0.016,0.016,0.014,0.012,0.013,0.014,0.013
TSK,24/07/2026,0.08,0.08,0.08,0.08,0,0,0,0,0,0,0,0,0,0,0,0,0,0,0,0,0,0,0,0,0.12,0.135,0.1275,0.115,0.11,0.125,0.12,0.11,0.1,0.087,0.09,0.09,0.091,0.079,0.075,0.063,0.062,0.07,0,0.11,0.115,0.1,0.099,0.105,0.087,0.115,0.115,0.11,0.085,0.075,0.068,0.085,0.089,0.08
TSKO,24/07/2026,0.021,0.021,0.021,0.021,0,0,0,0,0,0,0,0,0,0,0,0,0,0,0,0,0,0,0,0,0,0,0,0,0,0,0,0,0,0,0,0,0,0,0,0,0,0,0,0,0,0,0.007,0.011,0.018,0.022,0.021,0.021,0.021,0.021,0.021,0,0.021,0.021
TSL,24/07/2026,0.007,0.007,0.007,0.007,70000,0.006,0.007,0.007,0.006,0.007,0.006,0.007,0.006,0.006,0.007,0.007,0.007,0.009,0.008,0.01,0.009,0.009,0.009,0.009,0.008,0.006,0.006,0.006,0.006,0.008,0.01,0.009,0.009,0.009,0.007,0.008,0.008,0.008,0.008,0.007,0.008,0.008,0,0.009,0.009,0.009,0.009,0.008,0.008,0.008,0.0075,0.007,0.007,0.008,0.008,0.008,0.007,0.007
TSO,24/07/2026,0.88,0.88,0.76,0.82,246178,0.029,0.026,0.034,0.035,0.036,0.038,0.043,0.053,0.063,0.06,0.069,0.064,0.07,0.063,0.057,0.054,0.061,0.068,0,0,1.1,1.31,1.315,1.27,1.24,1.23,1.34,1.205,1.03,1.045,1.01,1.07,0.995,0.915,0.92,0.885,0.905,1.03,1.005,1.07,1.13,1.05,0.995,0.96,1.05,0.985,0.91,0.975,0.94,0.895,0.86,0.88,0.82
TSR,24/07/2026,0.025,0.025,0.025,0.025,0,0,0,0,0,0,0,0,0,0,0,0,0,0,0,0,0,0,0,0,0,0,0,0,0,0,0,0,0,0,0,0,0,0,0,0.023,0.023,0.027,0.031,0.038,0.031,0.037,0.036,0.032,0.032,0.032,0.032,0.03,0.027,0.023,0.015,0.025,0.024,0.025
TTM,24/07/2026,0.57,0.6,0.55,0.585,165921,0.325,0.3,0.35,0.41,0.42,0.445,0.435,0.4,0.42,0.44,0.43,0.475,0.6,0.555,0.6,0.55,0.61,0.585,0.745,0.83,0.78,0.8,0.83,0.87,0.885,1.065,1.15,1,0.865,0.925,0.88,0.985,1.08,0.97,0.835,0.78,0.815,0.79,0.84,0.8,0.83,0.82,0.765,0.75,0.755,0.725,0.69,0.73,0.67,0.725,0.675,0.595,0.585
TTMOA,24/07/2026,0.09,0.09,0.09,0.09,0,0.048,0.022,0.022,0.031,0.034,0.051,0.058,0.051,0.051,0.051,0.051,0.045,0.07,0.061,0.08,0.07,0.098,0.1,0.17,0.17,0.17,0.195,0,0.2,0.205,0.36,0.46,0.325,0.24,0.32,0.3,0.34,0.45,0.365,0.24,0.225,0,0,0.23,0.25,0.22,0.2,0.2,0.18,0.16,0.16,0.11,0.16,0.16,0.14,0,0.09,0.09
TTT,24/07/2026,0.185,0.19,0.17,0.18,4579208,0.28,0.27,0.25,0.25,0.235,0.26,0.245,0.255,0.265,0.27,0.36,0.32,0.265,0.26,0.28,0.245,0.225,0.2,0.21,0.19,0.205,0.21,0.21,0.245,0.23,0.255,0.25,0.25,0.215,0.215,0.195,0.21,0.22,0.215,0.225,0.235,0.225,0.26,0.31,0.28,0.27,0.24,0.235,0.23,0.24,0.24,0.23,0.22,0.2,0.22,0.21,0.21,0.18
TTX,24/07/2026,7.1,7.2,6.8,7.11,15622,4.65,5,3.92,4.55,4.21,4.17,3.86,3.99,4.6,4.08,4.15,4.08,5.11,4.5,4.31,3.99,3.99,3.99,3.85,3.72,3.49,3.35,3.31,3.3,3.22,3.4,3.8,3.99,3.7,3.7,3.78,3.87,3.88,4.16,4.82,4.31,4.34,4.94,4.92,4.73,4.8,4.98,5,6.94,7.31,5.9,6,5.92,6.12,5.85,6.25,6.75,7.11
TUA,24/07/2026,2.1,2.15,2.05,2.11,2007803,5.2,5.34,5.51,7.61,7.69,7.83,7.76,7.81,7.38,7.18,7.03,6.99,6.5,6.86,7.03,6.9,6.55,6.41,6.48,6.91,7.02,7.18,7.16,7.08,6.96,7.45,7.64,7.09,6.52,6.45,6.51,6.44,6.23,6,6.15,6.03,5.79,6.01,6.05,6.11,6.03,5.84,6.1,2.31,2.07,2.49,2.64,2.56,2.23,2.32,2.31,2.31,2.11
TVL,24/07/2026,0.059,0.059,0.059,0.059,15000,0.062,0.063,0.064,0.066,0.064,0.063,0.062,0.065,0.067,0.068,0.066,0.065,0.064,0.063,0.061,0.064,0.063,0.063,0.063,0.064,0.065,0.065,0.066,0.068,0.069,0.072,0.069,0.07,0.07,0.068,0.069,0.068,0.067,0.064,0.063,0.06,0.061,0,0.064,0.061,0.058,0.056,0.06,0.06,0.062,0.063,0.065,0.06,0.058,0.058,0.059,0.059,0.059
TVN,24/07/2026,0.295,0.305,0.28,0.28,1011881,0.1,0.11,0.105,0.105,0.097,0.1,0.105,0.105,0.115,0.105,0.11,0.12,0.175,0.175,0.185,0.17,0.215,0.235,0.24,0.245,0.24,0.25,0.26,0.275,0.34,0.33,0.325,0.37,0.39,0.455,0.435,0.465,0.375,0.345,0.305,0.295,0.305,0.365,0.355,0.305,0.305,0.325,0.285,0.28,0.295,0.3,0.265,0.265,0.275,0.365,0.34,0.275,0.28
TVNOA,24/07/2026,0.27,0.27,0.27,0.27,0,0.06,0.061,0.061,0.06,0.06,0.06,0.06,0.06,0.064,0.064,0.064,0.064,0.076,0.095,0.095,0.125,0.13,0.17,0.18,0.18,0.16,0.17,0,0.175,0.22,0.23,0.24,0.27,0.28,0.345,0.34,0.31,0.27,0.245,0.2,0.185,0,0,0.24,0.26,0.26,0.26,0.26,0.27,0.23,0.23,0.23,0.23,0.195,0.27,0,0.27,0.27
TVNOB,24/07/2026,0.15,0.15,0.15,0.15,0,0.02,0.022,0.021,0.021,0.021,0.021,0.021,0.021,0.025,0.025,0.025,0.025,0.037,0.049,0.055,0.05,0.068,0.085,0.12,0.14,0.105,0.1,0,0.11,0.14,0.15,0.15,0.195,0.205,0.235,0.275,0.275,0.24,0.19,0.125,0.145,0,0,0.21,0.16,0.15,0.145,0.145,0.14,0.14,0.13,0.13,0.13,0.11,0.15,0,0.15,0.15
TWD,24/07/2026,2.7,2.7,2.7,2.7,1272,2.65,2.69,2.7,2.72,2.72,2.7,2.75,2.56,2.59,2.79,2.79,2.7,2.7,2.93,2.92,2.91,2.96,2.69,2.75,2.65,2.65,2.73,2.79,2.79,2.86,2.77,2.8,2.71,2.7,2.82,2.83,2.86,2.8,2.79,2.8,2.78,2.83,2.86,2.93,2.81,2.91,2.99,2.78,2.64,2.55,2.48,2.56,2.55,2.41,2.5,2.5,2.64,2.7
TWE,24/07/2026,4.59,4.76,4.58,4.73,2515856,8.03,7.53,7.68,7.82,8.05,7.83,7.79,7.58,7.38,7.1,7.06,6.98,6.5,6.23,5.99,5.76,5.76,5.58,5.82,5.69,5.49,4.89,5.39,5.3,5.17,5.49,5.42,5.36,5.08,5.24,4.85,4.54,4.31,3.94,3.64,3.62,3.73,3.98,4.01,4.5,4.29,4.34,4.25,4.5,4.24,4.69,4.86,4.76,4.71,4.57,4.57,4.76,4.73
TWL,24/07/2026,0.13,0.13,0.13,0.13,0,0,0,0,0,0,0,0,0,0,0,0,0,0,0,0,0,0,0,0,0,0,0.255,0.26,0.3,0.29,0.28,0.25,0.25,0.205,0.205,0.2,0.2,0.21,0.165,0.165,0.2,0.2,0.19,0.19,0.19,0.15,0.16,0.16,0.155,0.175,0.14,0.14,0.14,0.14,0.16,0.155,0.155,0.13
TWR,24/07/2026,1.565,1.565,1.555,1.56,2968,1.55,1.55,1.58,1.5175,1.5275,1.52,1.55,1.58,1.55,1.52,1.525,1.58,1.63,1.64,1.58,1.6,1.585,1.625,1.7,1.695,1.73,1.745,1.745,1.77,1.8,1.725,1.635,1.67,1.615,1.58,1.55,1.56,1.52,1.505,1.54,1.56,1.565,1.575,1.63,1.62,1.645,1.755,1.785,1.5275,1.55,1.6,1.51,1.57,1.54,1.53,1.525,1.56,1.56
TXR,24/07/2026,0.006,0.006,0.006,0.006,945521,0,0,0,0,0,0,0,0,0,0,0,0,0,0,0,0,0,0,0,0,0,0,0,0,0.016,0.021,0.022,0.022,0.013,0.014,0.011,0.014,0.014,0.014,0.011,0.011,0.011,0.011,0.012,0.011,0.011,0.01,0.01,0.009,0.009,0.008,0.007,0.006,0.006,0.005,0.005,0.005,0.006
TYR,24/07/2026,0.805,0.815,0.79,0.805,1197177,0.99,0.94,0.975,1.17,1.175,1.24,1.245,1.24,1.23,1.15,1.12,1.135,1.105,1.135,1.11,1.03,1.045,0.975,1.055,1.02,1.005,1.005,1.015,1.015,1.05,0.975,0.99,0.95,0.91,0.92,0.945,0.875,0.82,0.77,0.755,0.77,0.78,0.785,0.82,0.755,0.74,0.735,0.745,0.835,0.885,0.825,0.8,0.885,0.79,0.79,0.83,0.83,0.805
TYX,24/07/2026,0.003,0.003,0.003,0.003,303927,0.003,0.004,0.003,0.003,0.003,0.004,0.003,0.003,0.003,0.005,0.006,0.006,0.006,0.005,0.005,0.0055,0.004,0.004,0.004,0.005,0.004,0.004,0.004,0.004,0.004,0.003,0.003,0.004,0.004,0.004,0.0045,0.004,0.004,0.003,0.003,0.003,0.003,0.003,0.004,0.0035,0.003,0.004,0.004,0.0035,0.003,0.003,0.003,0.003,0.003,0.003,0.003,0.0025,0.003
TZL,24/07/2026,0.029,0.029,0.029,0.029,0,0.048,0.048,0.058,0.052,0.05,0.047,0.043,0.039,0.047,0.044,0.043,0.045,0.043,0.047,0.044,0.045,0.044,0.044,0.043,0.04,0.045,0.047,0.047,0.045,0.045,0.044,0.042,0.042,0.044,0.044,0.042,0.04,0.04,0.039,0.032,0.041,0.041,0,0.041,0.04,0.035,0.031,0.03,0.03,0.03,0.031,0.036,0.029,0.025,0.029,0.028,0.029,0.029
TZN,24/07/2026,0.019,0.019,0.019,0.019,750,0.052,0.051,0.045,0.045,0.048,0.048,0.048,0.048,0.051,0.046,0.043,0.046,0.046,0.05,0.041,0.036,0.037,0.037,0.036,0.036,0.032,0.031,0.028,0.03,0.031,0.031,0.037,0.041,0.032,0.03,0.03,0.032,0.031,0.026,0.03,0.031,0.032,0,0.028,0.027,0.025,0.023,0.024,0.023,0.021,0.02,0.019,0.02,0.023,0.021,0.021,0.02,0.019
U100,24/07/2026,15.86,15.86,15.58,15.63,23633,15.83,16.19,16.02,16.37,16.01,16.24,16.26,16.34,16.76,16.9,17.115,17.32,17.05,17.36,17.84,17.26,16.94,16.39,16.88,17.02,16.95,16.55,16.69,16.62,16.61,16.57,16.12,15.73,14.71,14.65,14.87,14.72,15.07,14.69,14.51,14.38,14.41,14.91,15.71,16.19,16.38,17.17,17.56,17.91,18.43,18.53,17.89,18.39,17.65,16.3,16.41,15.91,15.63
UBI,24/07/2026,0.014,0.014,0.014,0.014,0,0.025,0.022,0.021,0.019,0.014,0.014,0.014,0.014,0.014,0.014,0.014,0.014,0.014,0.014,0.014,0.014,0.014,0.014,0.014,0.014,0.014,0.014,0.014,0.014,0.014,0.014,0.014,0.014,0.014,0.014,0.014,0.014,0.014,0.014,0.014,0.014,0.014,0,0.014,0.014,0.014,0.014,0.014,0.014,0.014,0.014,0.014,0.014,0.014,0.014,0.014,0.014,0.014
UBIO,24/07/2026,0.04,0.04,0.04,0.04,0,0.04,0.04,0.04,0.04,0.04,0.04,0.04,0.04,0.04,0.04,0.04,0.04,0.04,0.04,0.04,0.04,0.04,0.04,0.04,0.04,0.04,0.04,0,0.04,0.04,0.04,0.04,0.04,0.04,0.04,0.04,0.04,0.04,0.04,0.04,0.04,0,0,0.04,0.04,0.04,0.04,0.04,0.04,0.04,0.04,0.04,0.04,0.04,0.04,0,0.04,0.04
UBN,24/07/2026,0.64,0.64,0.64,0.64,0,0.85,0.86,0.8,0.78,0.78,0.78,0.74,0.76,0.705,0.74,0.71,0.75,0.735,0.74,0.73,0.735,0.73,0.725,0.725,0.74,0.74,0.735,0.72,0.72,0.72,0.715,0.7,0.7,0.69,0.7,0.72,0.67,0.65,0.65,0.63,0.62,0.63,0.64,0.655,0.66,0.65,0.65,0.65,0.65,0.66,0.675,0.67,0.65,0.65,0.65,0.65,0.64,0.64
UCM,24/07/2026,0.012,0.012,0.012,0.012,0,0.011,0.011,0.011,0.011,0.011,0.011,0.011,0.011,0.011,0.012,0.012,0.012,0.012,0.012,0.012,0.012,0.012,0.012,0.012,0.012,0.012,0.012,0.012,0.012,0.012,0.012,0.012,0.012,0.012,0.012,0.012,0.012,0.012,0.012,0.012,0.012,0.012,0,0.012,0.012,0.012,0.012,0.012,0.012,0.012,0.012,0.012,0.012,0.012,0.012,0.012,0.012,0.012
ULTB,24/07/2026,85.84,85.84,85.84,85.84,0,88.23,89.45,90.26,89.83,89.32,89.53,89.59,93.21,92.25,92.02,92.73,92.07,93.79,94.82,93.82,92.6,92.95,92.86,94.26,92.71,92.71,91.63,91.7,89.29,89.74,90.67,90.03,89.8,90.14,89.77,92.51,92.19,91.62,89.82,89.7,88.79,88.89,89.79,89.45,89.56,88.67,89.2,88.14,87.52,89.39,89.29,89.29,90.52,90.2,87.68,86.4,86.26,85.84
UM1,24/07/2026,0.12,0.18,0.12,0.145,3612097,0,0,0,0,0,0,0,0,0,0,0,0,0,0,0,0,0,0,0,0,0,0,0,0,0,0.27,0.375,0.38,0.335,0.35,0.33,0.27,0.295,0.27,0.26,0.23,0.195,0.22,0.215,0.17,0.16,0.135,0.13,0.105,0.11,0.105,0.075,0.075,0.1,0.12,0.09,0.105,0.145
UMAX,24/07/2026,26.19,26.19,26.09,26.11,13870,25.24,25.78,25.53,25.98,26.05,26.03,26.14,25.91,26.25,26.42,26.35,26.54,26.4,26.8,26.85,26.93,26.82,26.55,26.92,26.81,26.72,26.87,26.94,26.54,26.62,26.9,26.22,25.7,25.2,25,25.36,25.06,25.23,24.56,24.23,24.55,24.47,24.8,24.71,24.96,24.97,25.03,25.44,25.63,25.8,25.85,25.71,26.06,26.21,26.5,26.53,26.27,26.11
UNI,24/07/2026,7.06,7.12,6.83,7,208784,8.16,8.51,8.45,8.91,8.9,8.74,8.57,8.49,8.74,8.66,8.69,8.87,8.56,8.85,8.86,8.54,8.19,8.24,8.64,8.48,7.84,8.3,8.15,8.06,8.27,8.52,8.51,8.31,8.61,8.5,8.92,9.4,8.28,8.62,8.11,8.07,7.41,7.59,7.45,7.32,7.45,6.99,6.64,6.49,6.78,6.4,6.82,7.41,7.7,7.69,7.65,7.47,7
UNT,24/07/2026,0.007,0.007,0.007,0.007,3487330,0.006,0.006,0.006,0.007,0.0075,0.009,0.0075,0.009,0.008,0.008,0.007,0.007,0.009,0.013,0.011,0.013,0.0105,0.01,0.009,0.009,0.008,0.008,0.008,0.009,0.008,0.007,0.007,0.007,0.007,0.008,0.007,0.008,0.007,0.0065,0.007,0.007,0.008,0.009,0.009,0.009,0.008,0.0075,0.007,0.008,0.009,0.008,0.01,0.011,0.01,0.011,0.012,0.008,0.007
UOS,24/07/2026,0.695,0.695,0.695,0.695,1,0.61,0.65,0.65,0.62,0.645,0.645,0.67,0.655,0.675,0.675,0.7,0.66,0.695,0.665,0.67,0.685,0.675,0.685,0.65,0.665,0.63,0.685,0.685,0.68,0.725,0.695,0.73,0.725,0.7,0.72,0.72,0.77,0.7375,0.705,0.7,0.74,0.715,0.725,0.73,0.705,0.73,0.715,0.675,0.675,0.67,0.735,0.695,0.665,0.71,0.68,0.7,0.72,0.695
URAN,24/07/2026,15.17,15.19,15.11,15.15,1999,0,0,0,0,0,0,0,0,0,0,0,0,0,0,21.93,18.65,17.86,16.7,17.4,18.94,18.63,16.89,17.5,17.29,19.29,20.41,20.84,20.8,18.44,18.86,19.83,19.74,18.42,18.16,17.32,17.25,17.4,17.59,18.36,18.96,18.47,18.9,17.55,17.45,17.68,17.62,16.37,17.08,16.13,16.27,15.73,14.24,15.15
URF,24/07/2026,0.16,0.16,0.155,0.155,91678,0.32,0.315,0.32,0.32,0.315,0.315,0.31,0.3,0.3,0.295,0.29,0.295,0.3,0.295,0.2925,0.265,0.2825,0.285,0.285,0.29,0.2875,0.29,0.29,0.285,0.2875,0.29,0.295,0.29,0.29,0.185,0.19,0.1875,0.18,0.175,0.18,0.18,0.18,0.18,0.18,0.185,0.185,0.19,0.15,0.15,0.155,0.145,0.15,0.1475,0.1525,0.15,0.15,0.16,0.155
URNM,24/07/2026,9.75,9.97,9.69,9.69,170703,9.38,8.54,8.95,8.89,8.6,9.61,9.72,9.88,10.45,11.4,11.36,11.44,11.73,10.93,12.24,10.37,10.29,9.76,10.25,11.16,11.01,10.22,10.67,10.78,12.04,13.03,14.11,14.8,12.19,12.97,13.59,13.34,12.62,12.57,11.41,11.71,12.11,12.26,13.02,13.03,12.55,12.3,11.34,10.98,11.36,11.37,10.33,11,10.34,10.31,10.15,9.3,9.69
US10,24/07/2026,49.21,49.21,49.13,49.13,29,50.48,50.54,51.17,51.17,50.94,51.42,51.69,52.17,51.9,51.58,51.65,51.42,52.18,51.97,51.66,51.77,51.75,51.84,52.28,51.95,51.75,51.83,51.79,51.38,51.41,51.62,51.21,51.22,51.7,51.89,52.03,52.38,51.86,51.42,51.4,50.86,50.65,50.99,51.02,51,50.72,50.81,50.4,50.3,50.61,50.73,50.68,50.77,51.04,49.77,49.54,49.76,49.13
USC,24/07/2026,0.021,0.021,0.021,0.021,24000,0,0,0,0,0,0,0,0,0,0,0,0,0,0,0,0,0,0,0,0.012,0.012,0.011,0.017,0.014,0.015,0.017,0.016,0.014,0.019,0.017,0.015,0.014,0.014,0.014,0.013,0.016,0.014,0.011,0.018,0.024,0.018,0.022,0.021,0.019,0.0195,0.02,0.016,0.016,0.014,0.018,0.016,0.017,0.021
USCO,24/07/2026,0.007,0.007,0.007,0.007,0,0,0,0,0,0,0,0,0,0,0,0,0,0,0,0,0,0,0,0,0,0,0,0,0,0,0,0,0,0,0,0,0.006,0.005,0.006,0.006,0.007,0,0,0.008,0.009,0.009,0.007,0.006,0.007,0.006,0.007,0.006,0.005,0.006,0.006,0,0.007,0.007
USD,24/07/2026,14.6,14.62,14.58,14.58,17512,14.8,15.29,15.11,15.16,15.36,15.11,15.14,14.86,14.99,15.14,15.01,15.09,15.33,15.29,15.17,15.37,15.25,15.45,15.27,14.99,14.98,15.11,14.89,14.9,14.95,14.91,14.63,14.33,14.44,14.15,14.28,14.12,14.29,14.23,14.2,14.6,14.66,14.26,14.06,14.17,14.04,13.99,14.125,14.19,14.15,14.21,14.39,14.5,14.72,14.64,14.63,14.58,14.58
USHY,24/07/2026,9.92,9.97,9.85,9.85,6561,10.6,10.62,10.64,10.62,10.54,10.7,10.73,10.74,10.76,10.61,10.64,10.56,10.55,10.57,10.575,10.57,10.56,10.51,10.72,10.64,10.64,10.67,10.7,10.59,10.61,10.68,10.65,10.61,10.61,10.59,10.61,10.6,10.59,10.5,10.54,10.43,10.21,10.24,10.71,10.58,10.58,10.51,10.54,10.51,10.61,10.54,10.56,10.61,10.61,10,9.92,9.94,9.85
USIG,24/07/2026,9.18,9.18,9.18,9.18,0,9.58,9.6,9.72,9.69,9.67,9.7,9.7,9.81,9.93,9.93,9.79,9.8,9.91,9.92,9.82,9.79,9.8,9.74,9.79,9.79,9.86,9.8,9.8,9.8,9.71,9.71,9.71,9.71,9.72,9.77,9.83,9.82,9.72,9.61,9.66,9.66,9.47,0,9.47,9.61,9.56,9.63,9.58,9.54,9.54,9.59,9.63,9.63,9.68,9.59,9.21,9.18,9.18
USL,24/07/2026,0.68,0.685,0.66,0.66,1674455,0.455,0.35,0.415,0.39,0.355,0.39,0.48,0.51,0.505,0.65,0.65,0.59,0.67,0.535,0.555,0.565,0.675,0.49,0.59,0.655,0.8,0.79,0.9,0.865,0.945,1.045,1.05,0.89,0.725,0.825,0.785,0.93,0.88,0.81,0.64,0.59,0.595,0.63,0.69,0.64,0.565,0.73,0.76,0.62,0.585,0.635,0.63,0.6,0.57,0.63,0.68,0.61,0.66
USM,24/07/2026,0.01,0.01,0.01,0.01,0,0,0,0,0,0,0,0,0,0,0,0,0,0,0,0,0,0,0,0,0,0,0,0,0,0,0,0,0,0,0,0,0,0,0,0,0.016,0.014,0.015,0.013,0.014,0.014,0.013,0.014,0.012,0.011,0.012,0.012,0.012,0.009,0.009,0.01,0.01,0.01
USTB,24/07/2026,8.74,8.74,8.72,8.72,28379,9.18,9.2,9.26,9.26,9.22,9.29,9.32,9.39,9.35,9.33,9.3,9.29,9.41,9.37,9.32,9.33,9.33,9.34,9.39,9.34,9.33,9.34,9.33,9.28,9.27,9.3,9.25,9.25,9.32,9.36,9.39,9.43,9.34,9.27,9.27,9.21,9.17,9.22,9.21,9.22,9.17,9.18,9.13,9.13,9.18,9.18,9.19,9.19,9.25,8.81,8.79,8.81,8.72
UTIP,24/07/2026,25.43,25.43,25.42,25.42,1846,25.76,25.69,25.9,25.94,25.88,26.13,26.17,26.3,26.27,26.17,26.05,26.05,26.32,26.2,26.03,26.01,26.05,26.02,26.1,26.07,25.98,25.98,25.94,25.75,25.77,25.82,25.78,25.83,25.91,26.05,26.05,26.19,26.02,25.95,26.04,25.66,25.66,25.79,25.81,25.92,25.96,25.96,25.8,25.77,25.98,25.93,25.89,25.8,25.88,25.58,25.59,25.51,25.42
UWC,24/07/2026,0.055,0.055,0.054,0.054,256994,0.044,0.047,0.047,0.052,0.05,0.054,0.07,0.07,0.07,0.07,0.065,0.074,0.075,0.072,0.069,0.066,0.065,0.061,0.064,0.061,0.062,0.065,0.061,0.061,0.061,0.065,0.063,0.062,0.06,0.056,0.056,0.054,0.05,0.048,0.045,0.046,0.041,0.046,0.049,0.051,0.052,0.046,0.049,0.051,0.05,0.055,0.05,0.053,0.054,0.055,0.055,0.054,0.054
UYLD,24/07/2026,10.6,10.6,10.46,10.46,1929,10.7,10.92,10.75,10.85,10.84,10.72,10.74,10.61,10.69,10.78,10.73,10.82,10.92,11.04,10.95,11.02,10.96,11.14,11.1,10.95,10.94,11.02,11,11.01,11.04,11.05,10.77,10.53,10.45,10.32,10.48,10.37,10.46,10.21,10.14,10.21,10.27,10.27,10.13,10.26,10.19,10.17,10.29,10.27,10.275,10.35,10.38,10.64,10.56,10.75,10.78,10.54,10.46
V1AC,24/07/2026,2.72,2.72,2.71,2.71,331794,0,0,0,0,0,0,0,0,0,0,0,0,0,0,0,0,0,0,0,0,0,0,0,0,0,0,0,0,0,0,0,0,0,0,0,0,0,0,0,0,0,0,0,0,0,2.79,2.75,2.77,2.76,2.73,2.75,2.74,2.71
V500,24/07/2026,54.83,54.85,54.65,54.69,23824,0,0,0,0,0,0,0,0,0,0,0,0,0,0,0,0,0,0,0,0,0,0,0,0,0,0,0,0,0,0,0,0,50.07,48.71,48,48.5,48.6,49.66,50.57,51.39,51.75,52.44,53.55,53.9,54.47,54.65,54.18,54.9,54.7,55.7,55.8,55.13,54.69
V5AH,24/07/2026,54.21,54.27,54.11,54.2,1254,0,0,0,0,0,0,0,0,0,0,0,0,0,0,0,0,0,0,0,0,0,0,0,0,0,0,0,0,0,0,0,0,50.33,49.21,48.7,47.8,47.75,50.05,51.55,52.1,52.86,53.81,54.48,54.74,55.46,55.24,54.11,54.69,53.53,54.8,54.97,54.54,54.2
VACF,24/07/2026,50.73,50.78,50.67,50.68,7909,51.81,51.9,52.05,52.23,52.22,52.3,52.16,52.4,52.38,52.16,52.03,51.98,52.42,52.31,52.08,52.06,51.86,51.88,51.71,51.61,51.49,51.54,51.63,51.06,51.34,51.4,51.23,51.23,51.33,51.42,51.49,51.61,51.3,51.06,50.8,50.79,50.4,50.6,50.68,50.69,50.64,50.81,50.7,51.05,51.2,51.13,51.47,51.5,51.69,51.06,51.12,50.98,50.68
VAE,24/07/2026,109.05,109.12,106.85,106.88,19159,88.06,87.85,88.26,89.49,90.45,89.37,89.74,92.45,93.84,93.45,95.15,95.33,96.47,98.23,98.49,97.6,97.27,95.145,96.02,95.15,94.64,94.01,94.66,96.93,98.82,101.07,98.9,98.9,97.77,99.51,100.9,102.2,96.73,94.93,94.9,95,93.85,99.32,100.15,102.36,103.07,108.18,106.61,108.55,112.84,111.17,111.2,117.15,112.83,114.05,112.44,104.57,106.88
VAF,24/07/2026,45.08,45.08,44.97,44.99,57812,46.17,46.28,46.5,46.6,46.44,46.52,46.44,46.64,46.71,46.42,46.36,46.37,46.94,46.88,46.54,46.49,46.3,46.3,46.08,45.83,45.74,45.81,45.73,45.31,45.65,45.65,45.43,45.49,45.46,45.65,45.71,45.89,45.49,45.21,45.02,44.89,44.89,45.05,45.09,45.12,45.03,45.2,45.12,45.44,45.64,45.53,45.8,45.85,46.11,45.5,45.46,45.39,44.99
VAL,24/07/2026,0.2,0.2,0.19,0.19,125841,0,0,0,0,0,0,0,0,0,0,0,0,0,0,0,0,0,0,0,0,0,0,0,0,0,0,0,0,0,0,0,0,0,0,0,0.3,0.295,0.305,0.31,0.315,0.29,0.285,0.26,0.235,0.225,0.225,0.205,0.215,0.195,0.23,0.205,0.19,0.19
VAN,24/07/2026,0.034,0.035,0.034,0.034,105329,0,0,0,0,0,0,0,0,0,0,0,0,0,0,0,0,0,0,0,0,0,0,0,0,0,0,0,0,0,0,0,0,0,0,0,0,0,0,0,0,0,0,0,0,0,0,0,0,0,0,0,0.035,0.034
VANO,24/07/2026,0.009,0.009,0.009,0.009,25000,0,0,0,0,0,0,0,0,0,0,0,0,0,0,0,0,0,0,0,0,0,0,0,0,0,0,0,0,0,0,0,0,0,0,0,0,0,0,0,0,0,0,0,0,0,0,0,0,0,0,0,0.01,0.009
VAP,24/07/2026,91,91,90.1,90.25,53661,99.3,100.19,103.05,104.2,105,105.23,103.84,106.14,104.55,102.5,104.3,102.89,104.21,106.33,102.65,100.25,97.88,97.2,98.88,97.6,98.52,98.55,101.2,100.35,99.29,101.34,98.63,97.01,93.85,95.65,95.68,94.43,90.23,85.9,84.77,83.5,83.68,87.55,90.21,90.04,90.84,90.63,91.75,90.64,92.46,90.81,94.91,95.2,96.95,92.55,90.96,91.05,90.25
VAS,24/07/2026,109.09,109.21,108.21,108.51,321937,107.32,107.25,109.07,110.79,111.36,111.62,110.92,110.93,109.85,110.13,111.56,111.13,111.73,112,110.36,108.83,107.41,104.78,107.32,107.55,108.33,107.5,109.38,108.26,108.13,110.5,109.98,109.92,107.67,110.28,112.5,114.14,110.44,107.56,105.2,106.31,106.24,110.85,110.79,108.89,108.18,108.56,107.4,107.64,108.61,107.35,109.45,109.9,109.02,109.65,109.1,108.92,108.51
VAU,24/07/2026,4.98,5.03,4.8,4.85,4061935,0.395,0.37,0.43,0.43,0.495,0.535,0.6,0.66,0.66,0.655,0.685,0.685,0.785,0.715,0.73,0.715,0.775,0,5,4.92,5.35,5.39,5.44,5.48,5.62,5.91,5.85,5.88,5.08,5.61,5.47,5.88,5.23,4.94,3.88,3.96,4.12,4.62,4.63,4.74,4.52,4.7,4.64,4.4,4.2,4.14,4.01,4.8,4.55,4.56,4.87,4.62,4.85
VBAL,24/07/2026,20.34,20.34,20.34,20.34,0,0,0,0,0,0,0,0,0,0,0,0,0,0,0,0,0,0,0,0,0,0,0,0,0,0,0,0,0,0,0,0,0,0,0,0,0,0,0,0,0,20.05,20.25,20.15,20.33,20.5,20.62,20.82,20.92,20.92,20.35,20.35,20.12,20.34
VBC,24/07/2026,0.2,0.21,0.2,0.21,189158,0.1,0.093,0.096,0.095,0.09,0.091,0.094,0.115,0.11,0.11,0.11,0.105,0.105,0.11,0.115,0.14,0.1625,0.145,0.145,0.165,0.165,0.2,0.21,0.21,0.2,0.21,0.23,0.21,0.19,0.2,0.205,0.26,0.21,0.21,0.18,0.195,0.195,0,0.21,0.215,0.2,0.19,0.19,0.18,0.17,0.16,0.145,0.165,0.175,0.19,0.19,0.205,0.21
VBLD,24/07/2026,78.35,78.84,78.35,78.66,14655,72.14,73.25,73.43,73.75,74.67,72.83,72.25,71.34,71.68,73.28,73.5,74.2,75.6,75.13,73.05,74.05,74.68,74.89,75.15,73.43,72.27,72.54,72.05,71.7,71.41,72.67,71.42,71.53,73.27,74.96,76.14,76.1,76.63,75.47,74.6,76.24,76.4,76.83,74.31,75.23,76.07,73.54,74.72,75.55,74.74,74.77,75.67,75.29,78.53,77.15,77.36,78.05,78.66
VBND,24/07/2026,39.12,39.12,39.05,39.05,105284,41.93,42.05,42.29,42.29,42.13,42.29,42.37,42.64,42.58,42.5,42.45,42.43,42.88,42.82,42.72,42.64,42.64,42.58,42.54,42.63,42.47,42.54,42.6,42.29,42.35,42.49,42.34,42.39,42.55,42.69,42.87,43.02,42.64,42.24,42.21,41.9,40.57,40.72,40.78,40.85,40.8,40.81,40.58,40.67,40.9,40.88,40.94,41.06,41.29,39.51,39.33,39.39,39.05
VBS,24/07/2026,0.15,0.15,0.15,0.15,0,0.06,0.06,0.06,0.066,0.08,0.083,0.073,0.06,0.053,0.06,0.075,0.074,0.074,0.17,0.14,0.2,0.25,0.195,0.195,0.11,0.11,0.11,0.18,0.165,0.15,0.13,0.13,0.14,0.14,0.155,0.14,0.135,0.125,0.13,0.15,0.15,0.15,0,0.15,0.135,0.11,0.125,0.12,0.115,0.11,0.125,0.135,0.15,0.125,0.115,0.16,0.175,0.15
VBTC,24/07/2026,19.15,19.15,18.75,18.9,45330,35.67,36.42,36.28,37.1,35.7,34.45,34.6,35.21,35.93,33.82,36.93,37.38,34.08,34.7,33.91,31.98,30.3,27.01,28.3,28.18,28.1,26.61,26.27,26.73,27.5,28.82,26.5,23.93,19.39,18.97,19.33,19.22,20.28,20.54,20.33,20.06,19.46,20.63,21.05,22.06,21.68,22.26,22.64,21.9,20.69,17.64,18.11,18.07,17.53,17.93,18.67,18.17,18.9
VBX,24/07/2026,0.57,0.5725,0.48,0.48,281949,0.56,0.54,0.54,0.48,0.55,0.515,0.485,0.49,0.49,0.47,0.49,0.55,0.515,0.5,0.485,0.47,0.47,0.445,0.4,0.445,0.48,0.5,0.48,0.51,0.6,0.565,0.56,0.84,1.04,1,1.01,0.94,0.84,0.89,0.74,0.68,0.745,0.7,0.72,0.7,0.63,0.61,0.7,0.6,0.57,0.5875,0.585,0.58,0.485,0.51,0.48,0.495,0.48
VCF,24/07/2026,36.25,36.3,36.23,36.3,6877,38.83,38.93,39.18,39.17,38.96,39.2,39.34,39.53,39.51,39.34,39.43,39.32,39.74,39.61,39.55,39.52,39.44,39.45,39.76,39.54,39.41,39.44,39.44,39.1,39.28,39.37,39.31,39.28,39.43,39.63,39.73,39.85,39.47,39.06,39.14,38.78,37.38,37.69,37.76,37.8,37.74,37.76,37.6,37.74,37.93,37.91,37.96,38.05,38.25,36.69,36.57,36.5,36.3
VCX,24/07/2026,2.63,2.65,2.62,2.65,6696308,2.44,2.44,2.5,2.52,2.61,2.59,2.56,2.6,2.5,2.53,2.54,2.52,2.57,2.66,2.52,2.57,2.49,2.47,2.46,2.47,2.58,2.53,2.57,2.58,2.62,2.54,2.49,2.46,2.51,2.57,2.55,2.45,2.31,2.31,2.38,2.35,2.38,2.56,2.54,2.56,2.54,2.43,2.51,2.57,2.53,2.43,2.58,2.57,2.64,2.64,2.64,2.62,2.65
VDAL,24/07/2026,57.2,57.22,56.84,57,32235,52.91,52.96,53.31,54.36,54.38,54.53,54.48,54.56,54.8,54.81,55.58,55.57,55.54,56.16,56.06,55.38,55.05,53.79,55.4,55.29,55.51,55.09,55.64,55.36,55.64,56.64,55.94,55.55,54.57,55.25,56.02,56.45,55.12,53.66,52.94,53.25,53.28,55.01,55.62,55.66,55.53,56.28,56.2,56.77,57.27,57.1,57.44,58.05,57.7,57.88,57.78,57.12,57
VDBA,24/07/2026,59.4,59.4,59.16,59.16,27066,58.73,58.85,59.18,59.9,59.8,59.87,60,60.16,60.21,60.18,60.63,60.67,61.01,61.2,61,60.61,60.38,59.76,60.78,60.45,60.52,60.29,60.66,60.43,60.68,61.19,60.76,60.6,60.15,60.7,61.2,61.56,60.48,59.51,59,59,58.16,59.35,59.61,59.57,59.66,60,59.81,60.27,60.72,60.57,60.77,61.17,61.22,60.01,59.95,59.52,59.16
VDCO,24/07/2026,54.52,54.52,54.31,54.43,1967,54.87,54.99,55.31,55.65,55.54,55.67,55.74,55.95,55.98,55.8,56.1,56.16,56.52,56.61,56.45,56.24,56.04,55.72,55.8,56.08,56.05,56,56.23,55.87,56.21,56.52,56.24,56.15,55.97,56.33,56.66,56.83,56.19,55.49,55.2,55.11,54.03,54.86,55.05,55.06,55.16,55.41,55.12,55.5,55.95,55.68,55.88,56.2,56.28,54.97,54.87,54.68,54.43
VDGR,24/07/2026,67.32,67.33,67.02,67.17,46017,64.84,64.93,65.35,66.33,66.26,66.4,66.4,66.52,66.69,66.71,67.32,67.43,67.45,67.95,67.74,67.25,66.92,65.86,67.42,67.11,67.18,66.93,67.52,67.13,67.53,68.28,67.69,67.42,66.57,67.33,68,68.46,67.11,65.68,65.11,65.24,64.66,66.39,66.76,66.64,66.64,67.38,67.2,67.68,68.47,68.24,68.34,69.03,68.84,68,67.87,67.34,67.17
VDHG,24/07/2026,75.4,75.4,75,75.11,54595,70.97,70.98,71.42,72.72,72.78,72.9,72.85,72.96,73.19,73.3,74.15,74.2,74.2,74.96,74.7,73.83,73.53,71.91,73.83,73.78,74.15,73.61,74.36,74,74.42,75.59,74.68,74.27,73.2,73.9,74.94,75.38,73.72,72.09,71.02,71.53,71.17,73.45,74.05,74.03,74.09,74.87,74.67,75.22,76,75.95,76.2,76.83,76.54,76.21,76.09,75.32,75.11
VDIF,24/07/2026,53.03,53.26,53.03,53.17,6519,51.18,51.11,51.51,52.11,52.51,52.61,52.56,52.6,52.44,52.35,52.44,52.42,52.84,53.17,52.88,52.78,52.72,52.12,52.87,52.7,52.88,52.7,52.97,52.53,52.72,53.12,52.85,52.88,53.05,53.97,54.49,54.86,53.6,53.08,52.8,53,52.54,53.43,53.38,53.18,53.31,53.28,53.29,53.75,53.97,53.68,54.11,54.16,54.31,53.13,53.14,53.17,53.17
VEA,24/07/2026,2.51,2.55,2.48,2.5,3016510,2.23,2.11,2.06,2.09,2.08,2.16,2.06,1.91,1.97,1.88,1.8,1.77,1.765,1.845,1.835,1.825,1.89,1.98,2.12,2.16,2.19,2.07,2.1,2.09,2.07,2.02,2.08,1.8,1.77,1.705,1.77,1.77,2.1,2.14,2.36,2.48,2.57,2.51,2.53,2.4,2.5,2.22,2.28,2.31,2.12,2.24,2.25,2.18,2.02,2.14,2.25,2.34,2.5
VEE,24/07/2026,0.55,0.55,0.52,0.55,4751,0.9325,0.89,0.99,1.255,1.05,1.14,1.22,1.23,1.28,1.51,1.63,1.53,1.3,1.42,1.425,1.235,1.04,1.02,0.86,0.77,0.76,0.78,0.78,0.765,0.72,0.72,0.685,0.585,0.585,0.52,0.6,0.63,0.635,0.585,0.56,0.575,0.575,0.52,0.585,0.53,0.495,0.53,0.545,0.545,0.5,0.45,0.59,0.57,0.49,0.55,0.55,0.57,0.55
VEFI,24/07/2026,42.19,42.19,42.13,42.17,593,42.42,42.5,42.68,42.74,42.51,42.68,42.87,43.14,42.96,42.85,42.9,42.93,43.34,43.32,43.18,43.15,43.08,43.03,43.35,43.1,43.04,43.04,43.12,42.9,42.91,43,42.89,42.92,43.01,43.21,43.42,43.56,43.17,42.78,42.84,42.43,42.36,42.65,42.65,42.67,42.53,42.64,42.42,42.5,42.79,42.72,42.8,42.86,43.08,42.64,42.48,42.38,42.17
VEN,24/07/2026,0.002,0.002,0.002,0.002,4737363,0.006,0.0055,0.005,0.005,0.005,0.005,0.0045,0.005,0.005,0.005,0.005,0.005,0.0045,0.004,0.005,0.004,0.004,0.0045,0.004,0.004,0.005,0.004,0.004,0.005,0.004,0.004,0.004,0.005,0.004,0.004,0.005,0.004,0.004,0.005,0.005,0.004,0.0035,0.004,0.004,0.003,0.0035,0.0035,0.003,0.003,0.003,0.0025,0.002,0.003,0.002,0.002,0.002,0.002,0.002
VEQ,24/07/2026,89.77,89.77,89.11,89.11,9971,84.75,83.22,84.1,86.02,86.92,85.42,85.2,84.55,85.36,85,87.25,86.57,88.15,88.59,87.35,87,88.85,85.92,88.07,87.95,88.6,89.04,89.18,89.03,90.18,91.14,89.39,88.97,88.5,88.92,89.93,89.9,86.06,83.74,81.77,83.5,84.56,86.86,87.01,86.02,85.94,85.84,85.35,87.96,88.15,88.16,89.71,89.52,91.1,91.9,90.45,89.67,89.11
VESG,24/07/2026,116.78,116.78,115.72,115.72,10185,105.24,106.1,105.98,108.6,108.19,108,108.57,107.94,109.7,109.78,111.08,111.42,111.29,113.07,114.19,112.86,112.39,110.2,113.74,112.85,112.79,112.14,112.72,112.6,113.23,113.78,110.76,108.98,106.53,106.19,107.3,106.95,105.9,102.76,100.92,101.97,101.92,104.91,107.29,108.5,109.15,111.6,113.3,115.02,116.87,117.08,116.21,118.54,117.7,119.68,119.39,117.04,115.72
VETH,24/07/2026,67.26,67.26,66.6,66.8,28038,69.92,70.18,71.52,72.55,73.32,72.93,72.69,73.12,72.51,72.26,73.8,73.49,73.92,73.98,72.55,71.49,70.56,68.96,70.67,70.12,70.63,70.32,71.57,70.72,70.24,71.7,71.25,70.81,69.36,70.97,72.14,72.89,70.17,68.84,66.8,66.96,66.87,70.28,69.99,68.29,67.92,69.58,66.43,66.35,66.83,65.87,67.29,68.06,67.8,68.22,67.77,67.42,66.8
VEU,24/07/2026,118,118,116.66,116.84,60566,104.27,103.43,104.97,107.08,107.99,106.57,106.55,107.16,107.91,107.69,109.74,109.59,111.48,112.18,111.46,111.34,112.31,109.72,111.57,111.04,111.55,109.66,109.97,110.81,112.57,114.77,112.59,112.28,111.64,113.4,114.32,115.57,110.49,107.6,105.92,107.68,108.24,111.58,112.26,112.25,112.72,114.74,113.69,115.85,117.76,117.3,118.3,120.35,119.24,121.44,119.89,116.07,116.84
VFX,24/07/2026,0.059,0.059,0.059,0.059,4,0.0025,0.002,0.002,0.002,0.003,0.002,0.0025,0.0025,0.0025,0.0025,0.0025,0.002,0.002,0.002,0.002,0.002,0.002,0.002,0,0,0.09,0.09,0.099,0.095,0.089,0.096,0.125,0.097,0.094,0.096,0.096,0.079,0.065,0.065,0.078,0.078,0.071,0.071,0.063,0.06,0.055,0.041,0.057,0.051,0.045,0.045,0.04,0.035,0.06,0.055,0.055,0.0635,0.059
VFY,24/07/2026,3.2,3.25,3.17,3.2,107924,1.63,1.64,1.58,1.6,1.45,1.35,1.35,1.25,1.4,1.25,1.35,1.3,1.22,1.35,1.49,1.5,1.6,1.395,1.495,1.445,1.3,1.35,1.35,1.28,1.315,1.5,1.84,1.7,1.76,1.71,1.73,1.7,1.7,1.72,1.555,1.68,1.73,1.825,1.86,1.92,2.2,2.5,2.6,2.65,2.59,3.25,3.5,2.82,3.16,3.12,2.9,2.8,3.2
VGAD,24/07/2026,127.71,127.74,127.31,127.47,67728,110.76,109.85,110.53,112.81,111.31,113.04,113.33,114.63,115.2,114.94,117.15,117.36,115.35,117.84,119.48,117.36,117.87,114.75,119.11,119.97,120.59,118.97,120.83,119.83,121.1,122.39,121.35,121.4,119.11,120.94,121.93,122.67,120.71,118.03,116.63,115.24,115.35,120.57,123.58,124.33,125.55,127.47,128.9,129.74,131.31,131.09,129.29,130.76,128.5,128.96,129.16,127.91,127.47
VGB,24/07/2026,45.55,45.59,45.46,45.48,17293,46.89,47,47.19,47.36,47.09,47.21,47.1,47.36,47.37,47.1,47.02,46.97,47.62,47.56,47.15,47.1,46.9,46.88,46.66,46.34,46.29,46.28,46.23,45.78,46.16,46.17,45.97,46.01,45.98,46.24,46.24,46.5,46.01,45.69,45.53,45.37,45.41,45.61,45.65,45.69,45.63,45.78,45.64,46.04,46.23,46.13,46.39,46.45,46.68,45.99,46.01,45.9,45.48
VGE,24/07/2026,92.64,92.64,91.32,91.43,24811,85.16,84.95,85.5,87.41,88.41,86.8,87.18,88.45,90.66,90.65,91.48,91.62,92.4,93.38,93.04,92.71,92.85,90.82,91,90.2,89.98,89.33,89.5,89.68,91,92.78,91.29,90.27,89.1,89.97,90.4,90.13,87,85.6,83.85,85.29,85.23,88.01,89.4,90.35,90.63,91.95,90.07,91.31,92,92.03,91.32,94.44,92.9,95.1,94.54,90.95,91.43
VGL,24/07/2026,2.01,2.01,1.985,1.995,12623,3.18,3.19,3.2,2.98,2.82,2.65,2.82,2.73,2.67,2.61,2.66,2.7,2.58,2.5,2.3,2.33,2.29,2.21,2.24,2.4,2.41,2.2,2.27,2.26,2.1,1.935,1.815,1.61,1.54,1.53,1.46,1.59,1.56,1.6,1.395,1.36,1.42,1.5,1.505,1.515,1.46,1.77,1.725,1.87,2.17,1.815,1.845,1.895,2,1.9,2.05,2.07,1.995
VGN,24/07/2026,2.65,2.665,2.58,2.65,946951,3.16,3.18,3.28,3.27,3.18,3.45,3.36,3.22,3.35,3.64,3.7,3.6,3.45,3.35,3.31,3.22,3.14,3.01,3.03,3.02,3.22,3.45,3.51,3.48,3.33,3.27,3.25,3.13,2.99,3.26,3.2,3.14,2.9,2.73,2.45,2.4,2.3,2.45,2.54,2.2,2.16,2.52,2.39,2.45,2.76,2.61,2.56,2.84,3.09,3.03,2.98,2.8,2.65
VGRO,24/07/2026,20.22,20.22,20.22,20.22,734,0,0,0,0,0,0,0,0,0,0,0,0,0,0,0,0,0,0,0,0,0,0,0,0,0,0,0,0,0,0,0,0,0,0,0,0,0,0,0,0,20.15,20.33,20.35,20.24,20.84,20.74,21.02,21.17,21.2,20.38,20.41,20.09,20.22
VGS,24/07/2026,158.28,158.28,157.71,157.8,213063,144.63,145.64,145.23,148.59,148.43,148.16,148.51,147.7,149.92,150.38,151.91,152.37,152.2,154.45,155.42,154.12,153.8,151.26,155.04,154.43,154.48,153.41,153.92,153.21,154.59,155.81,151.74,149.28,147.2,146.74,148.52,147.61,146.67,142.65,140.46,142.55,142.56,145.75,147.8,149.27,150.03,151.54,153.69,155.54,156.95,157.47,156.89,158.9,158.64,161.15,160.72,158.82,157.8
VHGR,24/07/2026,20.16,20.16,20.16,20.16,4,0,0,0,0,0,0,0,0,0,0,0,0,0,0,0,0,0,0,0,0,0,0,0,0,0,0,0,0,0,0,0,0,0,0,0,0,0,0,0,0,20.15,20.38,20.5,20.64,21.045,20.9,21.21,21.4,21.44,20.57,20.43,20.06,20.16
VHL,24/07/2026,0.012,0.012,0.012,0.012,649999,0.028,0.028,0.026,0.029,0.026,0.029,0.022,0.029,0.028,0.027,0.028,0.026,0.027,0.032,0.03,0.028,0.026,0.024,0.026,0.025,0.026,0.023,0.022,0.023,0.024,0.023,0.023,0.02,0.02,0.027,0.024,0.024,0.022,0.022,0.021,0.02,0.02,0.02,0.02,0.021,0.016,0.013,0.011,0.014,0.01,0.0105,0.014,0.015,0.011,0.012,0.013,0.013,0.012
VHM,24/07/2026,0.235,0.24,0.235,0.24,24429,0.205,0.19,0.195,0.205,0.195,0.195,0.26,0.24,0.24,0.235,0.245,0.33,0.425,0.74,0.54,0.52,0.485,0.47,0.355,0.34,0.36,0.35,0.38,0.42,0.415,0.465,0.52,0.46,0.425,0.41,0.41,0.41,0.37,0.385,0.32,0.31,0.34,0.34,0.315,0.265,0.255,0.265,0.295,0.31,0.27,0.25,0.25,0.255,0.245,0.26,0.255,0.24,0.24
VHY,24/07/2026,83.9,84.33,83.71,83.94,188919,75.2,75.25,76,77.5,79.46,79.63,79.08,78.74,77.62,78.02,78,78,78.31,79.21,79,78.77,78.15,76.01,76.94,77.94,78.73,77.68,78.81,78.28,77.59,78.85,78.07,79.26,78.99,82.1,84.09,85,83.15,82.23,81.62,82.8,82.5,85.15,84.52,83.77,83.45,83.48,83.33,84.17,84.02,83,84.41,83.73,82.99,82.89,83.11,83.46,83.94
VIF,24/07/2026,35.65,35.68,35.6,35.6,62382,38.59,38.64,38.86,38.87,38.68,38.84,38.92,39.09,38.99,38.91,38.97,38.9,39.33,39.28,39.2,39.11,39.1,39.03,39.09,39.05,38.93,38.85,39.05,38.71,38.82,38.86,38.69,38.74,38.87,39.07,39.21,39.39,39.05,38.68,38.68,38.36,37.23,37.41,37.35,37.36,37.29,37.39,37.11,37.18,37.48,37.42,37.44,37.51,37.74,35.99,35.8,35.83,35.6
VIG,24/07/2026,0.041,0.041,0.041,0.041,0,0.05,0.049,0.043,0.041,0.041,0.042,0.042,0.042,0.053,0.062,0.041,0.041,0.041,0.041,0.041,0.041,0.041,0.041,0.041,0.041,0.041,0.041,0.041,0.041,0.041,0.041,0.041,0.041,0.041,0.041,0.041,0.041,0.041,0.041,0.041,0.041,0.041,0,0.041,0.041,0.041,0.041,0.041,0.041,0.041,0.041,0.041,0.041,0.041,0.041,0.041,0.041,0.041
VIHY,24/07/2026,54.76,54.76,54.61,54.64,6795,0,0,0,0,0,0,0,0,0,0,0,0,0,0,0,0,0,0,0,0,0,0,0,0,0,0,0,0,0,0,0,0,0,0,0,50.91,51.4,51.8,51.42,51.36,51.73,51.34,51.88,52.66,52.77,52.97,53.74,53.84,54.71,54.84,54.71,54.28,54.64
VISM,24/07/2026,74.94,74.94,74.66,74.83,10603,69.86,69.65,69.51,71.63,71.78,72.55,72.6,72.36,73.62,72.65,73.52,73.46,73.76,74.7,73.24,72.94,72.63,71.32,74.16,74.24,75.44,74.59,74.4,73.24,75.65,77.55,76.66,74.16,74.02,74.47,75.95,75.37,73.91,70.9,70.49,72.2,70.36,72.18,72.62,73.36,73.33,74.15,73.89,75.1,76.49,76.5,77.33,78.11,79.98,77,76.33,74.5,74.83
VIT,24/07/2026,0.03,0.03,0.03,0.03,13063,0.065,0.073,0.072,0.069,0.068,0.07,0.066,0.066,0.064,0.064,0.066,0.071,0.07,0.067,0.065,0.062,0.0605,0.063,0.066,0.062,0.061,0.061,0.061,0.062,0.059,0.059,0.057,0.057,0.053,0.055,0.05,0.043,0.041,0.04,0.038,0.04,0.038,0.041,0.035,0.036,0.039,0.037,0.037,0.035,0.034,0.032,0.029,0.029,0.022,0.027,0.028,0.031,0.03
VKA,24/07/2026,0.01,0.0105,0.01,0.01,98101,0.006,0.007,0.007,0.006,0.008,0.007,0.007,0.008,0.0075,0.007,0.007,0.01,0.01,0.007,0.007,0.007,0.006,0.006,0.006,0.007,0.007,0.009,0.008,0.009,0.0095,0.01,0.013,0.0125,0.01,0.011,0.012,0.019,0.022,0.019,0.016,0.0135,0.014,0.014,0.014,0.014,0.01,0.011,0.011,0.01,0.011,0.011,0.011,0.01,0.01,0.011,0.011,0.01,0.01
VLC,24/07/2026,90.78,90.99,90.17,90.48,4979,85.18,85.54,86.71,88.05,88.94,88.3,87.32,87.45,86.11,86.25,87.01,86.34,87.29,88,86.6,85.97,83.87,81.6,82.63,83.95,85.09,83.93,86.03,85.1,83.99,86.06,84.83,86.05,86.58,90.37,92.11,92.71,89.54,88.48,87.35,87.61,87.19,91.59,90.61,89.1,88.43,89.34,87.92,88.35,89.27,88,89.33,89.43,89.17,89.69,89.7,89.95,90.48
VLS,24/07/2026,2.55,2.55,2.535,2.535,2284,2.26,2.26,2.21,2.16,2.17,2.3,2.42,2.41,2.6,2.44,2.43,2.45,2.54,2.43,2.4,2.4,2.4,2.42,2.41,2.4,2.46,2.55,2.54,2.58,2.68,2.82,2.56,2.27,2.7,2.6,2.55,2.67,2.49,2.48,2.54,2.6,2.51,2.59,2.49,2.58,2.53,2.41,2.42,2.56,2.4,2.56,2.55,2.5,2.45,2.47,2.5,2.57,2.535
VLUE,24/07/2026,36.8,36.8,36.37,36.37,42940,28.96,28.81,29.15,30.26,30.34,30.21,30.33,30.32,30.83,30.83,31.35,31.19,31.43,31.89,32.01,32.4,32.9,31.59,32.76,32.83,33.58,33.45,33.29,33.5,34.14,34.88,34.31,34.13,34.69,35.04,35.14,35.06,34.02,33.15,33.27,33.97,33.99,34.9,35.06,35.62,36.5,37.82,39.26,40.27,42.16,42.09,42.24,43.07,43.6,37.02,36.9,36.1,36.37
VMC,24/07/2026,0.255,0.255,0.25,0.255,525531,0.11,0.099,0.1,0.098,0.105,0.105,0.12,0.125,0.125,0.115,0.14,0.125,0.145,0.135,0.125,0.13,0.15,0.17,0.195,0.2,0.195,0.195,0.2,0.195,0.215,0.215,0.215,0.21,0.2,0.225,0.26,0.245,0.23,0.245,0.23,0.21,0.225,0.245,0.23,0.235,0.235,0.23,0.23,0.21,0.215,0.28,0.28,0.29,0.28,0.295,0.25,0.25,0.255
VMIN,24/07/2026,61.47,61.54,61.2,61.2,1984,62.01,61.36,62.07,62.66,63.01,62.5,62.69,63.2,62.7,62.52,62.96,62.96,62.48,63.25,62.79,62.34,63.04,62.54,62.94,63.36,63.16,63.14,63.59,62.98,63.16,63.65,63.65,64.24,64.98,65.26,66.15,66.99,66.39,65.48,64.7,64.18,61.46,62.74,63.25,63.35,63.72,63.51,64.07,64.4,64.68,64.52,64.7,64.27,64.32,61.83,61.65,61.64,61.2
VML,24/07/2026,0.105,0.105,0.105,0.105,0,0.1,0.094,0.095,0.11,0.14,0.225,0.175,0.1875,0.19,0.23,0.2,0.29,0.35,0.24,0.23,0.235,0.235,0.225,0.23,0.2,0.18,0.19,0.18,0.17,0.19,0.21,0.19,0.17,0.165,0.18,0.175,0.175,0.165,0.165,0.135,0.14,0.135,0.135,0.15,0.1475,0.15,0.14,0.135,0.14,0.13,0.115,0.1,0.11,0.1,0.105,0.11,0.1,0.105
VMM,24/07/2026,3.32,3.36,3.14,3.2,493244,1,1.06,1.17,1.335,1.245,1.47,1.295,1.23,1.505,1.68,1.42,1.755,1.84,1.625,1.38,1.295,1.345,1.26,0.98,1.165,1.02,0.885,1.25,1.275,1.42,1.52,1.89,1.81,1.77,2.18,2,2.32,2.11,2.14,1.89,1.8,1.975,1.95,2.07,2.68,2.69,2.64,2.65,3.33,3.76,3.58,3.58,3.78,3.62,3.89,3.37,3.12,3.2
VMS,24/07/2026,0.095,0.095,0.09,0.09,73901,0,0,0,0,0,0,0,0,0,0,0,0,0.018,0.018,0.018,0.016,0.017,0.015,0,0.165,0.165,0.14,0.14,0.15,0.145,0.2,0.2,0.25,0.195,0.19,0.19,0.21,0.19,0.175,0.175,0.18,0.155,0.145,0.155,0.155,0.15,0.155,0.14,0.14,0.14,0.14,0.13,0.105,0.091,0.09,0.09,0.085,0.09
VMSO,24/07/2026,0.005,0.005,0.005,0.005,0,0,0,0,0,0,0,0,0,0,0,0,0,0.002,0.002,0.002,0.002,0.002,0.002,0,0.003,0.003,0.004,0,0.004,0.04,0.003,0.003,0.005,0.005,0.005,0.005,0.005,0.005,0.005,0.006,0.005,0,0,0.005,0.005,0.005,0.004,0.004,0.004,0.004,0.003,0.003,0.003,0.003,0.005,0,0.005,0.005
VMT,24/07/2026,0.11,0.11,0.11,0.11,5000,0.077,0.073,0.07,0.073,0.07,0.073,0.06,0.067,0.067,0.067,0.06,0.059,0.066,0.077,0.07,0.075,0.069,0.065,0.076,0.08,0.069,0.07,0.069,0.072,0.073,0.07,0.075,0.069,0.077,0.072,0.07,0.07,0.061,0.061,0.065,0.077,0.077,0.091,0.105,0.115,0.1,0.12,0.12,0.13,0.12,0.12,0.11,0.11,0.11,0.115,0.12,0.12,0.11
VNGS,24/07/2026,3.79,3.79,3.77,3.78,20473,3.33,3.4,3.47,3.53,3.52,3.55,3.55,3.52,3.55,3.52,3.55,3.55,3.59,3.64,3.64,3.61,3.6,3.51,3.66,3.62,3.7,3.65,3.65,3.61,3.74,3.83,3.77,3.67,3.67,3.69,3.75,3.76,3.66,3.47,3.47,3.56,3.6,3.68,3.7,3.72,3.72,3.72,3.7,3.72,3.74,3.76,3.86,3.88,3.92,3.85,3.84,3.78,3.78
VNL,24/07/2026,0.05,0.054,0.05,0.053,61716,0.1,0.105,0.096,0.097,0.091,0.098,0.099,0.1,0.094,0.089,0.09,0.092,0.09,0.088,0.085,0.084,0.088,0.086,0.088,0.088,0.09,0.084,0.082,0.084,0.081,0.081,0.083,0.087,0.085,0.079,0.082,0.089,0.08,0.08,0.089,0.086,0.08,0.085,0.085,0.079,0.077,0.079,0.078,0.069,0.067,0.06,0.057,0.06,0.0565,0.052,0.053,0.0515,0.053
VNT,24/07/2026,5.91,6.01,5.9,5.95,1660978,5.08,5.24,5.25,5.5,5.54,5.44,5.2,5.31,5.07,5.1,5.24,5.39,5.47,5.39,5.73,5.72,5.79,5.58,5.9,5.89,5.8,5.86,5.99,6.01,6.08,6.37,5.83,5.78,5.16,5.25,5.69,5.86,5.67,5.46,5.53,5.48,5.22,5.23,5.18,5.37,5.42,5.72,6.03,6.12,6.21,6.23,6.5,6.59,6.46,6.16,5.95,5.96,5.95
VOLT,24/07/2026,6.69,6.69,6.69,6.69,298,0,0,0,0,0,0,0,0,0,0,0,0,0,0,0,0,0,0,0,0,0,0,0,0,0,0,0,0,0,0,0,0,0,0,0,0,0,0,0,0,10.44,10.6,9.85,9.51,9.86,9.02,9.2,8.9,8.3,7.64,7.33,7.18,6.69
VPR,24/07/2026,0.11,0.11,0.11,0.11,3000,0.135,0.135,0.135,0.125,0.11,0.125,0.135,0.15,0.15,0.155,0.135,0.16,0.155,0.155,0.15,0.145,0.155,0.16,0.145,0.14,0.135,0.145,0.14,0.135,0.15,0.165,0.17,0.165,0.155,0.165,0.155,0.145,0.155,0.15,0.14,0.1525,0.16,0.15,0.165,0.15,0.155,0.15,0.16,0.155,0.16,0.165,0.16,0.155,0.135,0.12,0.12,0.12,0.11
VR1,24/07/2026,0.022,0.022,0.022,0.022,1273311,0.039,0.039,0.041,0.051,0.045,0.054,0.06,0.062,0.054,0.068,0.073,0.063,0.05,0.05,0.042,0.04,0.035,0.035,0.036,0.034,0.035,0.03,0.031,0.033,0.038,0.038,0.032,0.029,0.035,0.032,0.028,0.03,0.033,0.031,0.033,0.032,0.032,0.033,0.031,0.029,0.03,0.029,0.027,0.024,0.025,0.023,0.023,0.023,0.019,0.021,0.024,0.024,0.022
VR1O,24/07/2026,0.008,0.008,0.008,0.008,149100,0.021,0.02,0.022,0.03,0.026,0.034,0.039,0.04,0.037,0.048,0.054,0.05,0.037,0.033,0.027,0.024,0.022,0.022,0.025,0.021,0.019,0.018,0,0.02,0.02,0.021,0.016,0.018,0.02,0.02,0.014,0.016,0.017,0.018,0.021,0.017,0,0,0.018,0.018,0.017,0.014,0.012,0.012,0.012,0.01,0.009,0.009,0.009,0.01,0,0.009,0.008
VR8,24/07/2026,0.013,0.014,0.013,0.014,37549,0.036,0.032,0.038,0.041,0.038,0.036,0.033,0.034,0.03,0.038,0.04,0.044,0.038,0.037,0.03,0.03,0.026,0.025,0.026,0.029,0.023,0.023,0.02,0.02,0.022,0.023,0.026,0.023,0.024,0.026,0.027,0.026,0.027,0.024,0.018,0.018,0.017,0.02,0.016,0.017,0.023,0.019,0.019,0.017,0.016,0.019,0.017,0.016,0.016,0.014,0.014,0.015,0.014
VR8O,24/07/2026,0.006,0.006,0.006,0.006,0,0,0,0.015,0.014,0.015,0.014,0.013,0.011,0.01,0.014,0.013,0.018,0.014,0.009,0.011,0.011,0.011,0.011,0.009,0.009,0.006,0.006,0,0.005,0.0055,0.005,0.007,0.008,0.006,0.007,0.007,0.007,0.006,0.006,0.006,0.005,0,0,0.005,0.005,0.005,0.005,0.006,0.006,0.006,0.006,0.006,0.006,0.006,0.006,0,0.006,0.006
VRC,24/07/2026,0.0055,0.0055,0.0055,0.0055,0,0.005,0.005,0.004,0.005,0.0045,0.004,0.004,0.004,0.004,0.0045,0.004,0.006,0.007,0.006,0.007,0.006,0.006,0.005,0.006,0.006,0.01,0.011,0.011,0.011,0.01,0.009,0.008,0.008,0.008,0.007,0.006,0.006,0.0065,0.005,0.0055,0.006,0.0065,0.0055,0.005,0.005,0.005,0.005,0.0055,0.0055,0.0055,0.0055,0.0055,0.0055,0.0055,0.0055,0.0055,0.0055,0.0055
VRL,24/07/2026,0.013,0.013,0.013,0.013,25000,0.025,0.022,0.024,0.024,0.022,0.028,0.024,0.024,0.023,0.023,0.023,0.023,0.023,0.021,0.02,0.018,0.018,0.016,0.017,0.019,0.018,0.018,0.02,0.018,0.022,0.025,0.026,0.025,0.024,0.027,0.024,0.025,0.026,0.021,0.022,0.022,0.021,0.02,0.019,0.02,0.019,0.019,0.018,0.016,0.016,0.016,0.016,0.016,0.014,0.014,0.015,0.013,0.013
VRS,24/07/2026,0.061,0.061,0.061,0.061,0,0.066,0.065,0.065,0.07,0.067,0.073,0.07,0.072,0.075,0.072,0.075,0.071,0.073,0.076,0.075,0.074,0.072,0.066,0.07,0.073,0.074,0.075,0.074,0.073,0.072,0.072,0.072,0.07,0.07,0.067,0.067,0.064,0.057,0.059,0.062,0.055,0.055,0.055,0.057,0.054,0.058,0.059,0.053,0.053,0.058,0.065,0.056,0.056,0.054,0.06,0.054,0.054,0.061
VRX,24/07/2026,0.039,0.039,0.039,0.039,2097,0.085,0.087,0.094,0.14,0.125,0.115,0.14,0.12,0.115,0.115,0.1125,0.1,0.091,0.096,0.092,0.091,0.088,0.087,0.085,0.075,0.071,0.077,0.073,0.073,0.074,0.072,0.071,0.07,0.064,0.061,0.059,0.06,0.059,0.064,0.052,0.053,0.059,0.053,0.058,0.061,0.05,0.05,0.054,0.05,0.045,0.042,0.04,0.039,0.035,0.035,0.035,0.036,0.039
VRXO,24/07/2026,0.006,0.006,0.006,0.006,0,0,0,0,0,0,0,0,0,0,0,0,0,0,0,0,0,0,0,0,0,0,0,0,0,0,0,0,0,0,0,0,0,0,0,0,0,0,0,0,0,0,0,0,0,0,0,0,0,0,0.005,0,0.005,0.006
VSL,24/07/2026,5.35,5.45,5.2,5.27,43065,6.55,6.12,6.11,6.68,6.54,6.52,6.72,7.2,7.33,7.15,7.48,7.41,7.26,7.23,7.25,7.33,6.9,6.95,7.24,7.13,7.1,7.33,7.37,6.88,7.71,7.58,7.4,6.95,6.62,6.65,6.84,7.19,6.65,6.13,5.79,5.4,5.48,5.65,5.18,5.05,5.17,5.39,5.62,5.42,5.55,4.97,4.83,5,4.99,5.12,4.7,5.07,5.27
VSO,24/07/2026,70.75,70.75,69.63,69.9,50811,70.1,69.54,72.04,73.26,73.51,75.15,75.2,75.14,75.92,76.12,78.81,78.85,78.99,79.16,78.1,75.31,76.44,74.31,77.92,76.44,76.82,77.01,78.94,77.21,78.5,80.01,80.75,78.41,73.51,74.12,75.9,77.59,74.61,71.12,68.62,69.77,69.97,73.66,75,73.87,73.98,74.22,73.5,73.32,74.62,73.77,75.14,76.14,74,72.51,71.9,70.21,69.9
VSR,24/07/2026,0.026,0.027,0.026,0.027,14291,0.018,0.017,0.021,0.022,0.022,0.024,0.025,0.024,0.024,0.024,0.033,0.04,0.037,0.032,0.027,0.03,0.035,0.032,0.03,0.031,0.031,0.047,0.054,0.056,0.054,0.05,0.046,0.052,0.051,0.052,0.057,0.051,0.051,0.044,0.038,0.036,0.04,0.04,0.038,0.041,0.04,0.043,0.054,0.054,0.05,0.04,0.037,0.034,0.031,0.03,0.029,0.027,0.027
VTA,24/07/2026,0.03,0.03,0.03,0.03,223391,0,0,0,0,0,0,0,0,0,0,0,0,0,0,0,0,0,0,0,0,0,0,0,0,0,0,0,0,0.041,0.05,0.04,0.042,0.04,0.038,0.039,0.04,0.04,0.04,0.043,0.04,0.036,0.036,0.032,0.032,0.033,0.039,0.036,0.033,0.029,0.028,0.031,0.03,0.03
VTEK,24/07/2026,62.64,62.66,61.94,62.1,4869,0,0,0,0,0,0,0,0,0,0,0,0,0,0,0,0,0,0,0,0,0,0,0,0,0,0,0,0,0,0,0,0,0,0,0,49.63,49.66,52.22,54.79,56.55,57.28,60.32,61.71,62.52,64.72,64.92,63.1,66.02,63.37,64.57,65,61.88,62.1
VTKH,24/07/2026,61.73,61.73,61,61.27,1431,0,0,0,0,0,0,0,0,0,0,0,0,0,0,0,0,0,0,0,0,0,0,0,0,0,0,0,0,0,0,0,0,0,0,0,48.92,48.89,52.69,55.87,57.22,58.42,61.65,62.71,63.5,65.73,65.94,63.57,65.42,61.93,63.47,64.06,61.49,61.27
VTM,24/07/2026,1.46,1.46,1.395,1.43,127354,1.225,1.22,1.48,1.775,1.58,1.365,1.36,1.31,1.415,1.31,1.22,1.165,1.25,1.13,1.09,1.1,1.14,1.13,1.15,1.24,1.26,1.14,1.23,1.18,1.15,1.28,1.33,1.17,1.12,1.235,1.185,1.36,1.46,1.355,1.38,1.43,1.58,1.845,1.795,1.7,1.675,1.65,1.475,1.29,1.43,1.52,1.52,1.65,1.675,1.7,1.575,1.38,1.43
VTS,24/07/2026,524.17,524.31,522.44,522.97,9023,475.86,482.21,477.83,489.6,487.42,489.58,491.5,488,496.7,497.54,501.78,504.41,500.99,510.86,513.69,509.14,505.09,498.52,514.83,510.6,510.57,504.44,504.96,503,508.49,512.18,499.07,486.74,479.23,474.81,482.23,476.7,479.28,465.47,459.78,464.15,464.18,474.66,483.7,491.37,493.91,500.27,509.17,513.27,519.33,521.82,519.67,525.46,523.2,533.26,533.91,527.06,522.97
VTX,24/07/2026,0.098,0.1,0.092,0.095,784073,0.21,0.21,0.205,0.235,0.22,0.25,0.32,0.355,0.345,0.35,0.35,0.33,0.305,0.28,0.24,0.205,0.22,0.22,0.27,0.26,0.245,0.265,0.23,0.245,0.22,0.235,0.265,0.235,0.205,0.2,0.175,0.21,0.165,0.17,0.14,0.16,0.17,0.18,0.18,0.165,0.165,0.17,0.145,0.145,0.13,0.12,0.105,0.11,0.115,0.105,0.1,0.098,0.095
VTXO,24/07/2026,0.059,0.059,0.059,0.059,0,0.13,0.12,0.13,0.14,0.16,0.165,0.22,0.24,0.235,0.235,0.26,0.225,0.195,0.16,0.115,0.12,0.125,0.13,0.18,0.17,0.16,0.15,0,0.15,0.145,0.15,0.17,0.13,0.125,0.1,0.1,0.14,0.08,0.08,0.085,0.075,0,0,0.07,0.08,0.095,0.095,0.095,0.06,0.06,0.06,0.05,0.05,0.05,0.06,0,0.059,0.059
VUL,24/07/2026,2.67,2.705,2.57,2.59,2528632,4.34,3.72,3.71,3.68,3.65,4.14,4,3.75,4.72,5.78,6.16,6.78,6.59,6.37,6.73,5.95,6.55,5.57,6.01,4.41,3.93,3.97,4.45,4.4,4.6,4.42,4.46,4.02,3.54,3.51,3.71,3.74,3.61,3.28,2.99,3.27,3.28,3.72,3.52,3.65,3.88,3.73,3.61,3.49,3.99,3.39,3.31,3.35,2.99,3.09,2.87,2.69,2.59
VVA,24/07/2026,1.46,1.485,1.3975,1.41,81081,1.2675,1.29,1.37,1.485,1.48,1.515,1.715,1.685,1.72,1.805,1.82,1.785,1.76,1.7125,1.685,1.6,1.74,1.54,1.6,1.68,1.61,1.645,1.615,1.635,1.665,1.625,1.62,1.425,1.545,1.7,1.7,1.67,1.68,1.67,1.585,1.56,1.565,1.55,1.55,1.5525,1.56,1.535,1.485,1.44,1.58,1.695,1.575,1.59,1.57,1.565,1.52,1.465,1.41
VVLU,24/07/2026,79.42,79.42,79.2,79.28,23917,73.47,72.8,72.84,76.27,76.94,77.35,77.63,77.2,78.03,77.22,77.68,76.67,76.7,78.35,76.6,77.38,78.55,76.83,79.95,79.71,81.8,81.48,80.62,79.98,81.76,83.27,81.67,79.8,81.8,81.18,82.27,81.14,80.22,76.69,76.12,79,76.57,77.73,78.15,78.4,79,78.99,78.27,79.6,80.56,80.91,82.19,80.93,83.21,78.48,78.51,80,79.28
VYS,24/07/2026,1.07,1.07,1.005,1.055,630798,0.535,0.51,0.525,0.55,0.54,0.54,0.57,0.605,0.61,0.57,0.59,0.61,0.59,0.605,0.645,0.625,0.64,0.605,0.63,0.64,0.65,0.63,0.625,0.725,0.735,0.715,0.785,0.795,0.69,0.7575,0.835,0.87,0.85,0.755,0.725,0.665,0.66,0.67,0.72,0.75,0.74,0.795,0.76,0.795,0.8,0.915,1.035,1.03,1,0.98,0.955,0.925,1.055
W2V,24/07/2026,0.062,0.062,0.058,0.058,92056,0.008,0.008,0.008,0.008,0.008,0.008,0.008,0.009,0.008,0.008,0.009,0.008,0.008,0.009,0.008,0.008,0.008,0.008,0.009,0.01,0.01,0,0,0.1,0.13,0.15,0.14,0.105,0.105,0.105,0.099,0.11,0.105,0.092,0.09,0.078,0.08,0,0.071,0.07,0.08,0.075,0.072,0.07,0.07,0.066,0.0635,0.071,0.065,0.07,0.061,0.058,0.058
WA1,24/07/2026,11.35,11.35,10.98,11.2,148299,17.58,15.4,18.86,16.96,16.81,17.9,17.99,17.5,18.64,18.36,19.99,20.8,20.65,20.01,16.69,15.23,15.33,15.04,16.13,16.65,17.61,18.3,19.66,19.2,19.4,18.26,17.41,17.08,15.22,15.44,15.6,17.53,15.66,14.38,13.31,13.72,14.71,15.19,14.45,15.15,15.22,15.75,15.15,14.24,13.35,13.19,12.68,12.57,11.32,12.81,12.23,11.17,11.2
WAA,24/07/2026,1.16,1.16,1.135,1.14,619121,0.87,0.87,0.87,0.875,0.885,0.91,0.9,0.935,0.98,0.98,1,1.02,1.01,1.035,1.045,1.02,1.05,0.985,1.01,1.015,0.985,0.98,0.99,1,1.075,1.095,1.09,1.095,1.02,1.015,1.025,1.03,0.99,0.985,0.95,0.92,0.925,0.985,0.995,1.02,1.025,1.04,1.01,1.01,0.995,1.015,1.005,1.025,1.02,1.045,1.09,1.18,1.14
WAF,24/07/2026,2.88,2.93,2.79,2.8,3031864,2.38,2.26,2.67,2.77,2.79,3.04,3.04,3.04,3.04,3.04,3.04,3.04,3.04,3.04,3.04,3.04,3.04,3.04,2.81,2.88,2.9,2.84,3.14,3.07,3.31,3.42,3.72,3.69,3.2,3.51,3.57,3.49,3.15,2.83,2.93,3.01,3.24,3.35,3.44,3.22,3.02,3.17,3.27,3.01,3.17,3.09,3,3.11,2.88,2.91,2.85,2.7,2.8
WAG,24/07/2026,0.57,0.57,0.57,0.57,0,0.4,0.385,0.4,0.41,0.435,0.445,0.44,0.445,0.445,0.475,0.485,0.485,0.55,0.52,0.58,0.595,0.6,0.6,0.6,0.585,0.585,0.585,0.59,0.59,0.6,0.59,0.59,0.59,0.59,0.62,0.6,0.645,0.635,0.635,0.58,0.595,0.55,0,0.55,0.6,0.57,0.6,0.6,0.61,0.61,0.605,0.59,0.595,0.565,0.575,0.56,0.56,0.57
WAK,24/07/2026,0.005,0.006,0.005,0.006,225000,0.04,0.039,0.042,0.042,0.044,0.039,0.042,0.04,0.038,0.039,0.04,0.041,0.04,0.036,0.035,0.036,0.038,0.035,0.034,0.034,0.035,0.031,0.027,0.024,0.026,0.028,0.025,0.025,0.025,0.025,0.025,0.025,0.025,0.025,0.025,0.025,0.025,0,0.025,0.025,0.025,0.025,0.025,0.009,0.009,0.006,0.006,0.005,0.005,0.0055,0.006,0.006,0.006
WAM,24/07/2026,1.57,1.58,1.56,1.56,837250,1.655,1.675,1.7,1.725,1.725,1.72,1.77,1.785,1.845,1.88,1.9,1.9,1.9,1.72,1.765,1.74,1.77,1.76,1.775,1.78,1.77,1.78,1.77,1.805,1.83,1.86,1.835,1.825,1.785,1.8,1.78,1.765,1.725,1.685,1.685,1.685,1.69,1.755,1.735,1.715,1.735,1.745,1.72,1.6,1.55,1.5,1.515,1.515,1.485,1.565,1.55,1.57,1.56
WAR,24/07/2026,1.11,1.11,1.09,1.1,298195,1.09,1.1,1.12,1.125,1.145,1.135,1.135,1.135,1.135,1.13,1.115,1.11,1.095,1.085,1.09,1.07,1.08,1.09,1.08,1.125,1.135,1.135,1.14,1.14,1.135,1.14,1.15,1.15,1.13,1.17,1.185,1.19,1.15,1.155,1.145,1.1,1.135,1.165,1.16,1.175,1.14,1.13,1.135,1.125,1.115,1.11,1.075,1.08,1.07,1.09,1.105,1.105,1.1
WAT,24/07/2026,5.38,5.38,5.38,5.38,5000,6.9,6.9,6.8,6.8,6.75,6.5,6.4,6.38,6.26,5.7,5.49,5.3,5.25,5.35,5.11,4.95,4.79,5,5,4.91,4.9,5.1,5.08,4.92,5,5.34,5.28,5.37,5.36,5.17,5.17,5,5,4.9,5.05,5.62,5.7,5.72,5.5,5.15,5.45,5.45,5.46,5.45,5.12,5.13,5.13,5.15,5.2,5.1,5.01,5,5.38
WAU,24/07/2026,0.017,0.017,0.016,0.016,2521894,0,0,0,0,0,0,0,0,0,0,0,0,0,0,0,0,0,0,0,0,0,0,0,0,0,0,0,0,0,0,0,0,0,0,0,0,0,0,0,0.032,0.0315,0.033,0.034,0.03,0.027,0.025,0.021,0.02,0.018,0.019,0.018,0.016,0.016
WAX,24/07/2026,1.06,1.075,1.055,1.07,227949,1.18,1.205,1.225,1.21,1.215,1.24,1.265,1.24,1.29,1.32,1.34,1.335,1.24,1.26,1.24,1.22,1.25,1.2,1.245,1.255,1.225,1.215,1.21,1.21,1.275,1.255,1.265,1.26,1.23,1.23,1.205,1.185,1.17,1.155,1.135,1.13,1.12,1.135,1.14,1.145,1.145,1.175,1.1,1.1,1.065,1.03,1.02,1.045,1.025,1.085,1.045,1.06,1.07
WBC,24/07/2026,36.55,37.14,36.52,37.14,3498060,33.03,33.45,33.66,36.81,38.98,38.61,38.17,38.48,38.55,38.17,39.31,39.21,38.73,38.87,38.74,38.98,38.81,37.13,37.59,38.09,38.8,38.76,39.14,38.95,37.9,39.19,38.74,38.82,39.43,40.52,42.54,42.54,41,40.99,40.7,40.74,39.85,42.77,39.73,39.01,38.45,37.44,35.84,36.55,36,34.81,35,35.01,35.14,35.69,36.54,36.56,37.14
WBCPJ,24/07/2026,101.75,101.92,101.72,101.8,7610,103.54,103.23,103.3,103.41,103.75,103.7,103.95,103.01,102.23,102.16,102.98,102.74,102.66,102.77,103.03,103.14,103.07,103.23,103.3,103.72,102.244,102.03,102.19,102.4,102.2,102.26,102.46,102.83,103.2,103.25,103.26,103.02,103.22,101.29,102.04,101.85,101.76,101.512,102.13,101.67,102,101.86,102.68,102.41,102.34,103,100.88,101.559,101.37,101.62,101.6,101.75,101.8
WBCPK,24/07/2026,104.74,105.01,104.74,105.01,4679,103.57,103.79,104.96,104.6,104.35,104.8,105.19,103.85,103.87,104.35,104.12,104.4,104,104.15,104,104.07,104.65,105.39,104.45,104.49,103.25,103.99,104.42,104.25,104.499,104.2,104.7,105.27,105.726,104.901,104.74,104.46,104.99,103.62,103.3,103.1,102.9,103.22,103.05,103.1,103,103.15,103.71,104.5,104.78,104.91,103.6,103.66,104.5,105.26,105.2,105.25,105.01
WBCPL,24/07/2026,104.15,105.1,104.15,104.65,7590,104.38,104.8,104.93,104.901,105.55,105.35,105.61,104.97,104.7,105.28,104.5,105,104.7,104.7,104.96,105.21,105.1,104.79,104.84,104.89,104.44,104.25,105.08,105.4,104.98,104.82,104.52,104.4,105.45,105.44,104.83,105.23,105.646,103.47,103.78,104.1,103.38,103.69,103.2,103.46,103.8,104.4,104.15,104.37,104.85,104.96,103.59,103.78,104.55,104.45,103.84,104.6,104.65
WBCPM,24/07/2026,107.42,107.42,106.9,107.42,9626,105.53,106.011,106.28,106.3,106.7,106.53,106.65,105.8,105.4,106.11,106.1,106.05,105.26,105.96,106.5,106.615,106.65,106.6,106.03,106.575,105.3,105.92,105.821,106.04,106.4,106.497,106.49,106.23,107.21,107.3,107.24,107.16,107.28,106,105.7,105.35,105.48,105.16,104.999,105.07,105.47,105.8,105.83,106.58,106.681,106.95,105.3,106.1,107.32,106.97,106.03,107.4,107.42
WBND,24/07/2026,49.17,49.25,49.15,49.15,24684,0,50.06,50.26,50.26,50.21,50.34,50.3,50.3,50.68,50.68,50.45,50.4,50.86,50.91,50.84,50.84,50.56,50.49,50.49,50.64,50.54,50.49,50.54,50.23,50.27,50.42,50.26,50.28,50.43,50.61,50.82,50.94,50.54,50.27,50.15,49.77,49.9,49.76,49.87,49.85,49.78,49.86,49.5,49.69,50.03,49.99,49.98,50.03,50.33,49.74,49.56,49.48,49.15
WBT,24/07/2026,5.22,5.3,5.05,5.24,1694958,2.17,2.28,2.26,2.5,2.95,2.83,2.61,2.57,3.2,3.32,3.57,4.56,4.11,5.12,5.44,3.97,3.6,3.47,3.92,4,4.06,4.79,4.9,4.83,4.91,4.91,6,5.3,4.34,4.91,4.9,4.98,4.84,4.65,5.13,3.82,3.55,3.78,4.06,4.31,4.16,4.38,6.8,7.31,7.25,7.55,6.31,8.55,7.98,7.87,7.83,5.84,5.24
WC1,24/07/2026,0.014,0.014,0.014,0.014,170000,0.023,0.022,0.019,0.021,0.02,0.02,0.018,0.021,0.019,0.022,0.021,0.024,0.03,0.025,0.026,0.026,0.021,0.017,0.018,0.018,0.018,0.019,0.02,0.019,0.021,0.025,0.028,0.023,0.023,0.024,0.025,0.023,0.022,0.021,0.019,0.018,0.019,0.019,0.02,0.022,0.021,0.02,0.019,0.018,0.022,0.02,0.018,0.019,0.018,0.017,0.0165,0.014,0.014
WC1O,24/07/2026,0.003,0.004,0.003,0.004,454934,0.006,0.01,0.01,0.01,0.01,0.01,0.01,0.01,0.01,0.01,0.006,0.007,0.013,0.012,0.012,0.01,0.008,0.008,0.009,0.009,0.009,0.009,0,0.008,0.01,0.01,0.01,0.007,0.008,0.009,0.007,0.007,0.007,0.007,0.007,0.004,0,0,0.009,0.007,0.007,0.007,0.007,0.007,0.008,0.008,0.006,0.006,0.007,0.005,0,0.005,0.004
WC8,24/07/2026,0.365,0.365,0.35,0.355,2514170,0.2,0.155,0.18,0.195,0.165,0.175,0.185,0.185,0.21,0.205,0.22,0.22,0.235,0.22,0.225,0.195,0.275,0.26,0.27,0.28,0.33,0.32,0.375,0.375,0.395,0.445,0.46,0.365,0.33,0.405,0.445,0.47,0.405,0.365,0.345,0.375,0.39,0.38,0.47,0.49,0.615,0.625,0.61,0.575,0.555,0.5,0.48,0.565,0.505,0.52,0.475,0.38,0.355
WCE,24/07/2026,0.099,0.1,0.094,0.095,1710771,0.175,0.135,0.17,0.185,0.205,0.22,0.22,0.23,0.205,0.17,0.17,0.19,0.195,0.165,0.15,0.14,0.17,0.145,0.175,0.185,0.19,0.195,0.245,0.25,0.25,0.24,0.265,0.22,0.19,0.205,0.2,0.215,0.205,0.185,0.15,0.16,0.165,0.185,0.175,0.145,0.14,0.16,0.15,0.15,0.14,0.125,0.12,0.115,0.096,0.115,0.115,0.099,0.095
WCMQ,24/07/2026,10.27,10.27,10.105,10.12,93367,9.97,10.03,9.95,10.14,10.12,10.18,10.13,10.38,10.385,10.59,10.76,10.68,10.44,10.43,10.7,10.61,10.37,10.07,10.31,10.33,10.43,10.33,10.47,10.28,10.49,10.61,10.33,10.27,9.69,9.67,10.09,10.04,9.82,9.6,9.53,9.36,9.39,9.66,9.79,9.84,9.85,10.05,9.97,10.15,10.265,10.32,10.23,10.82,10.86,10.66,10.52,10.12,10.12
WCN,24/07/2026,0.019,0.019,0.017,0.017,8546982,0.025,0.025,0.025,0.026,0.026,0.027,0.024,0.023,0.025,0.023,0.021,0.021,0.02,0.02,0.02,0.018,0.02,0.0185,0.018,0.018,0.017,0.018,0.018,0.0195,0.019,0.019,0.019,0.017,0.016,0.016,0.016,0.017,0.016,0.017,0.016,0.013,0.014,0.015,0.014,0.016,0.017,0.015,0.017,0.016,0.013,0.015,0.018,0.017,0.015,0.016,0.016,0.017,0.017
WDIV,24/07/2026,21.34,21.45,21.34,21.36,39357,21.07,21.06,21.17,21.61,21.88,21.47,21.5,21.3,21.37,21.34,21.48,21.37,21.84,21.92,21.51,21.92,22.21,22,22.35,21.92,21.96,22.23,22.05,21.8,22.02,22.34,21.93,21.87,22.3,22.31,22.48,22.38,21.83,21.1,21,21.55,21.57,21.72,21.53,21.68,21.85,21.65,21.78,22.22,22.3,22.22,22.6,22.32,22.82,21.02,21.09,21.33,21.36
WDMF,24/07/2026,54.19,54.2,54.03,54.05,19269,49.75,50.22,50.07,51.3,51.36,51.12,51.35,51.16,51.77,52,52.6,52.53,52.43,53.04,53.78,53.32,53.19,52.27,53.92,53.35,53.51,53.16,53.38,53.31,53.49,53.54,52.3,51.53,51.04,50.84,51.23,51.16,50.95,49.71,49.29,49.87,50.13,51.26,51.83,51.98,52.23,52.75,53.36,53.82,54.68,54.81,54.84,55.18,55.19,54.58,54.68,54.16,54.05
WDS,24/07/2026,32.3,32.7,32.11,32.37,5875801,26.2,26.53,26.83,26.82,26.61,26.41,25.68,24.22,23.03,23.33,23,22.55,22.1,24.4,24.8,25.84,26.24,25.41,24.93,25.15,24.73,22.8,23.16,23.66,23.59,23.68,24.08,25.37,25.48,25.78,27.43,28.31,30.75,31.04,34.04,34.47,34.93,33.28,32.73,32.61,33.12,30.05,31.25,32.1,30.66,30.91,31.23,29.03,27.65,27.87,29.05,30.46,32.37
WEB,24/07/2026,2.5,2.67,2.5,2.57,3701008,4.67,4.42,4.45,4.46,4.56,4.42,4.25,4.14,4.12,4.08,4.07,4.46,4.3,4.31,4.18,3.9,4.12,3.86,4.77,4.8,4.92,5.03,4.94,4.8,4.7,4.74,4.75,4.62,2.96,3.48,3.52,3.23,2.9,2.66,2.88,2.7,2.6,2.69,2.9,2.76,2.68,2.75,2.44,2.32,2.61,2.38,2.45,3.01,2.98,2.84,2.63,2.44,2.57
WEC,24/07/2026,0.18,0.19,0.18,0.185,590374,0.035,0.035,0.04,0.028,0.04,0.035,0.035,0.038,0.035,0.035,0.035,0.035,0.035,0.032,0.037,0.03,0.03,0.03,0.03,0.032,0.032,0.026,0.028,0.028,0.035,0.044,0.045,0.045,0.045,0.04,0.041,0.04,0.046,0.055,0.05,0.04,0.04,0,0.04,0.04,0.055,0.055,0.044,0.066,0.195,0.195,0.19,0.195,0.19,0.175,0.195,0.175,0.185
WEL,24/07/2026,0.0015,0.0015,0.0015,0.0015,0,0.001,0.002,0.002,0.002,0.002,0.002,0.002,0.002,0.002,0.002,0.0025,0.002,0.002,0.002,0.002,0.0025,0.002,0.002,0.002,0.002,0.002,0.002,0.002,0.001,0.0015,0.002,0.002,0.002,0.002,0.002,0.002,0.002,0.002,0.002,0.003,0.002,0.002,0.0025,0.0025,0.002,0.002,0.002,0.002,0.002,0.0015,0.0015,0.0015,0.0015,0.001,0.001,0.002,0.0015,0.0015
WEMG,24/07/2026,28.48,28.48,28.34,28.34,31,27.62,27.66,27.79,28.19,28.5,28.09,28.13,28.73,29.25,29.17,29.85,29.83,30.16,30.43,30.51,30.21,30.17,29.5,29.5,29.35,29.3,29.22,29.2,29.66,30.24,30.92,30.29,29.95,29.68,29.79,29.8,29.75,28.72,28.04,27.74,28.06,27.98,29.07,29.49,29.5,29.54,30.07,29.87,29.83,30.46,30.14,30.61,31.21,30.17,29.03,29.21,28,28.34
WES,24/07/2026,88.1,88.5,86.95,87.25,1429516,82.43,84.97,90.26,89.4,94.63,91.81,92.56,92.65,93.08,92.13,91.55,89.04,88.83,91.35,84,80.77,81.13,80.03,81.88,81.16,80.62,81.02,81.56,81.72,81.06,83.21,82.8,83.36,85.04,87.69,83.99,79.62,75.82,75.92,73.03,73.38,73.34,76.32,72.85,74.2,73.44,72.25,71.67,74.68,79.79,78.93,86.47,85.76,90.74,88.25,89.7,92.8,87.25
WGB,24/07/2026,2.24,2.26,2.19,2.22,484664,2.55,2.57,2.54,2.55,2.58,2.57,2.5,2.46,2.5,2.5,2.52,2.51,2.48,2.53,2.52,2.35,2.43,2.39,2.41,2.41,2.47,2.5,2.45,2.48,2.44,2.44,2.42,2.45,2.39,2.42,2.29,2.36,2.26,2.22,2.2,2.09,2.19,2.27,2.18,2.12,2.15,2.18,2.19,2.19,2.16,2.18,2.19,2.18,2.12,2.17,2.23,2.2,2.22
WGN,24/07/2026,4,4.02,3.9,4,272173,2.22,2.07,2.05,2.2,2.01,2.55,2.66,2.55,2.76,2.81,2.65,2.52,2.64,2.83,2.7,3.21,3.33,3.49,3.54,3.52,3.6,3.64,3.52,3.59,3.86,3.78,3.67,3.58,3.81,3.64,3.83,4.64,4.26,4.27,4.03,4.01,4.08,4.12,4.18,4.38,4.56,4.7,4.6,4.65,4.59,4.32,4.54,4.8,4.86,4.41,4.15,4.09,4
WGR,24/07/2026,0.092,0.1,0.092,0.099,291066,0.087,0.087,0.095,0.09,0.086,0.1,0.11,0.115,0.125,0.155,0.14,0.16,0.165,0.165,0.165,0.16,0.165,0.155,0.17,0.165,0.17,0.185,0.195,0.19,0.2,0.205,0.2475,0.22,0.175,0.19,0.195,0.21,0.19,0.185,0.165,0.14,0.175,0.16,0.16,0.155,0.145,0.15,0.145,0.14,0.135,0.125,0.125,0.12,0.11,0.12,0.12,0.084,0.099
WGX,24/07/2026,4.72,4.74,4.58,4.62,2912947,2.64,2.53,3.08,3.09,3.22,3.44,3.72,3.95,3.97,4.32,5.51,5.32,5.83,5.14,5.32,5.5,5.69,5.45,6.1,5.88,6.1,6.22,6.5,6.45,6.32,6.65,7.67,7.36,6.68,7.16,7.27,7.75,6.63,6.21,5.29,5.42,6.01,6.66,6.3,6.07,5.36,5.6,5.29,4.96,5.13,4.89,4.76,5.01,4.83,5.08,4.76,4.35,4.62
WHC,24/07/2026,7.9,8.01,7.74,7.75,2690145,6.95,6.4,6.96,6.93,6.53,6.62,6.42,6.1,6.76,6.8,6.63,6.5,6.91,6.98,7.2,7.23,7.02,6.73,6.93,7.82,7.73,7.82,7.86,7.81,7.83,8.88,9,8.83,8.87,8.6,7.81,7.81,8.48,9.35,9.3,9.23,9.08,8.12,8,7.93,8.63,7.89,7.97,8.16,8.75,9.37,8.88,8.16,8.07,7.59,7.42,7.43,7.75
WHF,24/07/2026,4.74,4.76,4.73,4.76,124446,5.58,5.67,5.73,5.79,5.58,5.64,5.57,5.58,5.55,5.53,5.63,5.61,5.58,5.55,5.63,5.62,5.6,5.48,5.57,5.39,5.31,5.3,5.42,5.44,5.44,5.42,5.35,5.31,5.17,5.28,5.29,5.25,5.22,5.12,5.06,4.96,4.93,4.97,4.96,4.89,4.93,4.84,4.81,4.77,4.87,4.56,4.52,4.65,4.69,4.75,4.73,4.85,4.76
WHFPA,24/07/2026,1,1,1,1,0,1,1,1,1,1,1,1,1,1,1,1,1,1,1,1,1,1,1,1,1,1,1,1,1,1,1,1,1,1,1,1,1,1,1,1,1,1,0,1,1,1,1,1,1,1,1,1,1,1,1,1,1,1
WHI,24/07/2026,1.33,1.33,1.3,1.3,297999,1.36,1.365,1.4,1.39,1.39,1.4,1.43,1.425,1.45,1.46,1.48,1.5,1.425,1.48,1.435,1.365,1.38,1.365,1.425,1.335,1.385,1.385,1.42,1.4,1.42,1.44,1.405,1.41,1.41,1.4,1.405,1.43,1.38,1.325,1.32,1.335,1.335,1.37,1.355,1.345,1.375,1.37,1.365,1.265,1.255,1.28,1.275,1.305,1.315,1.295,1.305,1.32,1.3
WHK,24/07/2026,0.004,0.004,0.004,0.004,1000000,0.012,0.011,0.0105,0.012,0.01,0.012,0.012,0.011,0.011,0.011,0.012,0.0105,0.011,0.011,0.011,0.01,0.009,0.009,0.008,0.008,0.009,0.009,0.008,0.0085,0.008,0.008,0.0085,0.008,0.007,0.007,0.0065,0.007,0.006,0.007,0.006,0.007,0.007,0.007,0.008,0.007,0.006,0.007,0.006,0.006,0.005,0.005,0.005,0.004,0.004,0.004,0.004,0.0045,0.004
WHKOA,24/07/2026,0.001,0.001,0.001,0.001,0,0.003,0.003,0.003,0.004,0.004,0.004,0.004,0.004,0.004,0.004,0.005,0.005,0.005,0.003,0.003,0.002,0.002,0.002,0.002,0.002,0.002,0.002,0,0.002,0.002,0.002,0.002,0.002,0.002,0.002,0.002,0.002,0.002,0.002,0.002,0.001,0,0,0.002,0.002,0.002,0.002,0.001,0.001,0.001,0.001,0.001,0.001,0.001,0.001,0,0.001,0.001
WIA,24/07/2026,0.45,0.45,0.41,0.415,1906404,0.295,0.3,0.315,0.315,0.32,0.32,0.31,0.32,0.345,0.36,0.35,0.365,0.355,0.36,0.355,0.325,0.35,0.35,0.355,0.425,0.45,0.48,0.5,0.485,0.49,0.46,0.52,0.44,0.395,0.46,0.45,0.545,0.575,0.505,0.42,0.39,0.43,0.465,0.485,0.515,0.47,0.495,0.5,0.485,0.47,0.465,0.44,0.47,0.45,0.49,0.535,0.405,0.415
WIN,24/07/2026,0.018,0.018,0.017,0.017,443133,0.022,0.02,0.022,0.024,0.022,0.019,0.02,0.0185,0.018,0.039,0.044,0.04,0.046,0.044,0.044,0.041,0.043,0.038,0.044,0.038,0.037,0.032,0.035,0.034,0.036,0.035,0.034,0.035,0.032,0.033,0.03,0.0295,0.028,0.026,0.024,0.022,0.027,0.026,0.025,0.025,0.024,0.025,0.025,0.022,0.021,0.02,0.021,0.021,0.018,0.02,0.018,0.019,0.017
WINO,24/07/2026,0.003,0.003,0.003,0.003,0,0,0,0,0,0,0,0,0,0,0,0,0,0,0,0,0,0,0,0,0,0,0,0,0,0,0,0,0,0.007,0.005,0.006,0.005,0.005,0.004,0.004,0.004,0,0,0.004,0.004,0.004,0.005,0.005,0.005,0.003,0.003,0.003,0.003,0.003,0.003,0,0.003,0.003
WIRE,24/07/2026,22.1,22.3,22.01,22.02,195691,13.98,13.26,13.95,14.5,14.38,15.1,15.6,16.05,16.18,17.38,18.52,19.28,19.14,18.62,19.03,18.58,18.94,17.84,19.26,20.57,20.88,21.05,22.04,22.25,23.36,25.04,24.67,26.29,23.75,25.3,25.03,27.18,24.09,23.24,20.9,21.4,22.32,23.6,24.33,23.62,22.7,24,24.26,23.89,25.11,25.22,24.15,24.51,22.19,22.91,21.74,20.88,22.02
WJL,24/07/2026,0.4,0.405,0.39,0.395,573719,0.915,0.9,0.89,0.94,0.94,0.905,0.915,0.905,0.895,0.87,0.87,0.845,0.86,0.875,0.84,0.85,0.79,0.905,0.89,0.895,0.88,0.87,0.87,0.875,0.86,0.85,0.83,0.805,0.765,0.58,0.55,0.555,0.535,0.615,0.55,0.525,0.52,0.52,0.575,0.55,0.525,0.53,0.505,0.45,0.415,0.39,0.39,0.455,0.41,0.405,0.415,0.4,0.395
WLE,24/07/2026,1.385,1.385,1.37,1.385,1012631,1.285,1.3,1.315,1.345,1.325,1.335,1.36,1.345,1.345,1.375,1.37,1.375,1.365,1.405,1.4,1.29,1.31,1.295,1.28,1.305,1.285,1.3,1.305,1.32,1.34,1.37,1.37,1.375,1.35,1.375,1.38,1.43,1.4,1.37,1.375,1.365,1.37,1.405,1.33,1.32,1.32,1.32,1.325,1.32,1.31,1.315,1.31,1.335,1.33,1.38,1.4,1.37,1.385
WMA,24/07/2026,0.99,1,0.99,0.99,147402,0.995,1.01,1.015,1,1.005,1.03,1.025,1.04,1.04,1.035,1.045,1.05,1.04,1.01,1.01,0.995,0.975,0.98,1.005,0.99,1.005,1,1,1.025,1.02,1.03,1.03,1.03,1.03,1.02,1.03,1.015,0.99,0.975,0.995,0.99,1.02,0.99,0.975,0.985,0.99,0.985,0.99,0.965,0.965,0.955,0.99,0.965,0.97,0.975,1.005,0.98,0.99
WMG,24/07/2026,0.185,0.185,0.185,0.185,4284,0.25,0.23,0.24,0.21,0.235,0.23,0.245,0.195,0.25,0.265,0.26,0.245,0.225,0.225,0.25,0.215,0.235,0.23,0.22,0.21,0.23,0.225,0.23,0.24,0.28,0.29,0.285,0.27,0.235,0.245,0.215,0.22,0.205,0.195,0.185,0.2,0.18,0.175,0.19,0.19,0.25,0.225,0.195,0.17,0.19,0.2,0.19,0.2,0.19,0.185,0.18,0.165,0.185
WMI,24/07/2026,1.475,1.48,1.45,1.45,276788,1.51,1.54,1.58,1.6,1.595,1.655,1.63,1.66,1.67,1.71,1.785,1.8,1.68,1.66,1.64,1.62,1.605,1.615,1.62,1.61,1.585,1.6,1.61,1.615,1.655,1.71,1.67,1.7,1.63,1.66,1.625,1.63,1.545,1.52,1.515,1.5,1.53,1.6,1.565,1.545,1.555,1.59,1.51,1.46,1.41,1.39,1.38,1.385,1.425,1.5,1.46,1.47,1.45
WMX,24/07/2026,1.735,1.735,1.715,1.715,403579,1.65,1.635,1.63,1.655,1.65,1.635,1.625,1.63,1.675,1.71,1.665,1.685,1.67,1.6075,1.61,1.62,1.62,1.57,1.61,1.585,1.595,1.585,1.6,1.605,1.605,1.62,1.63,1.63,1.595,1.62,1.61,1.61,1.605,1.595,1.535,1.54,1.59,1.61,1.615,1.61,1.6,1.615,1.62,1.615,1.635,1.645,1.645,1.7,1.69,1.7,1.695,1.71,1.715
WNR,24/07/2026,0.007,0.007,0.007,0.007,0,0.007,0.007,0.007,0.007,0.007,0.007,0.007,0.007,0.007,0.007,0.007,0.007,0.007,0.007,0.007,0.007,0.007,0.007,0.007,0.007,0.007,0.007,0.007,0.007,0.007,0.007,0.007,0.007,0.007,0.007,0.007,0.007,0.007,0.007,0.007,0.007,0.007,0,0.007,0.007,0.007,0.007,0.007,0.007,0.007,0.007,0.007,0.007,0.007,0.007,0.007,0.007,0.007
WNX,24/07/2026,0.055,0.055,0.055,0.055,0,0.295,0.25,0.235,0.265,0.25,0.23,0.24,0.215,0.235,0.24,0.23,0.225,0.24,0.24,0.195,0.18,0.185,0.18,0.185,0.17,0.125,0.1,0.091,0.092,0.14,0.175,0.165,0.145,0.13,0.12,0.11,0.105,0.096,0.082,0.082,0.079,0.073,0.076,0.08,0.075,0.08,0.079,0.07,0.063,0.06,0.055,0.047,0.045,0.047,0.055,0.055,0.06,0.055
WOA,24/07/2026,0.009,0.01,0.009,0.01,178279,0.019,0.016,0.017,0.018,0.017,0.016,0.013,0.014,0.018,0.02,0.019,0.018,0.02,0.021,0.022,0.018,0.018,0.018,0.019,0.017,0.017,0.018,0.017,0.018,0.0185,0.017,0.017,0.016,0.015,0.016,0.0175,0.015,0.017,0.016,0.017,0.013,0.014,0.014,0.014,0.014,0.014,0.013,0.013,0.012,0.013,0.012,0.0095,0.009,0.006,0.009,0.009,0.01,0.01
WOR,24/07/2026,10.7,10.72,10.54,10.64,2344890,13.17,13.38,13.13,13.05,12.91,14.69,14.66,14.23,13.92,14.05,14.18,14.22,13.79,14.39,14.3,13.63,13.77,13.09,13.34,13.17,12.55,12.57,12.62,12.55,13.08,13.22,13.01,13.41,12.71,13.03,13.39,11.34,10.96,9.84,10.63,11.09,11.23,12.07,11.82,11.88,12.07,12.15,12.5,12.48,12.94,12.99,12.73,12.21,10.83,10.78,10.8,10.73,10.64
WOT,24/07/2026,0.53,0.53,0.53,0.53,0,0.62,0.64,0.6,0.635,0.69,0.65,0.65,0.61,0.6,0.58,0.6,0.58,0.61,0.6,0.6,0.63,0.62,0.62,0.65,0.61,0.6,0.57,0.54,0.57,0.62,0.55,0.52,0.52,0.5,0.51,0.55,0.61,0.57,0.57,0.6,0.62,0.66,0.66,0.67,0.66,0.67,0.67,0.67,0.65,0.6325,0.6,0.6,0.58,0.505,0.55,0.565,0.55,0.53
WOW,24/07/2026,39.13,39.38,38.66,39.18,2378788,30.65,31.26,31.51,32.35,33.12,28.8,27.59,27.97,27.38,26.79,26.55,26.09,26.72,26.72,28.41,28.3,28.24,28.08,29.32,29.37,29.56,29.32,29.3,29.43,30.08,30.35,30.38,30.94,31.45,31.94,31.23,36,35.99,35.73,36.42,36.25,37.01,36.83,36.79,37.89,34.15,33.6,32.98,34.68,35.23,35.69,38.33,38.32,40.24,39.78,40.16,39.2,39.18
WPR,24/07/2026,2.46,2.47,2.44,2.45,1224493,2.46,2.5,2.55,2.59,2.63,2.65,2.71,2.79,2.74,2.75,2.67,2.63,2.67,2.73,2.65,2.68,2.62,2.61,2.65,2.62,2.63,2.66,2.62,2.54,2.53,2.52,2.46,2.45,2.48,2.49,2.5,2.55,2.49,2.45,2.45,2.39,2.38,2.41,2.45,2.49,2.49,2.43,2.43,2.41,2.38,2.39,2.47,2.47,2.5,2.41,2.43,2.45,2.45
WQG,24/07/2026,2.03,2.03,1.98,1.98,368014,1.865,1.935,1.9,1.86,1.9,1.9,1.91,1.855,1.87,1.92,1.94,1.93,1.935,1.975,2.09,2.06,2.07,1.99,2.04,2.05,1.97,1.95,1.965,1.98,1.95,1.975,1.92,1.915,1.865,1.895,1.835,1.85,1.78,1.77,1.785,1.67,1.68,1.76,1.755,1.785,1.835,1.845,1.865,1.88,1.9,1.93,1.825,1.895,1.91,1.93,2.04,2.01,1.98
WRK,24/07/2026,0.079,0.081,0.079,0.08,429292,0.11,0.093,0.11,0.11,0.11,0.11,0.11,0.115,0.125,0.11,0.105,0.11,0.11,0.12,0.1375,0.135,0.1325,0.12,0.125,0.135,0.125,0.12,0.12,0.13,0.15,0.165,0.16,0.16,0.145,0.125,0.135,0.135,0.13,0.12,0.105,0.105,0.11,0.105,0.115,0.115,0.115,0.115,0.11,0.095,0.09,0.1,0.1,0.097,0.091,0.09,0.089,0.08,0.08
WRLD,24/07/2026,23.51,23.51,23.34,23.35,1608,21.28,21.55,21.46,21.89,21.84,21.8,21.87,21.8,22.06,22.11,22.44,22.59,22.43,22.76,22.87,22.74,22.69,22.35,22.86,22.74,22.66,22.6,22.71,22.58,22.785,22.99,22.42,22,21.88,21.75,21.92,21.9,21.75,21.3,21.04,21.29,21.25,21.7,21.95,22.09,22.18,22.47,22.76,22.93,23.19,23.27,23.09,23.45,23.53,23.79,23.75,23.49,23.35
WRX,24/07/2026,0.024,0.024,0.023,0.023,33042,0,0,0,0,0,0,0,0,0,0,0,0,0,0,0,0,0,0,0,0,0,0,0,0,0,0,0,0,0,0,0,0,0.04,0.037,0.035,0.035,0.038,0.033,0.037,0.033,0.033,0.032,0.031,0.031,0.025,0.028,0.024,0.023,0.018,0.017,0.022,0.023,0.023
WSI,24/07/2026,0.058,0.058,0.058,0.058,0,0.06,0.061,0.068,0.063,0.06,0.061,0.057,0.055,0.059,0.057,0.078,0.079,0.076,0.077,0.081,0.079,0.075,0.076,0.073,0.079,0.076,0.073,0.076,0.078,0.088,0.084,0.082,0.083,0.086,0.09,0.092,0.087,0.074,0.072,0.073,0.069,0.067,0,0.071,0.071,0.067,0.07,0.069,0.062,0.062,0.07,0.061,0.061,0.059,0.065,0.061,0.061,0.058
WSR,24/07/2026,0.006,0.006,0.006,0.006,0,0.006,0.006,0.006,0.006,0.006,0.006,0.007,0.007,0.007,0.0065,0.009,0.009,0.009,0.008,0.007,0.007,0.007,0.007,0.006,0.006,0.006,0.006,0.006,0.006,0.006,0.007,0.008,0.008,0.007,0.008,0.007,0.007,0.006,0.006,0.006,0.006,0.006,0.006,0.007,0.007,0.007,0.007,0.007,0.007,0.007,0.007,0.007,0.007,0.007,0.007,0.007,0.007,0.006
WTC,24/07/2026,30.73,30.78,29.87,30.02,2534110,120.16,116.34,115.07,115.62,112.59,101.79,93.56,94.93,96.3,94.13,90.26,85.63,82.23,85.57,69.12,66.17,64.91,65.76,73.02,73.32,70.97,70.18,68.77,68.55,67.01,67.02,61.89,58,47.6,42.62,47.1,47.54,52.72,47.57,42.84,38.36,37.88,37.63,46.18,44.44,43.73,42.27,38.01,37.09,36.01,39.81,37.5,36.88,31.55,32.96,34,34.95,30.02
WTL,24/07/2026,0.165,0.165,0.16,0.16,286585,0.125,0.13,0.145,0.15,0.145,0.145,0.145,0.14,0.14,0.15,0.15,0.15,0.16,0.16,0.155,0.14,0.145,0.145,0.15,0.14,0.145,0.135,0.14,0.135,0.145,0.15,0.14,0.145,0.145,0.135,0.135,0.145,0.14,0.135,0.125,0.13,0.14,0.14,0.135,0.135,0.13,0.13,0.13,0.13,0.12,0.12,0.12,0.135,0.135,0.14,0.14,0.15,0.16
WTM,24/07/2026,0.495,0.5,0.465,0.465,346876,0.275,0.295,0.63,0.72,0.66,0.715,0.69,0.64,0.635,0.705,0.785,0.71,0.825,0.735,0.69,0.7,0.515,0.47,0.57,0.55,0.58,0.515,0.545,0.58,0.545,0.51,0.585,0.55,0.615,0.58,0.55,0.615,0.8,0.66,0.56,0.685,0.66,0.67,0.75,0.695,0.715,0.69,0.68,0.69,0.69,0.655,0.605,0.56,0.49,0.55,0.46,0.44,0.465
WTN,24/07/2026,2.2,2.2,2.2,2.2,0,1.89,1.89,1.93,1.93,1.93,1.99,1.99,1.99,1.99,1.99,1.99,1.99,2.05,2.05,2.04,2.18,2.18,2.18,2.19,2.19,2.19,2.27,2.27,2.27,2.27,2.27,2.27,2.27,2.27,2.27,2.27,2.27,2.27,2.27,2.27,2.27,2.27,0,2.27,2.27,2.27,2.27,2.27,2.27,2.27,2.2,2.2,2.2,2.2,2.2,2.2,2.2,2.2
WVOL,24/07/2026,45.22,45.22,45.07,45.08,1886,43.4,43.45,43.59,44.23,45.06,44.13,44.43,44.06,44.12,44.52,44.83,44.87,45.42,45.46,44.45,44.79,45.34,45.06,45.58,44.92,44.85,44.97,44.82,44.78,44.82,45.64,44.69,44.15,44.52,44.46,45.21,45.17,45,44.11,43.48,44.11,44.55,44.5,44.09,44.02,43.87,43.68,44.23,44.75,44.75,44.92,45.18,45.17,45.75,45.8,45.47,45.04,45.08
WWG,24/07/2026,0.28,0.28,0.25,0.27,39451,0.18,0.155,0.15,0.165,0.15,0.16,0.135,0.195,0.22,0.22,0.22,0.22,0.23,0.275,0.275,0.25,0.255,0.25,0.255,0.26,0.26,0.24,0.22,0.235,0.25,0.285,0.34,0.33,0.325,0.31,0.32,0.36,0.33,0.29,0.25,0.23,0.27,0.275,0.275,0.265,0.275,0.265,0.28,0.25,0.26,0.31,0.29,0.29,0.3,0.335,0.335,0.32,0.27
WWI,24/07/2026,0.415,0.415,0.37,0.37,1234662,0.022,0.021,0.028,0.033,0.034,0.032,0.037,0.047,0.04,0.041,0.058,0.055,0.064,0.057,0.054,0.05,0.051,0.048,0.055,0.054,0.058,0.058,0.063,0.087,0.089,0.091,0.08,0.074,0.074,0.083,0.079,0.083,0.081,0.074,0.065,0.06,0.065,0,0,0.58,0.53,0.605,0.565,0.545,0.525,0.495,0.47,0.47,0.405,0.455,0.405,0.38,0.37
WWIO,24/07/2026,0.255,0.255,0.255,0.255,0,0,0,0,0,0,0,0,0.024,0.021,0.022,0.028,0.026,0.036,0.032,0.029,0.026,0.029,0.025,0.028,0.027,0.033,0.028,0,0.05,0.067,0.063,0.054,0.047,0.045,0.058,0.058,0.055,0.05,0.045,0.045,0.035,0,0,0,0.039,0.039,0.345,0.35,0.32,0.32,0.32,0.32,0.32,0.32,0.28,0,0.255,0.255
WWWW,24/07/2026,14.42,14.42,14.42,14.42,0,0,0,0,0,0,0,0,0,0,0,0,0,0,0,0,0,0,0,13.51,13.64,13.41,13.07,13.21,13.2,13.1,13.12,12.73,12.56,11.99,11.83,11.94,11.7,11.97,11.83,11.68,11.7,11.56,12.02,12.62,13.01,13.26,13.65,14.31,14.4,14.76,14.85,14.35,14.75,14.18,14.55,14.49,14.4,14.42
WXHG,24/07/2026,28.07,28.08,27.96,27.99,8882,26.16,26.02,26.14,26.65,26.36,26.66,26.67,27,27.1,26.95,27.54,27.63,27.14,27.74,28.19,27.48,27.86,27.1,27.93,28.14,28.28,28.01,28.39,28.45,28.71,28.86,28.71,28.57,28.19,28.36,28.55,28.81,28.15,27.57,27.13,26.76,26.9,28.07,28.64,28.65,28.93,29.27,29.44,29.84,30.08,30.28,29.96,30.2,29.77,28.47,28.52,28.23,27.99
WXOZ,24/07/2026,49.21,49.21,48.98,49.02,323779,48.8,49.15,48.99,50.12,50.12,49.79,50.06,49.61,50.3,50.27,50.99,51.04,51.2,51.85,52.1,51.57,51.91,50.79,52.18,51.78,51.81,51.6,51.65,51.72,52.09,52.38,50.94,50.03,49.43,49.01,49.58,49.4,48.7,47.21,46.49,47.01,47.34,48.36,48.82,49.1,49.24,49.65,50.1,50.99,51.33,51.78,51.7,52.1,52.08,50.17,50.1,49.5,49.02
WYNC,24/07/2026,25.45,25.51,25.45,25.51,4001,0,0,0,0,0,0,0,0,0,0,0,0,0,0,0,0,0,0,0,0,0,0,0,0,0,0,0,0,0,0,0,0,0,0,0,0,0,0,0,0,0,0,0,0,0,0,0,25.25,25.24,25.62,25.71,25.6,25.51
WYX,24/07/2026,0.029,0.029,0.027,0.027,60897,0.03,0.028,0.03,0.041,0.041,0.048,0.048,0.047,0.041,0.043,0.04,0.045,0.045,0.07,0.043,0.046,0.046,0.043,0.04,0.036,0.033,0.035,0.032,0.033,0.032,0.031,0.031,0.039,0.044,0.053,0.051,0.046,0.04,0.037,0.044,0.039,0.038,0.041,0.038,0.04,0.04,0.036,0.04,0.04,0.039,0.033,0.033,0.032,0.03,0.032,0.032,0.026,0.027
WYXOA,24/07/2026,0.007,0.007,0.007,0.007,0,0.004,0.004,0.004,0.004,0.004,0.004,0.004,0.004,0.004,0.004,0.004,0.004,0.004,0.011,0.013,0.013,0.013,0.013,0.01,0.01,0.01,0.01,0,0.01,0.009,0.009,0.009,0.013,0.013,0.013,0.017,0.017,0.017,0.017,0.017,0.017,0,0,0.017,0.017,0.017,0.017,0.017,0.017,0.017,0.011,0.007,0.007,0.007,0.007,0,0.007,0.007
WZR,24/07/2026,0.022,0.023,0.021,0.021,3939052,0.029,0.03,0.029,0.03,0.032,0.039,0.035,0.033,0.034,0.037,0.033,0.032,0.032,0.033,0.033,0.034,0.032,0.031,0.031,0.0335,0.03,0.03,0.029,0.03,0.032,0.03,0.028,0.032,0.029,0.027,0.025,0.027,0.024,0.0245,0.022,0.02,0.019,0.019,0.018,0.021,0.022,0.02,0.021,0.021,0.022,0.021,0.0195,0.019,0.018,0.019,0.019,0.021,0.021
X2M,24/07/2026,0.004,0.004,0.0035,0.004,23702589,0.015,0.019,0.016,0.014,0.012,0.014,0.015,0.014,0.014,0.015,0.015,0.015,0.013,0.013,0.013,0.015,0.011,0.012,0.01,0.01,0.013,0.01,0.01,0.008,0.008,0.009,0.009,0.01,0.007,0.008,0.006,0.005,0.006,0.0055,0.0045,0.0045,0.005,0.0045,0.0045,0.004,0.003,0.0045,0.004,0.004,0.005,0.004,0.005,0.005,0.0045,0.005,0.006,0.005,0.004
X2MOA,24/07/2026,0.002,0.002,0.001,0.001,1252368,0,0,0,0,0,0,0,0,0,0,0,0,0,0,0,0,0,0,0,0,0,0,0,0,0,0,0,0,0,0,0,0,0,0,0,0,0,0,0,0,0,0,0,0,0,0,0.002,0.002,0.002,0.002,0,0.002,0.001
XACJ,24/07/2026,1160.011,1160.011,1160.011,1160.011,0,0,0,0,0,0,0,0,0,0,0,0,0,0,0,0,0,0,2100.665,2212.924,2074.859,2041.31,2038.729,0,2060.665,2046.471,2100.02,1710.339,1665.177,1548.402,1570.983,1614.854,1658.08,1542.595,1407.11,1349.69,1371.626,0,0,0,1260.657,1206.463,1203.883,1153.559,1164.527,1242.593,1187.108,1177.431,1265.173,1219.367,1172.269,0,1147.753,1160.011
XACK,24/07/2026,1572.369,1572.369,1572.369,1572.369,0,0,0,0,0,0,0,0,0,0,0,0,0,0,0,0,0,0,2173.074,2294.581,2190.493,2173.994,2145.18,0,2186.72,2214.911,2301.512,2056.054,1974.805,1864.24,1872.738,1951.3,1970.329,1840.854,1698.22,1647.922,1659.416,0,0,0,1602.768,1523.389,1546.516,1537.751,1524.717,1591.874,1523.913,1516.827,1565.675,1508.233,1503.222,0,1523.992,1572.369
XAE,24/07/2026,1273.7,1273.7,1262.5,1266.5,0,1347.5,1369.8,1413,1430.5,1481.6,1483.3,1468.9,1482.9,1466,1446.5,1459.7,1447.1,1466.7,1496.9,1443.5,1438.1,1409.7,1406.2,1432.8,1405.9,1420.8,1444.5,0,1422.3,1410.3,1420,1387.2,1367.7,1326.1,1332.3,1343.1,1334.7,1282.4,1232.5,1212.8,1207.7,0,0,1255.6,1267.8,1272.9,1243.1,1246.5,1244,1258.2,1233.9,1316.2,1318.4,1334.7,1283.7,0,1289,1266.5
XAF,24/07/2026,8669.4,8669.9,8596.2,8628.9,267152100,8465.3,8470.3,8572.6,8703.2,8725.8,8706.7,8590.3,8587.2,8461.6,8464.4,8630,8587.7,8641.7,8677.2,8532.1,8461.2,8274.2,8060.6,8193.6,8255.6,8323.8,8238.6,8362.5,8335.7,8281.3,8445.1,8377.2,8453.5,8396.6,8637,8790.7,8889.9,8570.1,8399.7,8258.1,8330.6,8391.4,0,8738.4,8572.9,8516.1,8537.5,8410,8453.5,8511.8,8403.9,8595.4,8590,8557.8,8611.6,8611.2,8638.1,8628.9
XAG,24/07/2026,1230,1246.8,1225.1,1242.4,13721290,1291.1,1286.5,1320.8,1353.8,1375.1,1389.2,1380,1380,1376.8,1360.2,1381.4,1370.8,1367.5,1361.1,1343.6,1296.2,1307.5,1331.6,1351.9,1325.7,1316.1,1296.1,0,1351.3,1362.8,1379.3,1342.6,1331.9,1237.6,1229.1,1247.2,1255.5,1233.9,1186.4,1178.2,1210.9,0,0,1219.7,1230,1219.2,1180.8,1184.8,1144.9,1172.6,1170.7,1206.5,1202.6,1219.4,1208.6,0,1222.5,1242.4
XALG,24/07/2026,10.37,10.37,10.37,10.37,479,10.6,10.84,10.68,10.92,10.96,10.96,10.89,10.81,10.9,10.83,10.95,10.97,10.92,11.16,11.15,10.97,11,10.74,11,10.91,10.87,10.85,10.79,10.86,10.86,10.83,10.56,10.31,10.03,10.01,10.13,10.01,9.89,9.47,9.38,9.51,9.63,9.87,9.91,10.08,10.04,10.1,10.04,10.19,10.27,10.27,10.3,10.58,10.59,10.5,10.49,10.245,10.37
XAO,24/07/2026,9018.1,9018.1,8909.8,8941.5,1181806000,8934.3,8917.1,9076.6,9212.1,9234.3,9243,9140.5,9128.6,9063.5,9079.2,9288.1,9264.3,9293.2,9317.2,9178,9031.7,8907,8686.3,8918.7,8926.1,8983.3,8918.3,9069,9036.6,9045.9,9226.7,9189.9,9164.8,8954.6,9138.8,9303.2,9435.6,9085.1,8839.1,8628.3,8712.8,8774.9,0,9168.6,9006.4,8954.7,8980.5,8870.6,8877.2,8965,8855.9,9006.1,9047.3,8964.2,9048.3,9003.7,8978.8,8941.5
XARO,24/07/2026,25.21,25.21,25.14,25.14,4329,24.39,24.46,24.53,24.57,24.53,24.47,24.55,24.57,24.59,24.57,24.48,24.66,24.67,24.65,24.72,24.68,24.74,24.82,24.88,24.87,24.66,24.86,24.91,24.83,24.89,24.95,25.03,25.05,25,25.17,25.13,25.13,25.13,24.99,24.87,24.65,24.48,24.73,24.82,24.87,24.78,24.81,24.82,24.89,24.75,24.78,24.84,24.82,24.93,25.01,25.16,25.13,25.14
XASG,24/07/2026,7.01,7.01,7.01,7.01,0,6.87,6.96,6.91,7.06,7.09,7.04,7.04,7.04,6.9,6.97,7.02,7.02,7.13,7.13,7.16,7.13,7.13,7.08,7.08,7.14,7.14,6.96,6.96,7.06,7.1,7.1,6.85,6.67,6.56,6.5,6.63,6.58,6.42,6.23,6.18,6.25,6.33,0,6.51,6.51,6.65,6.59,6.6,6.63,6.74,6.74,6.67,6.67,6.86,6.98,7,7.01,7.01
XAT,24/07/2026,8845.3,8845.3,8747.1,8779,693924400,8660.9,8651.3,8797.8,8934.1,8962.7,8972.6,8869.1,8864.5,8772.2,8786.1,8985.4,8956.7,8992.4,9022.6,8887.2,8771.4,8628.4,8412.1,8603.9,8625,8685.3,8610.9,8752.5,8720.3,8699.5,8878.3,8833.4,8851.1,8694.3,8905.9,9072.5,9184.2,8838.9,8615.1,8436.8,8523.4,8582.6,0,8959.8,8796.9,8745.3,8760.2,8649.3,8673.8,8741.6,8633.8,8818.3,8843.3,8770,8844.5,8810.7,8799,8779
XBAJ,24/07/2026,12905.62,12905.62,12905.62,12905.62,0,0,0,0,0,0,0,0,0,0,0,0,0,0,0,0,0,0,12153.46,12119.68,12298.29,12507.41,12575.67,0,12742.63,12277.76,12618.67,12342.71,12431.23,12803.67,13828.78,14199.5,14032.46,13581.5,13605.67,13524.46,13244.16,0,0,0,13025.57,12892.42,12895.46,12042.7,12392.56,12287.63,11958.49,11928.82,12152.42,12120.33,12329.36,0,12736.68,12905.62
XBAK,24/07/2026,12899.78,12899.78,12899.78,12899.78,0,0,0,0,0,0,0,0,0,0,0,0,0,0,0,0,0,0,12147.31,12113.97,12292.22,12501.38,12570.22,0,12736.27,12272.15,12612.65,12336.93,12425.09,12796.95,13820.89,14191.45,14023.87,13573.1,13596.77,13517.01,13236.46,0,0,0,13018.24,12886.17,12889.34,12037.32,12386.56,12281.67,11952.76,11923.79,12147.35,12115.14,12323.79,0,12731.12,12899.78
XCDJ,24/07/2026,3083.616,3083.616,3083.616,3083.616,0,0,0,0,0,0,0,0,0,0,0,0,0,0,0,0,0,0,3167.885,3218.863,3060.728,3010.791,3009.751,0,3114.827,3135.634,3255.275,3221.984,3349.947,3246.952,3310.414,3391.562,3319.777,3068.011,2860.98,2726.774,2734.057,0,0,0,3190.773,3086.737,2900.514,3044.083,3017.033,3010.791,3001.428,3123.15,3257.356,3269.84,3312.495,0,3230.306,3083.616
XCDK,24/07/2026,2075.636,2075.636,2075.636,2075.636,0,0,0,0,0,0,0,0,0,0,0,0,0,0,0,0,0,0,2132.359,2166.673,2060.23,2026.616,2025.916,0,2096.645,2110.65,2191.183,2168.774,2254.908,2185.58,2228.298,2282.92,2234.6,2065.132,1925.776,1835.439,1840.341,0,0,0,2147.765,2077.737,1952.387,2049.025,2030.818,2026.616,2020.314,2102.247,2192.583,2200.987,2229.698,0,2174.376,2075.636
XCGJ,24/07/2026,3109.699,3109.699,3109.699,3109.699,0,0,0,0,0,0,0,0,0,0,0,0,0,0,0,0,0,0,3101.121,3312.305,3257.275,3206.744,3275.552,0,3380.333,3490.249,3609.685,3512.587,3427.34,3212.356,3307.594,3404.82,3366.861,3263.13,3077.317,3032.84,3088.558,0,0,0,3118.125,3129.62,3186.944,3197.988,3197.685,3293.078,3278.401,3313.542,3350.14,3342.237,3287.824,0,3141.09,3109.699
XCGK,24/07/2026,3502.131,3502.131,3502.131,3502.131,0,0,0,0,0,0,0,0,0,0,0,0,0,0,0,0,0,0,3387.895,3624.628,3583.168,3526.789,3641.204,0,3775.84,3881.041,4004.039,3912.959,3810.897,3533.296,3624.925,3730.668,3726.752,3624.428,3460.008,3395.667,3424.617,0,0,0,3475.881,3474.007,3534.633,3547.179,3555.175,3691.292,3683.595,3702.888,3771.597,3753.713,3689.046,0,3541.254,3502.131
XCSJ,24/07/2026,4530.895,4530.895,4530.895,4530.895,0,0,0,0,0,0,0,0,0,0,0,0,0,0,0,0,0,0,4826.897,5002.657,4874.234,4806.224,4822.51,0,4802.829,4798.901,4962.657,4869.48,4786.124,4739.118,4723.838,4880.828,5036.645,4873.051,4496.171,4390.696,4402.894,0,0,0,4499.561,4592.281,4592.975,4569.582,4275.871,4266.704,4315.586,4555.187,4560.124,4613.078,4724.982,0,4663.928,4530.895
XCSK,24/07/2026,4972.035,4972.035,4972.035,4972.035,0,0,0,0,0,0,0,0,0,0,0,0,0,0,0,0,0,0,5210.964,5403.237,5273.127,5200.264,5216.43,0,5203.23,5202.245,5372.333,5273.037,5181.88,5129.548,5107.498,5283.631,5438.761,5259.333,4853.955,4739.656,4761.719,0,0,0,4880.043,4982.465,5008.552,4981.203,4690.118,4676.478,4740.837,4996.658,5004.81,5051.297,5170.964,0,5116.573,4972.035
XDFJ,24/07/2026,12312.01,12312.01,12312.01,12312.01,0,0,0,0,0,0,0,0,0,0,0,0,0,0,0,0,0,0,10407.69,10736.07,10521.83,10678.94,10581.07,0,10735.11,10842,10967.74,10934.3,10945.46,10543.02,10610.97,10850.8,10755.31,10336.18,9837.11,9810.272,10144.47,0,0,0,11436.88,11633.06,11684.66,11734.18,11676.76,11438.27,11359.52,11652.44,11942.88,11917.13,12263.1,0,12616.13,12312.01
XDFK,24/07/2026,11826.23,11826.23,11826.23,11826.23,0,0,0,0,0,0,0,0,0,0,0,0,0,0,0,0,0,0,10179.88,10513.66,10301.46,10452.25,10361.78,0,10507.54,10615.1,10734.83,10704.63,10693.04,10281.95,10330.78,10554.47,10458.69,10039.99,9549.953,9505.598,9815.369,0,0,0,11011.54,11189.97,11267.7,11298.38,11230.51,11020.57,10935.96,11210.09,11512.89,11464.32,11804.29,0,12127.38,11826.23
XDI,24/07/2026,1895.2,1903.6,1891.3,1898.8,183527200,1821.7,1837,1867.5,1884.6,1932.6,1937.7,1921.7,1925,1901.2,1891.6,1913.2,1902.2,1897.9,1916.1,1887.5,1887.9,1869.2,1827.2,1849,1844.4,1840.2,1826.3,0,1842.4,1826.7,1849.9,1839.5,1860.5,1846.7,1906.8,1944.5,1914.5,1885,1864.1,1868.9,1880.8,0,0,1889.9,1891.5,1887.4,1858.7,1839.9,1860.7,1865.1,1843.5,1907.2,1878.6,1898.6,1863.4,0,1908.9,1898.8
XDJ,24/07/2026,3907.8,3907.8,3853.8,3866.5,16372870,4139.1,4245.1,4405.5,4415.2,4584.1,4594,4556.6,4508,4545.2,4503,4549.4,4445.2,4361.2,4420.2,4207.6,4108.8,4048.8,3999.5,4090.1,4021.5,3968.2,3959,3994.1,3985.3,3954.5,4066.9,4004.6,3956.8,3902.9,3865,3820.5,3693.8,3538.5,3465.3,3345,3406.7,3387.6,0,3456.9,3460.8,3433.2,3342.6,3367.7,3412.3,3561.8,3525.2,3809.1,3828.6,3966.8,3914.8,3952,4055.6,3866.5
XDK,24/07/2026,3793.205,3793.205,3793.205,3793.205,0,0,0,0,0,0,0,0,0,0,0,0,0,0,0,0,0,0,3969.394,4064.255,3991.838,3940.824,3932.664,0,3958.493,3932.98,4042.6,3983.722,3932.999,3874.847,3831.662,3794.56,3669.486,3509.772,3431.568,3312.457,3371.398,0,0,0,3418.258,3388.431,3302.011,3321.718,3362.573,3509.644,3469.948,3744.405,3764.406,3890.757,3842.392,0,3971.272,3793.205
XEC,24/07/2026,2853.8,2853.8,2772.2,2787.2,391377000,2426.8,2352.1,2470.7,2542.9,2499.7,2597.5,2675.9,2691,2767.2,2880.9,3037,3101.5,3064.6,2977,2916.9,2737.1,2795.9,2677.4,2879.4,2862.1,2916.3,3025.7,3147.4,3202.5,3264.5,3354.2,3489,3266.7,2963.3,3037.2,3115.5,3328.3,3212,3069.4,2875.6,2899,2966.9,0,3189.7,3114.8,3056.8,3116.7,3084.8,2979.4,3054.1,2985.5,2948.2,3030.9,2906.3,3020.9,2938.3,2752.9,2787.2
XEJ,24/07/2026,10531.1,10754.2,10531.1,10629.1,69471940,9297.5,9143.1,9317.7,9381.9,9196.7,9315.2,9135.5,8729.3,8374.5,8502.4,8330.2,8210,8073.2,8506.6,8638.7,8724.8,8891.7,8598.2,8589.6,8796.4,8695.3,8199.1,8364.9,8483.2,8478.5,8636.4,8943.8,9324,9099.8,9117.4,9562.7,9591.6,10303.8,10481.1,11146.6,11242.3,11383.3,0,10874,10853.4,11066.6,10223.8,10495.5,10766.2,10413.3,10574.4,10566.5,9792,9387.7,9457.4,9824.2,10037.3,10629.1
XEK,24/07/2026,10637.51,10637.51,10637.51,10637.51,0,0,0,0,0,0,0,0,0,0,0,0,0,0,0,0,0,0,8673.165,8689.62,8919.059,8810.005,8314.666,0,8607.355,8612.708,8768.369,9111.996,9493.671,9209.296,9217.088,9670.811,9709.904,10402.21,10562.11,11208.24,11263.14,0,0,0,10910.61,11095.14,10255.62,10517,10777.45,10428.9,10583.67,10558.61,9805.518,9391.444,9472.751,0,10044.78,10637.51
XEN,24/07/2026,0.0025,0.0025,0.0025,0.0025,150000,0,0,0,0,0,0,0,0,0,0,0,0,0,0,0,0,0,0,0,0,0,0,0,0,0,0,0,0,0,0,0,0,0,0,0.002,0.003,0.003,0,0.004,0.004,0.004,0.003,0.003,0.0025,0.002,0.003,0.0025,0.0025,0.002,0.003,0.003,0.003,0.0025
XENJ,24/07/2026,10629.13,10629.13,10629.13,10629.13,0,0,0,0,0,0,0,0,0,0,0,0,0,0,0,0,0,0,8598.16,8589.595,8796.372,8695.276,8199.126,0,8483.229,8478.523,8636.447,8943.772,9323.992,9099.766,9117.42,9562.67,9591.558,10303.83,10481.11,11146.63,11242.28,0,0,0,10853.35,11066.59,10223.82,10495.55,10766.2,10413.32,10574.41,10566.54,9792.017,9387.744,9457.374,0,10037.29,10629.13
XENK,24/07/2026,10637.51,10637.51,10637.51,10637.51,0,0,0,0,0,0,0,0,0,0,0,0,0,0,0,0,0,0,8673.165,8689.62,8919.059,8810.005,8314.666,0,8607.355,8612.708,8768.369,9111.996,9493.671,9209.296,9217.088,9670.811,9709.904,10402.21,10562.11,11208.24,11263.14,0,0,0,10910.61,11095.14,10255.62,10517,10777.45,10428.9,10583.67,10558.61,9805.518,9391.444,9472.751,0,10044.78,10637.51
XENO,24/07/2026,0.001,0.001,0.001,0.001,0,0,0,0,0,0,0,0,0,0,0,0,0,0,0,0,0,0,0,0,0,0,0,0,0,0,0,0,0,0,0,0,0,0,0,0.001,0.001,0,0,0.001,0.001,0.001,0.001,0.001,0.001,0.001,0.001,0.001,0.001,0.001,0.001,0,0.001,0.001
XEW,24/07/2026,2064.5,2064.5,2022.8,2027.8,0,2077.8,2060.1,2121.7,2155,2156.3,2192.7,2183.4,2176.5,2184.9,2191.8,2252.6,2251.8,2245.7,2246.6,2227.9,2168.6,2182.4,2125.9,2217.4,2193.6,2205.5,2191.9,0,2220,2244.3,2293.2,2299.7,2251.8,2126.1,2135.7,2184.1,2210.3,2138,2046.8,1987.8,2016,0,0,2133,2103.7,2094,2079.7,2069.6,2052.1,2084.9,2069.7,2106.5,2137.2,2079.7,2110.6,0,2047.3,2027.8
XF1,24/07/2026,0.061,0.061,0.061,0.061,0,0.175,0.17,0.175,0.185,0.19,0.19,0.17,0.185,0.18,0.17,0.165,0.16,0.155,0.16,0.16,0.17,0.165,0.155,0.16,0.16,0.16,0.15,0.15,0.16,0.145,0.135,0.14,0.135,0.125,0.115,0.11,0.105,0.09,0.09,0.09,0.085,0.07,0.058,0.105,0.11,0.12,0.1,0.081,0.08,0.063,0.061,0.06,0.065,0.075,0.078,0.07,0.06,0.061
XFBJ,24/07/2026,5275.787,5275.787,5275.787,5275.787,0,0,0,0,0,0,0,0,0,0,0,0,0,0,0,0,0,0,6482.789,6639.467,6454.352,6237.694,6116.267,0,6293.081,6282.69,6490.847,6049.311,6136.639,5779.66,5939.172,6177.835,6155.196,6131.607,5808.116,5693.26,5768.203,0,0,0,5441.194,5281.055,4991.578,4812.579,4614.791,4449.207,4533.314,4872.158,5011.35,5129.435,5227.651,0,5261.957,5275.787
XFBK,24/07/2026,5569.664,5569.664,5569.664,5569.664,0,0,0,0,0,0,0,0,0,0,0,0,0,0,0,0,0,0,6517.984,6692.497,6521.248,6359.125,6285.042,0,6562.563,6569.041,6725.158,6342.959,6361.435,5970.153,6050.179,6200.383,6210.44,6140.102,5862.111,5783.136,5883.749,0,0,0,5673.696,5552.385,5302.74,5206.239,5023.12,4960.059,5018.206,5292.699,5392.767,5518.313,5565.865,0,5526.671,5569.664
XFDJ,24/07/2026,22015.88,22015.88,22015.88,22015.88,0,0,0,0,0,0,0,0,0,0,0,0,0,0,0,0,0,0,18687.32,19002.17,18783.3,18811.35,18551.98,0,18551.43,18673.77,18849.31,18765.35,18994.84,19223.21,19597.05,19216.01,20379.15,20530.14,20075.64,20640.61,20652.78,0,0,0,21511.69,20253.64,19596.15,19130.17,19893.92,20075.73,20408.14,21967.15,21918.34,22660.41,22165.22,0,21974.04,22015.88
XFDK,24/07/2026,22286.51,22286.51,22286.51,22286.51,0,0,0,0,0,0,0,0,0,0,0,0,0,0,0,0,0,0,18917.03,19235.76,19014.2,19042.59,18780.03,0,18779.47,18903.31,19081.02,18996.02,19228.33,19459.51,19837.95,19452.22,20629.66,20782.51,20322.42,20894.33,20906.65,0,0,0,21776.13,20502.61,19837.04,19365.33,20138.47,20322.51,20659.01,22237.18,22187.77,22938.97,22437.69,0,22244.15,22286.51
XFJ,24/07/2026,9658.8,9750.4,9641.7,9744.2,89211460,9196.5,9330.3,9356.2,9444.3,9770.1,9718.4,9624,9662.8,9569.8,9460.7,9742.2,9714.4,9661.3,9716.9,9713.7,9721.5,9246.2,8982.5,8993.1,9025.6,9178.2,9217.8,9344.2,9336.3,9104.1,9280.2,9105.4,9167.6,9307.1,9810.5,10081.6,9957.6,9632.5,9596.5,9548.6,9475.3,9440.6,0,9849.6,9562.2,9532.4,9514,9102.6,9296.5,9187.1,8994.7,9089,9242.8,9241,9401.8,9586.8,9688.2,9744.2
XFK,24/07/2026,9684.244,9684.244,9684.244,9684.244,0,0,0,0,0,0,0,0,0,0,0,0,0,0,0,0,0,0,8946.605,8961.281,8991.517,9143.099,9182.633,0,9299.676,9071.933,9246.124,9073.716,9131.822,9263.804,9758.523,10026.38,9902.563,9577.172,9537.291,9487.928,9415.676,0,0,0,9502.59,9473.51,9459.769,9051.973,9240.875,9134.215,8942.793,9036.792,9193.648,9188.198,9349.849,0,9632.299,9684.244
XFL,24/07/2026,8669.1,8670.8,8597.5,8630.8,266871700,8451.8,8459.9,8562.5,8689.8,8710.9,8684.2,8572.3,8569.6,8443.2,8448.3,8618.5,8580.6,8641.1,8663.6,8519.2,8451.9,8276.9,8060.5,8201.2,8260.6,8332.7,8250.4,8371.5,8344.4,8299.2,8475,8409,8480.3,8422.7,8664.9,8815.1,8915.7,8590.8,8410.6,8265.1,8341.6,8408,0,8737.6,8573,8510.2,8531.5,8404.4,8451.2,8511.7,8398.4,8592.2,8586,8563.9,8624.6,8615,8639.8,8630.8
XGD,24/07/2026,15691.6,15691.6,14886.4,15035,178080500,11067.8,10625.3,11996.5,12217,12234,12926.7,13829.9,14696.8,14320.7,15502.5,16548.9,16310.1,17806.6,15956.9,16021.3,15938.4,17119.2,16225.1,17611.9,17358.6,18326.3,18372.1,19171.3,18538.7,18800.1,19843.6,21291.3,20894.9,19002.1,20307.9,20337.1,21876.2,19797.3,17874.1,15815.8,15748.3,17270.4,0,18551.8,17789,16873.8,17637.2,17216.1,16189.3,16290.1,15965.6,15358.3,16740.7,15759.2,16586.4,15625.5,14403.6,15035
XGL,24/07/2026,0.009,0.009,0.009,0.009,0,0.019,0.019,0.018,0.018,0.025,0.028,0.028,0.023,0.025,0.016,0.014,0.015,0.014,0.013,0.013,0.014,0.016,0.013,0.013,0.013,0.013,0.013,0.014,0.016,0.014,0.013,0.015,0.015,0.013,0.014,0.013,0.013,0.012,0.012,0.012,0.012,0.0115,0.015,0.012,0.013,0.013,0.015,0.013,0.01,0.01,0.01,0.009,0.01,0.009,0.009,0.009,0.009,0.009
XGLO,24/07/2026,0.002,0.002,0.002,0.002,0,0,0,0,0,0,0,0,0,0,0.004,0.003,0.004,0.004,0.004,0.003,0.003,0.003,0.003,0.003,0.003,0.003,0.003,0,0.003,0.003,0.003,0.004,0.004,0.004,0.003,0.003,0.003,0.003,0.003,0.003,0.003,0,0,0.003,0.003,0.003,0.003,0.003,0.002,0.002,0.002,0.001,0.001,0.001,0.001,0,0.002,0.002
XGOV,24/07/2026,49.41,49.45,49.27,49.27,8805,51.64,51.75,52.11,52.18,51.75,51.8,51.5,52.02,52.17,51.59,51.8,51.75,52.92,52.8,52.18,51.88,51.53,51.47,51.04,50.33,50.27,50.26,50.4,50.15,50.58,50.56,50.2,50.33,50.12,50.65,50.67,51.06,49.975,49.35,49.35,48.88,49.11,49.61,49.53,49.6,49.31,48.81,49.21,49.87,50.25,49.85,50.26,50.25,50.78,50.36,50.19,49.94,49.27
XHCJ,24/07/2026,14156.87,14156.87,14156.87,14156.87,0,0,0,0,0,0,0,0,0,0,0,0,0,0,0,0,0,0,18288.46,18980.91,18512.55,18227.17,17861.64,0,17792.02,17757.19,18082.55,17922.13,17871.36,17292.69,15671.46,16206.49,16384.11,16065.2,15141.36,14651.93,14661.36,0,0,0,13824.84,13460.72,13203.87,13077.34,13276.65,13590.04,13733.86,13695.39,14046.96,14604.53,15254.33,0,14859.12,14156.87
XHCK,24/07/2026,12445.27,12445.27,12445.27,12445.27,0,0,0,0,0,0,0,0,0,0,0,0,0,0,0,0,0,0,15974.14,16609.84,16194.43,15941.37,15633.55,0,15563.05,15548.26,15809.73,15663.68,15600.62,15085.03,13705.34,14149.18,14301.84,14018.92,13227.88,12823.83,12982.69,0,0,0,12251.64,11925.96,11710.73,11595.15,11742.33,12019.37,12108.64,12078.25,12375.34,12830.58,13394.78,0,13057.96,12445.27
XHJ,24/07/2026,25440.4,25440.4,25124.5,25198.5,28039640,44891.9,44498.4,44068.8,45132.9,40096.5,39358.8,38907.4,38590.5,37952.6,36997.2,38706.3,38769.9,39285.5,38840.8,35609.2,35173.8,35088.9,34811.1,36306.9,35632.5,35286,34102.9,33872.8,33701.5,33921.2,34282.5,34425.5,34463.5,33638.2,29396,30298.4,29856.8,29537,28165.6,27530.5,28010.5,27548.6,0,27964.5,26135.5,25375.2,24633,22648.5,22948,22995.3,23227.2,24001.8,25163.4,25577.1,27020.6,26806.3,26729.4,25198.5
XHK,24/07/2026,21001.19,21001.19,21001.19,21001.19,0,0,0,0,0,0,0,0,0,0,0,0,0,0,0,0,0,0,28919.65,30181.21,29577.38,29312.02,28384.63,0,28079.7,28274.32,28527.78,28635.13,28600.25,27886.19,24469.57,25220.57,24863.51,24592.85,23408.4,22878.49,23392.5,0,0,0,21853.02,21219.82,20626.85,19032.01,19244.26,19285.55,19429.74,20043.27,20986.94,21290.85,22491.09,0,22251.8,21001.19
XIJ,24/07/2026,1699.3,1699.3,1628.8,1631.6,10974410,2992.5,2973.5,3004.3,2961,2988.5,2993.5,2881.4,2959.1,3004.9,2965.1,2983.1,2913.3,2788.2,2835.8,2682.5,2572.4,2331.5,2236.7,2370,2324.1,2215,2178.4,2181,2153.3,2142.3,2112.7,2099,1960.3,1726.8,1634,1741.1,1781.2,1840.6,1711.9,1639.3,1561.1,1547.6,0,1791,1791.3,1776,1790,1748.8,1733.5,1773.1,1909.3,1821.9,1840,1744.5,1786.8,1810.7,1747.5,1631.6
XIK,24/07/2026,1879.617,1879.617,1879.617,1879.617,0,0,0,0,0,0,0,0,0,0,0,0,0,0,0,0,0,0,2533.93,2695.299,2636.658,2520.724,2493.109,0,2467.951,2459.59,2424.151,2410.823,2251.452,1994.986,1900.672,2019.316,2067.962,2117.111,1982.045,1897.38,1807.664,0,0,0,2053.591,2036.756,2051.077,2015.793,2005.439,2061.302,2207.046,2108.12,2139.851,2022.965,2070.323,0,2009.848,1879.617
XIN,24/07/2026,413,417.7,413,416.2,0,408.5,409.3,403.1,397.4,395.6,395.3,398.4,398.8,403.3,403.1,394.5,396.3,395.1,394.6,401.2,406.4,412.4,423.1,413.8,413.3,410.8,414.6,0,410.5,411.5,403.4,405.9,406,413.8,404.3,396.8,391.5,405.1,415.7,425.3,421.4,0,0,402.3,410.2,413.5,412.4,418.1,416.9,413.8,419.5,411.4,410.8,414.5,410.8,0,414.4,416.2
XINJ,24/07/2026,6342.87,6342.87,6342.87,6342.87,0,0,0,0,0,0,0,0,0,0,0,0,0,0,0,0,0,0,5770.123,5677.958,5483.688,5589.309,5681.433,0,5724.637,5745.665,5605.623,5483.417,5557.275,5521.683,5195.403,5414.392,5295.578,5153.214,5259.45,5256.569,5440.009,0,0,0,5608.039,5699.085,5547.408,5790.893,5860.568,5742.312,5720.735,6122.601,6089.89,6197.156,6206.404,0,6314.073,6342.87
XINK,24/07/2026,6558.5,6558.5,6558.5,6558.5,0,0,0,0,0,0,0,0,0,0,0,0,0,0,0,0,0,0,5966.282,5870.985,5670.11,5779.322,5874.577,0,5919.251,5940.993,5796.19,5669.829,5746.199,5709.396,5372.024,5598.458,5475.605,5328.401,5438.248,5435.27,5624.946,0,0,0,5798.689,5892.83,5735.996,5987.758,6059.802,5937.526,5915.215,6330.743,6296.92,6407.833,6417.395,0,6528.725,6558.5
XJI,24/07/2026,12992.22,12992.22,12992.22,12992.22,0,0,0,0,0,0,0,0,0,0,0,0,0,0,0,0,0,0,13129.61,13365.45,13267.49,13294.12,13252.73,0,13347.85,13189.04,13403.23,13217.61,13191.42,13065.37,13285.57,13550.73,13441.27,13078.6,12770.44,12632.31,12629.08,0,0,0,12827.41,12748.03,12650.5,12315.48,12414.14,12446.02,12329.92,12668.79,12803.46,12911.48,12977.86,0,13168.02,12992.22
XJM,24/07/2026,1883.9,1883.9,1837.5,1841.7,258594800,1871.8,1851.9,1929.2,1951.2,1961.7,2032.3,2052.4,2061.6,2058.2,2072,2157.3,2160.7,2148.6,2123,2126.9,2062.1,2072.4,1992.9,2097.1,2069.2,2088.5,2106.1,0,2124.6,2169.8,2229.7,2248.7,2185.4,2018.7,2053.7,2100.9,2132.2,2039.4,1946.7,1868.5,1892.8,0,0,2009.7,1993.9,1986.6,1965.1,1954.8,1921.9,1971.2,1944.2,1959.8,2003.5,1919.7,1936.6,0,1856.2,1841.7
XJO,24/07/2026,8839,8839,8740.5,8772.3,684774100,8666.9,8662,8807.1,8938.6,8967.4,8973.1,8871.2,8864.9,8773.5,8787.7,8987.4,8958.3,8995.3,9019,8881.9,8769.7,8634.5,8416.5,8614.1,8634.6,8697.3,8621.4,8762.7,8727.8,8717.8,8903.9,8860.1,8869.1,8708.8,8917.6,9081.4,9198.6,8851,8617.1,8428.4,8516.3,8579.5,0,8946.9,8786.5,8729.8,8744.4,8630.8,8657,8731.7,8625.1,8804,8828.7,8764.2,8844.4,8806,8796.7,8772.3
XJR,24/07/2026,7549.8,7549.8,7348.1,7370.4,293520800,5546.8,5339.6,5591.2,5768.9,5710.3,5858.9,5817.4,5766.2,5651.9,5974.9,6079.4,6095.2,6303.8,6227,6260.6,6132.3,6346.3,6079.5,6330.7,6540.4,6692.4,6522.1,6742.2,6704.1,6909.6,7156.7,7299.2,7365.6,7065.6,7373.1,7477.1,7995.7,7477.9,7224.7,6856.5,7127.5,7353.9,0,7811,7652.9,7598.6,7785.9,7936.1,7870.1,8048.4,7897.6,7939.1,7815.2,7464.4,7608.2,7358.6,7189,7370.4
XKI,24/07/2026,12824.55,12824.55,12824.55,12824.55,0,0,0,0,0,0,0,0,0,0,0,0,0,0,0,0,0,0,12991.64,13240.14,13136.49,13160.53,13129.63,0,13227.81,13080.54,13285.5,13105.12,13062.85,12918.44,13123.11,13386.06,13283.7,12919.92,12609.33,12466.53,12465.29,0,0,0,12664.38,12587.06,12500.51,12177.04,12270.59,12314.74,12199.48,12526.13,12667.62,12759.59,12825.11,0,13002.03,12824.55
XKO,24/07/2026,8767.9,8767.9,8668.5,8699.8,862487900,8606.3,8599.2,8748.2,8879.2,8904.7,8913.9,8814.7,8809.9,8727.5,8741.5,8943.2,8916.5,8950.8,8972.1,8838,8714.3,8583.9,8365.8,8574.5,8590,8650.1,8584.7,8726.6,8694,8690.1,8870.1,8830.5,8828.9,8653.4,8853.8,9017.5,9137.6,8789.9,8552,8360.9,8444,8507,0,8877.7,8719.7,8662.7,8683.5,8571.2,8595.5,8674.7,8566.9,8738,8770.8,8698.7,8779.1,8741.3,8725.7,8699.8
XKR,24/07/2026,7367.133,7367.133,7367.133,7367.133,0,0,0,0,0,0,0,0,0,0,0,0,0,0,0,0,0,0,6089.225,6355.415,6560.135,6708.499,6554.082,0,6741.956,6952.224,7196.166,7347.024,7405.898,7084.567,7391.616,7497.279,8021.411,7502.207,7239.954,6868.06,7123.279,0,0,0,7666.59,7608.359,7800.582,7940.307,7875.161,8050.294,7893.752,7928.047,7817.303,7460.95,7608.001,0,7182.793,7367.133
XLD,24/07/2026,1636.2,1636.2,1599.6,1611.3,684774100,1658.7,1655.5,1709.7,1759.6,1769.4,1770.3,1728.3,1724.5,1687.7,1691.8,1768,1755.3,1768,1775.9,1720.9,1676.3,1623.4,1540.2,1611.9,1618.3,1640.5,1613.3,0,1648.1,1643.1,1712.7,1694.5,1696.6,1633.5,1710.1,1772,1816.3,1679.2,1588.6,1518,1548,0,0,1701.8,1639.7,1617.2,1620.4,1577.2,1584.3,1609.5,1568.8,1632.5,1639.8,1614.5,1642.3,0,1621.8,1611.3
XMAJ,24/07/2026,22740.16,22740.16,22740.16,22740.16,0,0,0,0,0,0,0,0,0,0,0,0,0,0,0,0,0,0,18973.47,19918.89,20523.84,21088.98,20719.56,0,21233.75,22013.36,22863.46,23212.17,23254.55,22296.88,23435.15,23592.77,25341.49,23182.89,22086.81,20520.18,21457.15,0,0,0,23468.32,23174.01,24161.25,24584.93,24266.73,25076.2,24486.37,24679.16,24566.76,23569.9,24059.03,0,22350.91,22740.16
XMAK,24/07/2026,22609.24,22609.24,22609.24,22609.24,0,0,0,0,0,0,0,0,0,0,0,0,0,0,0,0,0,0,18900.67,19881.14,20455.07,21004.93,20689.84,0,21221.66,22010.6,22844.11,23208.79,23219.25,22214.28,23340.89,23502.94,25255.81,23115.78,22003.47,20442.12,21333.36,0,0,0,23378.19,23088.74,24078.48,24467.78,24159.87,24955.82,24353.71,24527.8,24449.04,23435,23923.78,0,22211.28,22609.24
XMD,24/07/2026,11108.2,11108.2,10864,10898,159307600,11197.3,11155.1,11497.3,11699.8,11781.2,11792.2,11603.3,11523.4,11662,11712.9,12016.8,12023,11940.6,12093.6,11878.9,11533.3,11572.3,11447.5,11906.7,11723.2,11689.4,11601.9,11859.2,11767.9,11872.2,12083.5,12113.8,11851.2,11322.7,11306.9,11553.4,11796.6,11297.7,10754.5,10331.6,10502.7,10572.1,0,11172.3,10964,10935.5,10985.6,10924.2,10923.2,10999.2,10955,11110.6,11253.2,11089.7,11344.3,11154.8,11022.6,10898
XMEJ,24/07/2026,1731.824,1731.824,1731.824,1731.824,0,0,0,0,0,0,0,0,0,0,0,0,0,0,0,0,0,0,2446.312,2472.789,2386.9,2309.114,2280.342,0,2299.563,2292.894,2297.115,2268.364,2175.562,1941.499,1853.052,1891.32,1941.954,1974.827,1847.676,1757.589,1713.325,0,0,0,1892.351,1852.173,1904.409,1832.184,1749.248,1738.3,1821.878,1783.494,1808.251,1673.927,1764.185,0,1854.576,1731.824
XMEK,24/07/2026,1668.574,1668.574,1668.574,1668.574,0,0,0,0,0,0,0,0,0,0,0,0,0,0,0,0,0,0,2325.635,2352.063,2272.91,2200.295,2173.264,0,2191.55,2186.517,2191.14,2163.274,2073.566,1851.804,1768.036,1802.4,1847.968,1876.443,1756.711,1672.945,1630.087,0,0,0,1797.397,1769.601,1820.926,1756.563,1679.814,1668.911,1743.703,1711.957,1737.457,1612.484,1695.291,0,1784.911,1668.574
XMET,24/07/2026,13.77,13.77,13.6,13.61,41371,9.87,9.21,9.84,10.31,10.03,10.19,10.58,10.14,10.54,11.22,11.93,12.22,13.17,12.32,12.28,11.5,12.62,12.03,13.13,13.41,14,13.95,14.85,14.75,15.51,17,17.99,16.92,15,15.9,16.1,17.93,16.22,15.87,13.76,14.82,15.2,16.04,16.95,16.3,16.3,16.93,16.95,16.6,17.27,16.72,16.2,16.07,15,14.81,14.19,13.31,13.61
XMI,24/07/2026,9852.463,9852.463,9852.463,9852.463,0,0,0,0,0,0,0,0,0,0,0,0,0,0,0,0,0,0,10479.37,10917.62,10699.4,10584.59,10511.34,0,10555.45,10630.98,10762.41,10614.54,10533.03,10135.52,10045.51,10378.24,10371.15,10016.88,9403.068,9182.606,9301.557,0,0,0,9621.86,9582.401,9516.413,9489.15,9525.12,9534.371,9596.124,9834.538,9888.17,9940.13,10110.66,0,10089.55,9852.463
XMJ,24/07/2026,23405.5,23405.5,22643,22740.2,239228600,17139.1,16466.8,17329.9,17962.3,17525.2,17984.7,17853.6,17836.6,17561.7,18600.2,19080.4,19247.6,20022.4,19620.7,19628.5,19047.9,19765.5,18973.5,19918.9,20523.8,21089,20719.6,21413.6,21233.7,22013.4,22863.5,23212.2,23254.5,22296.9,23435.1,23592.8,25341.5,23182.9,22086.8,20520.2,21457.2,22196.2,0,23965.9,23468.3,23174,24161.3,24584.9,24266.7,25076.2,24486.4,24679.2,24566.8,23569.9,24059,22997.4,22350.9,22740.2
XMK,24/07/2026,22609.24,22609.24,22609.24,22609.24,0,0,0,0,0,0,0,0,0,0,0,0,0,0,0,0,0,0,18900.67,19881.14,20455.07,21004.93,20689.84,0,21221.66,22010.6,22844.11,23208.79,23219.25,22214.28,23340.89,23502.94,25255.81,23115.78,22003.47,20442.12,21333.36,0,0,0,23378.19,23088.74,24078.48,24467.78,24159.87,24955.82,24353.71,24527.8,24449.04,23435,23923.78,0,22211.28,22609.24
XMM,24/07/2026,8049.1,8049.1,7772,7806.5,301907100,5681.5,5438.3,5737.1,5953.5,5906.2,6078.9,6062.8,6059.5,5971.7,6372.2,6535.1,6574.4,6861.1,6688.6,6703.8,6520,6772.1,6472.4,6807.3,7033.8,7237.3,7112.5,7374,7308.6,7574.3,7861.1,8002.9,8022.7,7656.3,8044.3,8113.1,8771.8,8014.2,7658.8,7094.5,7409.3,7677.9,0,8344,8146.2,8046.5,8408.1,8547.7,8428.6,8699.1,8479.4,8526.3,8492.8,8101,8275.3,7908.5,7657.3,7806.5
XMR,24/07/2026,13155.55,13155.55,13155.55,13155.55,0,0,0,0,0,0,0,0,0,0,0,0,0,0,0,0,0,0,13170.42,13625.66,13619.7,13923.65,13794.87,0,14464.58,14673.1,15190.99,16006.56,14999,14008.99,14326.6,14133.74,15433.49,14406.02,14301.1,13074.94,13432.64,0,0,0,14396.95,14421.44,14958.89,14763.89,14604.8,14951.09,14461.35,14228.19,14722.14,13730.2,14273.04,0,12853.34,13155.55
XNJ,24/07/2026,8301.7,8301.7,8195.1,8217.3,74024680,8327.8,8437,8453.2,8514.2,8724.5,8710.9,8665.1,8555.6,8467.6,8390.9,8626.5,8698.9,8639.5,8710.2,8582.2,8411.2,8396.5,8244.6,8593.2,8455.3,8356.1,8397.5,8473,8436.7,8447.8,8600.2,8475,8396.7,8193.6,8310.2,8569.8,8632.4,8358.1,7996.4,7805.4,7893.7,7898.6,0,7982.4,7976.7,8096.9,8179.8,8185.6,8002.4,8158.4,8195.5,8460.2,8448.8,8559.2,8469.8,8350,8362.4,8217.3
XNK,24/07/2026,8467.224,8467.224,8467.224,8467.224,0,0,0,0,0,0,0,0,0,0,0,0,0,0,0,0,0,0,8394.425,8760.271,8632.601,8531.27,8600.668,0,8661.742,8673.472,8824.028,8701.551,8608.318,8369.231,8481.987,8747.806,8826.189,8549.301,8191.475,7988.621,8066.047,0,0,0,8168.001,8281.529,8384.214,8388.265,8223.502,8401.214,8444.775,8698.876,8710.898,8810.78,8720.198,0,8618.999,8467.224
XNV,24/07/2026,34.6,35.4,34.6,35.1,684774100,35.7,35.8,34.7,33.7,33.4,33.3,33.8,33.8,34.5,34.5,33,33.3,33.1,32.9,34,34.9,35.9,37.7,36,35.9,35.5,36.1,0,35.3,35.5,34.1,34.5,34.4,35.7,34.1,32.8,31.9,34.1,35.8,37.5,36.7,0,0,33.3,34.6,35.1,34.9,35.9,35.6,35,36,34.5,34.4,35,34.3,0,34.9,35.1
XPBJ,24/07/2026,46037.27,46037.27,46037.27,46037.27,0,0,0,0,0,0,0,0,0,0,0,0,0,0,0,0,0,0,68655.62,71974.71,71095.07,70819.72,67475.3,0,66127.23,67152.58,67330.97,68541.16,68894.86,67838.49,57078.43,58618.2,56133.05,56096.99,54193.46,53554.53,55445.37,0,0,0,51204.55,49561.8,47561.16,39957.04,40379.48,39311.2,39680.31,43002.33,46335.9,45783.28,49069.23,0,49469.43,46037.27
XPBK,24/07/2026,34441.07,34441.07,34441.07,34441.07,0,0,0,0,0,0,0,0,0,0,0,0,0,0,0,0,0,0,51555.56,54017.58,53226.35,53124.29,50758.79,0,49874.78,50646.8,50676.44,51581.59,51671.64,50819.86,42964.75,44202.72,42349.95,42331.21,40695.15,40137.53,41500.41,0,0,0,38329.18,37113.95,35655.76,30081.01,30352.75,29519.42,29742.22,32153.87,34636.55,34155.57,36647.4,0,36949.17,34441.07
XPD,24/07/2026,0.019,0.019,0.019,0.019,1044600,0,0,0,0,0,0,0,0,0,0,0,0,0,0,0,0,0,0,0,0,0.018,0.018,0.018,0.018,0.022,0.025,0.024,0.025,0.028,0.03,0.025,0.026,0.026,0.023,0.023,0.021,0.021,0.021,0.021,0.022,0.023,0.021,0.02,0.019,0.019,0.022,0.02,0.019,0.019,0.022,0.022,0.02,0.019
XPJ,24/07/2026,1660.2,1660.2,1637.4,1640.6,31850520,1818.2,1829.5,1881.7,1902.5,1915.7,1924.7,1896.1,1931.8,1912.2,1865.1,1901.6,1875.4,1907.9,1943.7,1874.1,1829.6,1782.4,1770.1,1801.9,1779.8,1795.7,1795.5,1850.6,1819.7,1795.3,1826.7,1788.5,1770.5,1698,1737,1730.3,1700.2,1622.6,1542.1,1519.2,1506.9,1512,0,1632.6,1634.3,1654.3,1638.7,1665.3,1643.4,1685.7,1644.7,1725,1722.7,1751.7,1688.3,1669,1668.5,1640.6
XPK,24/07/2026,1637.471,1637.471,1637.471,1637.471,0,0,0,0,0,0,0,0,0,0,0,0,0,0,0,0,0,0,1763.882,1795.777,1774.65,1789.643,1791.119,0,1812.684,1789.569,1819.868,1781.622,1762.931,1692.624,1729.691,1725.342,1697.859,1620.908,1541.611,1518.679,1504.808,0,0,0,1630.734,1650.283,1637.169,1662.172,1640.066,1680.832,1639.506,1718.741,1718.122,1745.838,1682.513,0,1665.337,1637.471
XPN,24/07/2026,0.01,0.0105,0.01,0.0105,44474,0.012,0.008,0.008,0.009,0.009,0.009,0.009,0.008,0.01,0.012,0.013,0.015,0.012,0.01,0.012,0.017,0.013,0.014,0.014,0.012,0.011,0.012,0.011,0.011,0.013,0.016,0.014,0.019,0.021,0.018,0.023,0.017,0.017,0.016,0.014,0.015,0.018,0.015,0.016,0.018,0.012,0.011,0.011,0.01,0.0105,0.01,0.009,0.01,0.0095,0.01,0.01,0.01,0.0105
XRA,24/07/2026,0.19,0.19,0.19,0.19,45839,0,0,0,0,0,0,0,0,0,0.185,0.2,0.25,0.2,0.2,0.17,0.185,0.18,0.17,0.17,0.165,0.19,0.19,0.21,0.22,0.3,0.375,0.33,0.255,0.32,0.36,0.37,0.375,0.385,0.38,0.28,0.29,0.3,0,0.28,0.29,0.345,0.31,0.33,0.3,0.295,0.28,0.25,0.28,0.25,0.25,0.23,0.18,0.19
XRE,24/07/2026,3564.1,3564.1,3514.4,3520.6,0,3953.2,3977.7,4092.7,4137.3,4166.7,4184,4125.1,4200,4159.2,4056.5,4136.2,4078.9,4147.7,4227.2,4077.3,3982.4,3879.7,3848.9,3917.6,3870.7,3903.5,3899.4,4019.5,3951.7,3899,3965.9,3886.3,3844.5,3687.6,3767.4,3758.7,3690.6,3524.3,3346.7,3296,3272.1,3270.7,0,3527.3,3532.1,3573.5,3538.9,3591.8,3540.6,3625,3534.9,3709.8,3708.9,3769.1,3629.6,3587.1,3583.8,3520.6
XREJ,24/07/2026,3667.585,3667.585,3667.585,3667.585,0,0,0,0,0,0,0,0,0,0,0,0,0,0,0,0,0,0,3957.086,4028.268,3978.761,4014.351,4013.915,0,4068.026,4013.548,4083.587,3998.233,3958.109,3796.007,3883.042,3868.28,3800.945,3627.345,3447.381,3396.191,3368.723,0,0,0,3653.562,3698.333,3663.379,3722.873,3673.909,3768.481,3676.794,3856.35,3851.282,3915.912,3774.174,0,3730.118,3667.585
XREK,24/07/2026,3696.467,3696.467,3696.467,3696.467,0,0,0,0,0,0,0,0,0,0,0,0,0,0,0,0,0,0,3982.963,4055.042,4007.434,4041.835,4045.189,0,4093.732,4041.596,4110.193,4023.261,3980.668,3820.997,3905.394,3895.518,3833.318,3658.845,3478.325,3426.532,3395.392,0,0,0,3681.087,3725.123,3695.409,3752.129,3701.989,3794.587,3701.458,3881.656,3879.954,3942.982,3798.555,0,3759.54,3696.467
XRF,24/07/2026,1.755,1.755,1.7,1.71,121862,2.05,1.9,2.06,2.17,2.23,2.24,2.11,2.05,2.15,2.2,2.32,2.25,2.12,2.09,2.09,1.985,1.87,1.855,1.95,1.875,2.09,1.995,1.93,2.1,2.13,2.15,2.12,2.17,1.96,1.98,1.74,1.77,1.77,1.76,1.65,1.66,1.665,1.805,1.855,1.925,1.835,1.905,1.77,1.925,1.85,1.82,1.82,1.83,1.75,1.71,1.785,1.68,1.71
XRG,24/07/2026,0.062,0.065,0.062,0.062,208770,0.026,0.032,0.046,0.048,0.042,0.05,0.048,0.062,0.062,0.067,0.059,0.061,0.055,0.058,0.055,0.052,0.05,0.047,0.053,0.049,0.051,0.05,0.056,0.054,0.048,0.046,0.047,0.047,0.052,0.052,0.052,0.056,0.052,0.049,0.05,0.05,0.053,0.057,0.056,0.056,0.059,0.058,0.061,0.063,0.068,0.07,0.064,0.067,0.064,0.068,0.068,0.061,0.062
XRK,24/07/2026,3552.714,3552.714,3552.714,3552.714,0,0,0,0,0,0,0,0,0,0,0,0,0,0,0,0,0,0,3880.614,3950.643,3905.066,3936.514,3936.159,0,3982.686,3933.337,3998.605,3917.754,3873.498,3719.07,3796.833,3791.342,3727.762,3560.382,3383.699,3331.558,3303.111,0,0,0,3562.354,3603.452,3573.44,3623.292,3572.452,3655.742,3564.683,3737.454,3740.647,3798.081,3658.103,0,3616.967,3552.714
XRMJ,24/07/2026,387.331,387.331,387.331,387.331,0,0,0,0,0,0,0,0,0,0,0,0,0,0,0,0,0,0,725.554,734.866,733.936,728.817,706.161,0,714.261,705.692,711.333,716.983,692.071,667.34,653.436,685.133,656.973,641.038,592.121,577.444,589.379,0,0,0,536.352,531.892,521.618,502.892,472.515,444.19,421.66,455.682,478.97,474.79,439.433,0,413.122,387.331
XRMK,24/07/2026,435.936,435.936,435.936,435.936,0,0,0,0,0,0,0,0,0,0,0,0,0,0,0,0,0,0,724.93,736.91,732.89,727.244,707.015,0,711.413,710.277,713.724,720.105,696.436,673.948,663.537,685.585,657.073,640.377,602.887,583.767,587.148,0,0,0,547.65,547.167,536.92,521.982,503.77,488.212,470.026,489.341,511.548,504.334,481.862,0,460.304,435.936
XRO,24/07/2026,63.25,63.97,61.45,61.58,1171524,178.09,174.75,178.83,166.81,167.98,163.59,158.89,162.18,162.59,158.24,160.95,156.15,154.15,150.79,145,141.74,122.36,119.22,122.25,118.88,112.84,115.64,112.78,112.25,107.46,103.63,101.22,93.75,81.76,73.49,77.54,83.14,87.63,80.53,77,72.84,74.06,71.46,81.98,81.51,80.57,83.56,79.67,75.84,75.17,79.27,73.5,71.88,69.05,72.25,73.4,69.72,61.58
XRTJ,24/07/2026,9505.638,9505.638,9505.638,9505.638,0,0,0,0,0,0,0,0,0,0,0,0,0,0,0,0,0,0,9519.52,9702.43,9556.232,9376.975,9448.392,0,9544.572,9461.831,9654.325,9586.447,9555.182,9661.298,9765.157,9531.815,9060.898,8608.575,8528.314,8191.616,8310.541,0,0,0,8367.757,8333.968,8158.101,8055.624,8299.313,8803.349,8670.558,9473.121,9447.621,9913.257,9637.087,0,10085.09,9505.638
XRTK,24/07/2026,9812.516,9812.516,9812.516,9812.516,0,0,0,0,0,0,0,0,0,0,0,0,0,0,0,0,0,0,9917.651,10115.39,9957.401,9770.041,9848.231,0,9945.763,9868.51,10064,10001.8,9962.41,10055.53,10148.23,9919.376,9441.755,8959.671,8854.274,8504.741,8629.729,0,0,0,8674.404,8639.662,8459.696,8339.595,8579.095,9100.755,8964.128,9787.824,9772.26,10246.13,9959.834,0,10405.28,9812.516
XSI,24/07/2026,2985.476,2985.476,2985.476,2985.476,0,0,0,0,0,0,0,0,0,0,0,0,0,0,0,0,0,0,3348.291,3507.241,3423.004,3402.354,3417.48,0,3445.287,3486.031,3513.353,3463.584,3358.413,3157.053,3126.134,3191.14,3197.286,3105.335,2949.536,2900.539,2924.047,0,0,0,3006.135,3004.912,2983.076,2970.776,2936.359,3021.424,2993.111,3072.734,3153.815,3089.115,3106.678,0,3061.607,2985.476
XSJ,24/07/2026,13022.8,13098.1,12913.4,13075.1,16146750,11966.3,12055,12151.6,12449.1,12623.7,12440.9,12212.2,12179.2,11957.4,11747.4,11717.2,11667.4,11686.6,11605.3,11762.8,11752.2,11728.4,11731.8,11943.8,11773.3,11722.4,11550.1,11590,11600.5,11662.1,11814.5,11643.6,11789.8,11793.5,12037.9,11917.4,12511.6,12582.1,12243.4,12498.8,12529.1,12732.8,0,12526,12868.4,12166.5,11733.7,11435.3,11766.8,11807.8,12006.6,12921.4,12940.8,13362.4,13137.8,13251.7,13049.1,13075.1
XSK,24/07/2026,12904.43,12904.43,12904.43,12904.43,0,0,0,0,0,0,0,0,0,0,0,0,0,0,0,0,0,0,11635.79,11854.63,11684.92,11641.83,11486.09,0,11584.24,11647.58,11790.54,11613.1,11734.17,11694.92,11908.45,11780.16,12352.4,12399.06,12069.8,12315.43,12360.18,0,0,0,12698.82,12037.36,11619.82,11354.93,11657.46,11721.97,11906.81,12774.4,12789.15,13200.14,12976.54,0,12867.56,12904.43
XSO,24/07/2026,3348.1,3348.1,3270.4,3278.5,436308600,3355.5,3320.1,3454.6,3498.9,3504.3,3611.4,3635.1,3651.8,3669.4,3688,3833.2,3842.2,3821.2,3782.4,3780.5,3638.9,3652.2,3519.4,3722.3,3670.3,3694.2,3721.6,3805,3795.1,3876.1,3957.1,3992.5,3869.6,3570.4,3612.1,3694.8,3762.1,3594.8,3426.8,3289.7,3315.4,3331.3,0,3534.6,3501.6,3483.4,3481.1,3457,3411,3501.8,3447.6,3462.9,3553.1,3406.5,3439.8,3392.7,3306.2,3278.5
XSR,24/07/2026,4819.26,4819.26,4819.26,4819.26,0,0,0,0,0,0,0,0,0,0,0,0,0,0,0,0,0,0,4737.945,5119.043,5159.015,5326.671,5398.056,0,5637.312,5867.244,6141.939,6468.235,6263.916,5585.585,5876.608,6032.897,6315.938,5867.645,5629.225,5173.891,5211.152,0,0,0,5809.513,5728.668,5795.124,5725.197,5631.09,5756.825,5602.422,5392.236,5529.073,5053.431,5150.812,0,4659.006,4819.26
XSRJ,24/07/2026,9005.171,9005.171,9005.171,9005.171,0,0,0,0,0,0,0,0,0,0,0,0,0,0,0,0,0,0,9705.523,9980.474,9814.587,9788.894,9584.941,0,9578.143,9513.18,9912.183,9678.973,9402.536,8889.384,8443.498,8528.619,8491.838,8279.975,7976.679,7775.503,7980.902,0,0,0,8204.224,8099.81,7818.227,8154.362,8035.172,8157.365,8151.381,8660.389,8803.918,8926.049,9067.796,0,9249.663,9005.171
XSRK,24/07/2026,8702.285,8702.285,8702.285,8702.285,0,0,0,0,0,0,0,0,0,0,0,0,0,0,0,0,0,0,9542.59,9824.119,9641.478,9623.777,9434.394,0,9425.628,9369.974,9748.827,9524.15,9254.32,8757.979,8310.419,8401.057,8340.372,8116.871,7827.729,7626.217,7814.132,0,0,0,8012.065,7902.843,7633.65,7942.592,7836.319,7960.631,7934.718,8425.519,8554.35,8645.994,8782.18,0,8928.324,8702.285
XSSJ,24/07/2026,2005.561,2005.561,2005.561,2005.561,0,0,0,0,0,0,0,0,0,0,0,0,0,0,0,0,0,0,2881.658,3051.089,2988.399,2843.293,2804.45,0,2766.971,2711.107,2669.571,2639.325,2458.556,2160.123,2036.26,2178.943,2228.94,2304.078,2140.796,2046.782,1946.982,0,0,0,2241.907,2181.991,2216.238,2160.734,2141.676,2181.577,2360.565,2245.256,2269.68,2138.637,2193.371,0,2151.673,2005.561
XSSK,24/07/2026,2184.858,2184.858,2184.858,2184.858,0,0,0,0,0,0,0,0,0,0,0,0,0,0,0,0,0,0,3135.328,3329.621,3251.572,3100.586,3067.765,0,3031.531,2978.321,2928.814,2888.956,2691.812,2378.451,2250.832,2404.502,2467.291,2537.503,2368.006,2258.273,2157.51,0,0,0,2456.803,2394.753,2427.537,2364.869,2352.251,2389.667,2575.383,2446.461,2468.883,2325.008,2378.97,0,2342.122,2184.858
XST,24/07/2026,0.013,0.013,0.013,0.013,53853,0.009,0,0,0.009,0.009,0.009,0.009,0.009,0.022,0.024,0.021,0.05,0.03,0.029,0.022,0.021,0.021,0.021,0.019,0.021,0.019,0.017,0.018,0.019,0.02,0.019,0.019,0.019,0.02,0.023,0.022,0.02,0.02,0.0215,0.019,0.022,0.022,0.029,0.038,0.032,0.029,0.03,0.033,0.029,0.018,0.017,0.016,0.014,0.014,0.015,0.014,0.014,0.013
XTEJ,24/07/2026,1729.022,1729.022,1729.022,1729.022,0,0,0,0,0,0,0,0,0,0,0,0,0,0,0,0,0,0,1754.359,1776.363,1766.23,1762.945,1746.843,0,1765.747,1749.516,1750.145,1720.053,1762.024,1753.497,1772.484,1839.026,1860.897,1875.718,1854.301,1896.118,1903.789,0,0,0,1934.515,1930.166,1911.251,1935.378,1905.304,1845.196,1771.094,1849.147,1796.493,1819.798,1760.687,0,1781.294,1729.022
XTEK,24/07/2026,1712.658,1712.658,1712.658,1712.658,0,0,0,0,0,0,0,0,0,0,0,0,0,0,0,0,0,0,1742.491,1766.717,1755.161,1751.4,1734.053,0,1752.716,1737.005,1737.903,1707.551,1749.105,1740.169,1758.073,1823.763,1845.853,1860.504,1838.814,1878.816,1886.21,0,0,0,1916.297,1911.885,1893.54,1916.442,1886.855,1827.673,1753.996,1831.32,1778.711,1801.875,1743.606,0,1763.989,1712.658
XTHK,24/07/2026,2309.093,2309.093,2309.093,2309.093,0,0,0,0,0,0,0,0,0,0,0,0,0,0,0,0,0,0,1831.5,1977.729,1971.253,1936.842,1845.239,0,1864.964,2219.368,2238.411,2342.56,2264.28,2093.254,2061.354,2104.022,2116.784,2089.961,2011.352,1944.567,1879.979,0,0,0,2097.093,2385.018,2276.184,2224.314,2181.02,2458.473,2527.904,2569.979,2573.775,2505.617,2589.231,0,2409.466,2309.093
XTI,24/07/2026,7255.828,7255.828,7255.828,7255.828,0,0,0,0,0,0,0,0,0,0,0,0,0,0,0,0,0,0,7267.096,7382.278,7338.739,7358.924,7335.845,0,7390.128,7287.807,7408.916,7308.853,7309.096,7269.87,7405.486,7553.276,7487.805,7283.855,7129.26,7052.465,7045.368,0,0,0,7148.658,7100.574,7052.051,6852.75,6920.227,6925.823,6860.986,7044.831,7112.336,7187.304,7223.758,0,7346.905,7255.828
XTJ,24/07/2026,1597.8,1597.8,1573.5,1573.5,64197470,1859.3,1870,1893.7,1912.5,1978.2,1922.4,1887,1893.8,1872.4,1865.4,1879.1,1852.7,1830.8,1857,1839.4,1848,1802.7,1776,1797.2,1768.1,1745.6,1727.6,1737.8,1744.9,1732.6,1734.1,1707.1,1710.2,1643.9,1633.2,1686.4,1713.7,1731.9,1684.9,1688.7,1682.1,1703.6,0,1750.5,1748.7,1735.4,1736.8,1733.6,1692.5,1650.6,1624.3,1665,1637.2,1617.2,1602.5,1597.6,1639.5,1573.5
XTK,24/07/2026,1525.505,1525.505,1525.505,1525.505,0,0,0,0,0,0,0,0,0,0,0,0,0,0,0,0,0,0,1718.802,1741.137,1712.875,1691.28,1673.142,0,1689.792,1678.532,1680.328,1653.748,1656.133,1591.511,1580.54,1631.166,1657.236,1674.062,1628.52,1631.506,1624.741,0,0,0,1688.342,1678.145,1680.258,1677.543,1638.409,1598.163,1571.625,1611.943,1585.551,1566.713,1552.152,0,1588.971,1525.505
XTL,24/07/2026,5156.4,5163.5,5118.2,5139.6,104189600,4808.8,4820.8,4870.4,4943.7,4979.8,4968,4899.1,4889,4808,4820.5,4917.3,4887.8,4930.3,4960.4,4885.9,4863.8,4735.4,4603.7,4663.1,4733.2,4782.2,4735.6,4810.9,4806.2,4760,4865.9,4804.3,4869.9,4896.8,5090.3,5186.9,5235.3,5043.4,4967.9,4910.4,4950.2,4989,0,5173.3,5083.6,5038.5,5063.2,4975.5,5000.7,5034.2,4957.9,5073.3,5077.2,5067.3,5105.7,5114.4,5133.8,5139.6
XTO,24/07/2026,7431.9,7431.9,7357.4,7385.2,426179300,7279,7281.4,7387.6,7500.1,7522.9,7503.9,7404,7395.1,7312.9,7321.1,7474.6,7446.9,7484.7,7515,7388.5,7308,7181.2,7009,7154.2,7182.3,7233,7164,7276.8,7248.6,7224.2,7373.7,7327.3,7357.1,7267.4,7446.2,7579.8,7676.1,7390.2,7208.2,7062.5,7134.5,7190,0,7488.2,7347.3,7298.1,7318.4,7218.4,7253.1,7304.8,7216.7,7374.5,7382.5,7351.7,7419.2,7395.6,7402.7,7385.2
XTR,24/07/2026,10236.41,10236.41,10236.41,10236.41,0,0,0,0,0,0,0,0,0,0,0,0,0,0,0,0,0,0,8262.01,8569.75,8884.337,9069.449,8800.535,0,9028.277,9294.146,9600.289,9744.191,9896.662,9585.325,9986.544,10108.31,10855.26,10164.1,9818.464,9362.38,9752.233,0,0,0,10441.79,10372.53,10656.03,10894.47,10818.03,11058.46,10855.08,10966.61,10755.2,10323.14,10527.18,0,9990.146,10236.41
XTRJ,24/07/2026,14084.07,14084.07,14084.07,14084.07,0,0,0,0,0,0,0,0,0,0,0,0,0,0,0,0,0,0,13446.01,13937.68,13835.38,13722.28,13711.62,0,13706.45,13546.86,13496.13,13435.75,13505.87,13265.77,13559.83,13972.32,13904.27,13464.68,13369.16,12989.52,13184.32,0,0,0,13206.88,13416.62,13615.69,13672.2,13686.66,14111.04,14163.04,14519.87,14391.25,14702.47,14201.09,0,14241.41,14084.07
XTRK,24/07/2026,14221.24,14221.24,14221.24,14221.24,0,0,0,0,0,0,0,0,0,0,0,0,0,0,0,0,0,0,13610.1,14104.64,13995.29,13885.26,13886.2,0,13882.2,13718.25,13659.96,13598.96,13654.37,13408.79,13711.71,14120.08,14072.44,13621.99,13505.87,13114.82,13305.1,0,0,0,13322.81,13529,13743.96,13797.61,13817.07,14262.22,14297.44,14650.23,14539.61,14853.83,14355.66,0,14383.79,14221.24
XTX,24/07/2026,2845.9,2845.9,2753.7,2763.4,58354140,4190.8,4190,4229.5,4261.4,4303.9,4303.3,4191.4,4219.2,4310.6,4231.4,4319.6,4262,4077.8,4137.9,3973.1,3796.1,3592.5,3496.6,3670.6,3551.3,3419.8,3383.8,3412,3406.8,3391.4,3369,3307.2,3126.2,2789.7,2633.1,2767.3,2850.2,2898.9,2732.7,2602.9,2553,2537.8,0,2899.1,2850,2815,2829.7,2782.8,2776.7,2839.6,3021.5,2942.2,3003.4,2888.9,3016.2,3030.7,2951.3,2763.4
XUJ,24/07/2026,9486.6,9618.5,9486.6,9562.4,6960433,9770.7,9676,9862.7,10008.5,10170.8,10077.1,9876.7,9932.7,10000.2,10026.6,9974.8,9976.9,9964.9,10142.9,10063.8,9938.3,10053.2,9675.5,9856.9,9880.2,9798.8,9610.3,9712.8,9617.8,9511.5,9221.7,9696,9718.7,9260.3,10129,10234.6,10122.3,10001.2,9733.3,10049.2,10387.2,10549.5,0,10457.7,10658.2,10499.6,10031.2,10167.1,9795.5,9643.1,9753.3,10031.8,9664.2,9897.9,9326.1,9400.8,9536.5,9562.4
XUK,24/07/2026,9462.839,9462.839,9462.839,9462.839,0,0,0,0,0,0,0,0,0,0,0,0,0,0,0,0,0,0,9574.796,9754.33,9777.41,9696.812,9510.229,0,9517.727,9412.479,9125.753,9595.068,9617.525,9163.878,10023.53,10128.08,10016.91,9897.066,9631.962,9944.579,10279.05,0,0,0,10547.3,10390.34,9926.78,10061.3,9693.512,9542.688,9651.773,9927.35,9563.629,9794.875,9229.066,0,9437.211,9462.839
XUTJ,24/07/2026,9562.364,9562.364,9562.364,9562.364,0,0,0,0,0,0,0,0,0,0,0,0,0,0,0,0,0,0,9675.498,9856.921,9880.244,9798.797,9610.253,0,9617.83,9511.474,9221.732,9695.983,9718.677,9260.259,10128.96,10234.61,10122.26,10001.16,9733.266,10049.17,10387.16,0,0,0,10658.23,10499.62,10031.18,10167.12,9795.463,9643.053,9753.285,10031.76,9664.214,9897.892,9326.132,0,9536.466,9562.364
XUTK,24/07/2026,9462.839,9462.839,9462.839,9462.839,0,0,0,0,0,0,0,0,0,0,0,0,0,0,0,0,0,0,9574.796,9754.33,9777.41,9696.812,9510.229,0,9517.727,9412.479,9125.753,9595.068,9617.525,9163.878,10023.53,10128.08,10016.91,9897.066,9631.962,9944.579,10279.05,0,0,0,10547.3,10390.34,9926.78,10061.3,9693.512,9542.688,9651.773,9927.35,9563.629,9794.875,9229.066,0,9437.211,9462.839
XVI,24/07/2026,10.9,12,10.9,11.7,0,11.5,11.3,10.6,10.8,10.9,10.2,10.9,10.5,11,10.9,10.6,10.7,13.8,11,11.3,11.5,13.1,15.3,11.4,10.2,9.7,9.2,0,9.6,10,10.2,10.3,11.2,13.9,13.6,11.8,11.3,15,17.1,17.4,16.2,0,0,12.9,12.9,12.4,13,12.7,12.6,11.9,12.9,13,11.7,11.7,11.2,0,11.6,11.7
XX20,24/07/2026,1.235,1.235,1.235,1.235,0,0,0,0,0,0,0,0,0,0,0,0,0,0,0,0,0,0,0,0,1.53,1.505,1.485,1.485,1.48,1.465,1.465,1.46,1.46,1.3,1.31,1.265,1.3,1.2925,1.25,1.14,1.15,1.135,0,1.135,1.26,1.22,1.22,1.22,1.22,1.21,1.255,1.255,1.275,1.255,1.25,1.305,1.27,1.235
XXJ,24/07/2026,10772.8,10875,10753.7,10868,89211460,10257.1,10406.5,10435.3,10533.6,10896.9,10839.3,10734,10777.3,10673.6,10551.9,10865.8,10834.9,10775.5,10837.6,10834,10842.7,10312.6,10018.5,10030.3,10066.6,10236.8,10280.9,10421.9,10413.1,10154.2,10350.5,10155.5,10225,10380.6,10942,11244.4,11106.1,10743.5,10703.4,10649.9,10568.1,10529.5,0,10985.6,10665,10631.8,10611.3,10152.4,10368.8,10246.7,10032.2,10137.3,10308.8,10306.8,10486.2,10692.5,10805.6,10868
XXK,24/07/2026,10859.52,10859.52,10859.52,10859.52,0,0,0,0,0,0,0,0,0,0,0,0,0,0,0,0,0,0,10031.19,10047.46,10081.61,10251.96,10296.34,0,10427.5,10172.04,10367.46,10173.89,10239.05,10387.2,10942.65,11243.32,11104.45,10739.33,10694.35,10639.08,10558.16,0,0,0,10655.58,10622.75,10607.36,10149.56,10361.64,10241.91,10027.4,10133.03,10308.96,10302.88,10484.04,0,10801.1,10859.52
XYZ,24/07/2026,109.7,110.68,108.51,108.66,97166,120.96,119.6,127.09,117.17,115,123,115.51,111.28,115.8,113.05,117.5,122.95,112.74,120.47,113.3,95.12,93.96,96.13,100.96,93.74,95.21,97.58,96.5,97.75,104.77,97.02,95.09,87.64,76.6,69.55,74,94.15,95.81,85.76,82.86,86.43,84.52,89.07,96.67,98.73,97.97,103.06,98.25,96.94,103.47,98.36,99.21,105.04,107.78,113.89,111.68,114.53,108.66
YAL,24/07/2026,6.29,6.35,6.02,6.05,1893375,6.5,6.23,6.66,6.4,5.43,5.44,5.48,5.26,5.44,5.41,5.27,5.25,5.55,5.39,5.57,5.66,5.64,5.22,5.44,5.74,5.28,5.01,4.94,5.01,5.22,5.39,5.68,5.78,5.98,6.07,6.1,5.86,6.33,8.06,8.31,8.36,8.27,7.22,6.73,7.18,7.68,6.66,6.71,6.55,6.77,6.97,6.55,5.99,5.53,5.56,5.44,5.36,6.05
YANK,24/07/2026,10.51,10.51,10.51,10.51,60,11.95,12.63,12.25,12.36,12.74,12.39,12.2,11.66,11.69,12.21,11.88,12.13,12.51,12.37,12.2,12.56,12.32,12.71,12.3,11.96,11.69,11.97,11.55,11.585,11.57,11.61,11.02,10.36,10.66,10.1,10.28,10,10.26,10.14,10.25,10.71,10.79,10.18,9.88,10,9.8,9.73,9.82,9.99,9.9,10.01,10.39,10.43,10.79,10.65,10.57,10.41,10.51
YAR,24/07/2026,0.006,0.006,0.006,0.006,100000,0.011,0.012,0.01,0.01,0.011,0.011,0.0115,0.012,0.01,0.009,0.011,0.012,0.01,0.013,0.01,0.012,0.01,0.01,0.01,0.009,0.01,0.01,0.01,0.01,0.009,0.01,0.009,0.009,0.009,0.009,0.009,0.009,0.009,0.009,0.009,0.0085,0.008,0.007,0.006,0.007,0.006,0.006,0.005,0.005,0.0055,0.005,0.006,0.006,0.006,0.006,0.0065,0.006,0.006
YMAX,24/07/2026,7.48,7.51,7.455,7.46,69155,7.7,7.76,7.82,7.86,7.95,7.89,7.84,7.83,7.73,7.73,7.69,7.67,7.69,7.75,7.68,7.61,7.45,7.26,7.36,7.44,7.49,7.44,7.57,7.42,7.34,7.47,7.39,7.49,7.47,7.67,7.75,7.8,7.56,7.48,7.39,7.41,7.43,7.7,7.65,7.51,7.42,7.45,7.32,7.4,7.41,7.31,7.42,7.42,7.38,7.4,7.42,7.49,7.46
YOJ,24/07/2026,0.26,0.26,0.235,0.245,105674,0.46,0.405,0.455,0.41,0.4,0.425,0.43,0.48,0.485,0.47,0.495,0.48,0.445,0.395,0.4,0.35,0.385,0.44,0.47,0.425,0.42,0.37,0.39,0.37,0.395,0.41,0.37,0.37,0.325,0.295,0.34,0.31,0.295,0.275,0.26,0.25,0.25,0.275,0.28,0.325,0.345,0.3,0.325,0.25,0.27,0.28,0.28,0.28,0.275,0.3,0.29,0.27,0.245
YOW,24/07/2026,0.014,0.014,0.014,0.014,0,0.014,0.014,0.014,0.014,0.014,0.014,0.014,0.014,0.014,0.014,0.014,0.014,0.014,0.014,0.014,0.014,0.014,0.014,0.014,0.014,0.014,0.014,0.014,0.014,0.014,0.014,0.014,0.014,0.014,0.014,0.014,0.014,0.014,0.014,0.014,0.014,0.014,0,0.014,0.014,0.014,0.014,0.014,0.014,0.014,0.014,0.014,0.014,0.014,0.014,0.014,0.014,0.014
YRL,24/07/2026,0.2,0.2,0.165,0.165,508442,0.16,0.12,0.155,0.145,0.14,0.18,0.175,0.17,0.16,0.32,0.34,0.385,0.38,0.325,0.3,0.27,0.31,0.3,0.27,0.25,0.26,0.23,0.23,0.245,0.265,0.25,0.26,0.25,0.22,0.215,0.22,0.23,0.235,0.21,0.2,0.2,0.205,0.21,0.22,0.21,0.235,0.225,0.205,0.21,0.2,0.2025,0.19,0.205,0.185,0.21,0.2,0.185,0.165
YUG,24/07/2026,0.048,0.048,0.048,0.048,0,0.034,0.031,0.041,0.05,0.047,0.05,0.048,0.042,0.05,0.042,0.055,0.054,0.056,0.044,0.047,0.049,0.053,0.047,0.052,0.064,0.055,0.051,0.055,0.065,0.065,0.064,0.055,0.052,0.045,0.048,0.05,0.042,0.039,0.046,0.053,0.05,0.049,0.062,0.096,0.081,0.077,0.08,0.084,0.09,0.1,0.097,0.08,0.08,0.05,0.056,0.056,0.047,0.048
YUGOB,24/07/2026,0.028,0.028,0.028,0.028,0,0,0,0,0,0.02,0.025,0.025,0.022,0.023,0.025,0.028,0.023,0.023,0.023,0.023,0.023,0.023,0.025,0.031,0.037,0.037,0.032,0,0.037,0.038,0.038,0.035,0.035,0.035,0.036,0.036,0.025,0.019,0.03,0.03,0.03,0,0,0.062,0.06,0.054,0.053,0.05,0.059,0.065,0.07,0.063,0.058,0.043,0.054,0,0.036,0.028
ZAG,24/07/2026,0.037,0.037,0.036,0.036,58030,0.02,0.019,0.023,0.022,0.022,0.024,0.026,0.025,0.027,0.027,0.024,0.023,0.021,0.031,0.036,0.031,0.03,0.045,0.045,0.045,0.042,0.044,0.046,0.045,0.043,0.049,0.052,0.052,0.044,0.045,0.041,0.042,0.042,0.042,0.036,0.032,0.035,0.037,0.035,0.033,0.033,0.034,0.033,0.032,0.032,0.034,0.034,0.033,0.033,0.034,0.035,0.037,0.036
ZEO,24/07/2026,0.079,0.079,0.075,0.0785,1239416,0.069,0.058,0.059,0.08,0.078,0.08,0.105,0.091,0.094,0.095,0.087,0.084,0.088,0.086,0.085,0.085,0.085,0.085,0.083,0.081,0.077,0.079,0.08,0.079,0.084,0.081,0.08,0.078,0.076,0.075,0.075,0.072,0.07,0.069,0.062,0.062,0.06,0.062,0.068,0.074,0.079,0.075,0.078,0.083,0.087,0.081,0.081,0.078,0.072,0.076,0.071,0.078,0.0785
ZEU,24/07/2026,0.0075,0.0075,0.0075,0.0075,10000,0.02,0.017,0.014,0.02,0.017,0.017,0.021,0.017,0.018,0.018,0.018,0.017,0.018,0.017,0.014,0.012,0.012,0.012,0.012,0.01,0.009,0.011,0.009,0.01,0.011,0.012,0.012,0.011,0.01,0.009,0.01,0.011,0.012,0.01,0.009,0.009,0.009,0.01,0.009,0.009,0.01,0.01,0.009,0.008,0.008,0.0075,0.008,0.006,0.006,0.007,0.007,0.007,0.0075
ZEUO,24/07/2026,0.001,0.001,0.001,0.001,0,0.007,0.006,0.005,0.006,0.006,0.005,0.007,0.005,0.007,0.007,0.006,0.006,0.006,0.006,0.006,0.005,0.005,0.004,0.004,0.003,0.004,0.004,0,0.003,0.004,0.005,0.004,0.005,0.004,0.004,0.004,0.004,0.005,0.005,0.005,0.003,0,0,0.004,0.004,0.004,0.004,0.004,0.003,0.002,0.002,0.002,0.003,0.002,0.002,0,0.002,0.001
ZGL,24/07/2026,0.12,0.12,0.12,0.12,0,0.15,0.145,0.15,0.15,0.15,0.16,0.145,0.15,0.145,0.15,0.145,0.13,0.135,0.135,0.14,0.145,0.145,0.145,0.135,0.145,0.15,0.155,0.17,0.16,0.145,0.15,0.145,0.15,0.16,0.14,0.16,0.13,0.125,0.115,0.11,0.115,0.105,0,0.1,0.105,0.105,0.097,0.11,0.115,0.115,0.115,0.125,0.125,0.125,0.14,0.12,0.12,0.12
ZILR,24/07/2026,4.42,4.42,4.42,4.42,0,0,0,0,0,0,0,0,0,0,0,0,0,0,0,0,0,0,0,0,0,0,0,0,0,0,0,0,0,0,0,0,4.63,4.8,4.8,4.75,4.66,4.62,0,4.62,4.84,4.65,4.75,4.86,5.01,5,5.11,4.82,4.87,4.78,4.78,4.52,4.52,4.42
ZIM,24/07/2026,13.17,13.4,13.1,13.27,5717,16.52,15.51,15.7,15.38,15.4,16,17,15.97,16.12,19.1,19.02,20.12,20.5,18.77,18.51,17.45,18.44,17,17.25,18.06,17.92,20.4,24.05,23,23.45,23,24.29,22.75,20.57,19.37,19.68,20.9,20.3,18.3,16.5,16.92,17.45,17.9,18.71,17.75,16.1,16.4,15.52,16.39,16.26,15.66,14.7,13.81,12.8,13.54,13.35,12.72,13.27
ZIP,24/07/2026,2.58,2.63,2.47,2.52,21658221,3.14,3.25,3.37,3.24,3.75,4.26,4.49,4.51,4.66,4.35,4.8,4.81,4.42,3.97,3.87,3.37,3.14,2.85,3.4,2.98,3.01,3.11,3.25,3.35,3.56,3.08,3.04,2.65,2.38,2.38,1.78,1.91,1.845,1.62,1.445,1.58,1.575,1.845,2.33,2.5,2.41,2.51,2.36,2.2,2.3,2.38,2.66,2.92,2.88,3.23,3.13,2.98,2.52
ZLD,24/07/2026,0.5,0.5,0.5,0.5,0,0.41,0.41,0.41,0.41,0.415,0.45,0.36,0.41,0.42,0.37,0.38,0.35,0.35,0.355,0.35,0.33,0.34,0.35,0.37,0.34,0.34,0.39,0.415,0.39,0.355,0.85,0.725,0.65,0.62,0.61,0.52,0.5,0.5,0.5,0.5,0.5,0.5,0,0.5,0.5,0.5,0.5,0.5,0.5,0.5,0.5,0.5,0.5,0.5,0.5,0.5,0.5,0.5
ZMI,24/07/2026,0.016,0.016,0.016,0.016,73470,0.008,0.008,0.008,0.008,0.0075,0.009,0.009,0.008,0.009,0.008,0.009,0.01,0.009,0.01,0.009,0.01,0.01,0.01,0.009,0.01,0.01,0.01,0.01,0.01,0.01,0.013,0.015,0.013,0.014,0.013,0.014,0.013,0.014,0.019,0.016,0.016,0.018,0.02,0.019,0.018,0.018,0.018,0.017,0.016,0.018,0.016,0.014,0.015,0.015,0.016,0.015,0.015,0.016
ZMM,24/07/2026,0.004,0.004,0.004,0.004,0,0.01,0.011,0.011,0.012,0.012,0.012,0.018,0.017,0.009,0.01,0.009,0.009,0.009,0.009,0.008,0.007,0.007,0.007,0.007,0.007,0.006,0.007,0.006,0.007,0.007,0.007,0.007,0.007,0.006,0.0055,0.006,0.006,0.005,0.005,0.0055,0.005,0.005,0,0.005,0.005,0.005,0.005,0.005,0.005,0.005,0.005,0.004,0.003,0.003,0.004,0.004,0.004,0.004
ZNC,24/07/2026,0.1,0.1,0.092,0.092,301940,0.03,0.031,0.043,0.05,0.06,0.06,0.06,0.125,0.11,0.13,0.15,0.115,0.105,0.095,0.093,0.086,0.085,0.088,0.115,0.093,0.088,0.098,0.092,0.087,0.088,0.086,0.086,0.093,0.085,0.085,0.093,0.085,0.081,0.083,0.07,0.069,0.065,0.082,0.081,0.066,0.061,0.075,0.07,0.073,0.08,0.09,0.105,0.1,0.095,0.095,0.088,0.091,0.092
ZNCOA,24/07/2026,0.021,0.022,0.018,0.019,1203494,0,0,0,0,0,0,0,0,0,0,0,0,0,0,0,0.028,0.03,0.03,0.04,0.032,0.027,0.024,0,0.022,0.022,0.02,0.019,0.023,0.02,0.02,0.026,0.03,0.025,0.025,0.019,0.015,0,0,0.018,0.018,0.018,0.018,0.024,0.024,0.024,0.024,0.023,0.026,0.024,0.025,0,0.016,0.019
ZNO,24/07/2026,0.054,0.054,0.054,0.054,0,0.033,0.032,0.035,0.035,0.035,0.034,0.032,0.035,0.032,0.032,0.033,0.034,0.05,0.045,0.047,0.063,0.093,0.073,0.075,0.079,0.081,0.081,0.075,0.074,0.069,0.072,0.072,0.073,0.07,0.07,0.067,0.059,0.058,0.051,0.053,0.049,0.062,0.066,0.077,0.069,0.068,0.064,0.068,0.071,0.074,0.07,0.065,0.06,0.052,0.054,0.055,0.054,0.054
ZYAU,24/07/2026,10.31,10.33,10.27,10.28,4679,9.22,9.23,9.3,9.58,9.81,9.84,9.79,9.73,9.58,9.64,9.68,9.67,9.69,9.8,9.79,9.8,9.81,9.53,9.59,9.71,9.79,9.69,9.82,9.72,9.63,9.8,9.72,9.91,9.86,10.18,10.45,10.58,10.37,10.3,10.22,10.28,10.26,10.56,10.44,10.29,10.3,10.29,10.38,10.4,10.38,10.23,10.49,10.3,10.23,10.11,10.14,10.22,10.28
ZYUS,24/07/2026,14.9,14.93,14.89,14.9,2015,14.86,14.74,14.68,14.93,15.23,15.04,15.09,14.85,14.83,14.91,14.9,14.7,14.79,14.93,14.29,14.51,14.74,14.73,14.81,14.47,14.46,14.59,14.26,14.235,14.38,14.69,14.33,14.08,14.69,14.64,14.77,14.65,14.72,14.11,13.94,14.31,14.27,14.05,13.83,13.87,13.98,13.79,13.82,14.1,13.98,14.02,14.55,14.34,15.02,14.81,14.67,15.17,14.9
